[2026-08-28 08:46:26.063809] Debug log started (frozen=True)
[DEBUG] Starting Dungeon Warriors (IME disabled)...
[Audio] 110 sounds
[Audio] loaded, enabled=True
[DEBUG] Game initialized, starting loop...
[DEBUG] Event: AudioDeviceAdded scene=menu
[DEBUG] Event: AudioDeviceAdded scene=menu
[DEBUG] Event: WindowShown scene=menu
[DEBUG] Event: ActiveEvent scene=menu
[DEBUG] Event: WindowFocusGained scene=menu
[DEBUG] Event: VideoExpose scene=menu
[DEBUG] Event: WindowExposed scene=menu
[DEBUG] Event: ActiveEvent scene=menu
[DEBUG] Event: WindowEnter scene=menu
[DEBUG] Event: MouseMotion scene=menu
[DEBUG] Event: MouseMotion scene=menu
[DEBUG] Event: MouseMotion scene=menu
[DEBUG] Event: MouseMotion scene=menu
[DEBUG] Event: MouseMotion scene=menu
[DEBUG] Event: MouseMotion scene=menu
[DEBUG] Event: MouseMotion scene=menu
[DEBUG] Event: MouseMotion scene=menu
[DEBUG] Event: MouseMotion scene=menu
[DEBUG] Event: MouseMotion scene=menu
[DEBUG] Event: MouseMotion scene=menu
[DEBUG] Event: MouseMotion scene=menu
[DEBUG] Event: MouseMotion scene=menu
[DEBUG] Event: MouseMotion scene=menu
[DEBUG] Event: MouseMotion scene=menu
[DEBUG] Event: MouseMotion scene=menu
[DEBUG] Event: MouseMotion scene=menu
[DEBUG] Event: MouseMotion scene=menu
[DEBUG] Event: MouseMotion scene=menu
[DEBUG] Event: MouseMotion scene=menu
[DEBUG] Event: MouseMotion scene=menu
[DEBUG] Event: MouseMotion scene=menu
[DEBUG] Event: MouseMotion scene=menu
[DEBUG] Event: MouseMotion scene=menu
[DEBUG] Event: MouseMotion scene=menu
[DEBUG] Event: MouseMotion scene=menu
[DEBUG] Event: MouseMotion scene=menu
[DEBUG] Event: MouseMotion scene=menu
[DEBUG] Event: MouseMotion scene=menu
[DEBUG] Event: MouseMotion scene=menu
[DEBUG] Event: MouseMotion scene=menu
[DEBUG] Event: MouseMotion scene=menu
[DEBUG] Event: MouseMotion scene=menu
[DEBUG] Event: MouseMotion scene=menu
[DEBUG] Event: MouseMotion scene=menu
[DEBUG] Event: MouseMotion scene=menu
[DEBUG] Event: MouseMotion scene=menu
[DEBUG] Event: MouseMotion scene=menu
[DEBUG] frame=60 scene=menu fps=61
[DEBUG] Event: MouseMotion scene=menu
[DEBUG] Event: MouseMotion scene=menu
[DEBUG] Event: MouseMotion scene=menu
[DEBUG] Event: MouseMotion scene=menu
[DEBUG] Event: MouseMotion scene=menu
[DEBUG] Event: MouseMotion scene=menu
[DEBUG] Event: MouseMotion scene=menu
[DEBUG] frame=120 scene=menu fps=61
[DEBUG] Event: MouseButtonDown scene=menu
[DEBUG] Event: MouseButtonUp scene=combat
[DEBUG] frame=180 scene=combat fps=61
[DEBUG] Event: MouseMotion scene=combat
[DEBUG] Event: MouseMotion scene=combat
[DEBUG] Event: MouseMotion scene=combat
[DEBUG] Event: MouseMotion scene=combat
[DEBUG] Event: MouseMotion scene=combat
[DEBUG] Event: MouseMotion scene=combat
[DEBUG] Event: MouseMotion scene=combat
[DEBUG] Event: MouseMotion scene=combat
[DEBUG] Event: MouseMotion scene=combat
[DEBUG] frame=240 scene=combat fps=60
[DEBUG] Event: MouseMotion scene=combat
[DEBUG] Event: MouseMotion scene=combat
[DEBUG] Event: MouseMotion scene=combat
[DEBUG] Event: MouseMotion scene=combat
[DEBUG] Event: MouseMotion scene=combat
[DEBUG] Event: MouseMotion scene=combat
[DEBUG] Event: MouseMotion scene=combat
[DEBUG] Event: MouseMotion scene=combat
[DEBUG] Event: MouseMotion scene=combat
[DEBUG] Event: MouseMotion scene=combat
[DEBUG] frame=300 scene=combat fps=61
[DEBUG] Event: MouseMotion scene=combat
[DEBUG] Event: MouseMotion scene=combat
[DEBUG] Event: MouseMotion scene=combat
[DEBUG] Event: MouseMotion scene=combat
[DEBUG] Event: MouseMotion scene=combat
[DEBUG] Event: MouseMotion scene=combat
[DEBUG] Event: KeyDown scene=combat
[DEBUG] frame=360 scene=combat fps=60
[DEBUG] Event: MouseMotion scene=combat
[DEBUG] Event: MouseMotion scene=combat
[DEBUG] Event: MouseMotion scene=combat
[DEBUG] Event: KeyDown scene=combat
[DEBUG] Event: MouseMotion scene=combat
[DEBUG] Event: MouseMotion scene=combat
[DEBUG] Event: KeyUp scene=combat
[DEBUG] Event: MouseMotion scene=combat
[DEBUG] Event: KeyUp scene=combat
[DEBUG] Event: MouseMotion scene=combat
[DEBUG] Event: MouseMotion scene=combat
[DEBUG] Event: MouseMotion scene=combat
[DEBUG] Event: MouseMotion scene=combat
[DEBUG] Event: MouseMotion scene=combat
[DEBUG] Event: MouseMotion scene=combat
[DEBUG] Event: MouseMotion scene=combat
[DEBUG] Event: MouseMotion scene=combat
[DEBUG] Event: MouseMotion scene=combat
[DEBUG] Event: MouseMotion scene=combat
[DEBUG] Event: KeyDown scene=combat
[DEBUG] Event: MouseMotion scene=combat
[DEBUG] Event: MouseMotion scene=combat
[DEBUG] frame=420 scene=combat fps=60
[DEBUG] Event: KeyUp scene=combat
[DEBUG] Event: KeyDown scene=combat
[DEBUG] Event: MouseMotion scene=combat
[DEBUG] Event: MouseMotion scene=combat
[DEBUG] Event: KeyUp scene=combat
[DEBUG] Event: MouseMotion scene=combat
[DEBUG] Event: MouseMotion scene=combat
[DEBUG] Event: MouseMotion scene=combat
[DEBUG] Event: MouseMotion scene=combat
[DEBUG] Event: MouseMotion scene=combat
[DEBUG] Event: MouseMotion scene=combat
[DEBUG] Event: MouseMotion scene=combat
[DEBUG] Event: KeyDown scene=combat
[DEBUG] Event: MouseMotion scene=combat
[DEBUG] Event: MouseMotion scene=combat
[DEBUG] Event: MouseMotion scene=combat
[DEBUG] Event: MouseMotion scene=combat
[DEBUG] Event: MouseMotion scene=combat
[DEBUG] Event: MouseMotion scene=combat
[DEBUG] Event: MouseMotion scene=combat
[DEBUG] Event: MouseMotion scene=combat
[DEBUG] Event: KeyUp scene=combat
[DEBUG] Event: MouseMotion scene=combat
[DEBUG] Event: KeyDown scene=combat
[DEBUG] Event: MouseMotion scene=combat
[DEBUG] frame=480 scene=combat fps=60
[DEBUG] Event: KeyDown scene=combat
[DEBUG] Event: KeyUp scene=combat
[DEBUG] Event: KeyDown scene=combat
[DEBUG] Event: MouseMotion scene=combat
[DEBUG] Event: MouseMotion scene=combat
[DEBUG] Event: KeyUp scene=combat
[DEBUG] Event: MouseMotion scene=combat
[DEBUG] Event: KeyUp scene=combat
[DEBUG] Event: MouseMotion scene=combat
[DEBUG] Event: MouseMotion scene=combat
[DEBUG] Event: MouseMotion scene=combat
[DEBUG] Event: MouseMotion scene=combat
[DEBUG] Event: MouseMotion scene=combat
[DEBUG] Event: MouseMotion scene=combat
[DEBUG] Event: MouseMotion scene=combat
[DEBUG] Event: MouseMotion scene=combat
[DEBUG] Event: MouseMotion scene=combat
[DEBUG] Event: MouseMotion scene=combat
[DEBUG] Event: KeyDown scene=combat
[DEBUG] Event: MouseMotion scene=combat
[DEBUG] Event: MouseMotion scene=combat
[DEBUG] Event: MouseMotion scene=combat
[DEBUG] Event: MouseMotion scene=combat
[DEBUG] Event: MouseMotion scene=combat
[DEBUG] Event: MouseMotion scene=combat
[DEBUG] Event: MouseMotion scene=combat
[DEBUG] Event: MouseMotion scene=combat
[DEBUG] Event: MouseMotion scene=combat
[DEBUG] Event: MouseMotion scene=combat
[DEBUG] Event: MouseMotion scene=combat
[DEBUG] Event: MouseMotion scene=combat
[DEBUG] Event: MouseMotion scene=combat
[DEBUG] Event: MouseMotion scene=combat
[DEBUG] Event: MouseMotion scene=combat
[DEBUG] Event: MouseMotion scene=combat
[DEBUG] Event: KeyDown scene=combat
[DEBUG] Event: KeyUp scene=combat
[DEBUG] Event: KeyUp scene=combat
[DEBUG] frame=540 scene=combat fps=60
[DEBUG] Event: KeyDown scene=combat
[DEBUG] Event: MouseMotion scene=combat
[DEBUG] Event: MouseMotion scene=combat
[DEBUG] Event: MouseMotion scene=combat
[DEBUG] Event: MouseMotion scene=combat
[DEBUG] Event: MouseMotion scene=combat
[DEBUG] Event: KeyUp scene=combat
[DEBUG] Event: MouseMotion scene=combat
[DEBUG] Event: KeyDown scene=combat
[DEBUG] Event: MouseMotion scene=combat
[DEBUG] Event: MouseMotion scene=combat
[DEBUG] Event: MouseMotion scene=combat
[DEBUG] Event: MouseMotion scene=combat
[DEBUG] Event: MouseMotion scene=combat
[DEBUG] Event: MouseMotion scene=combat
[DEBUG] Event: MouseMotion scene=combat
[DEBUG] Event: MouseMotion scene=combat
[DEBUG] Event: KeyDown scene=combat
[DEBUG] Event: MouseMotion scene=combat
[DEBUG] Event: MouseMotion scene=combat
[DEBUG] Event: MouseMotion scene=combat
[DEBUG] Event: MouseMotion scene=combat
[DEBUG] Event: MouseMotion scene=combat
[DEBUG] Event: MouseMotion scene=combat
[DEBUG] Event: MouseMotion scene=combat
[DEBUG] Event: MouseMotion scene=combat
[DEBUG] Event: MouseMotion scene=combat
[DEBUG] Event: MouseMotion scene=combat
[DEBUG] Event: KeyUp scene=combat
[DEBUG] Event: MouseMotion scene=combat
[DEBUG] Event: MouseMotion scene=combat
[DEBUG] Event: MouseMotion scene=combat
[DEBUG] Event: MouseMotion scene=combat
[DEBUG] Event: MouseMotion scene=combat
[DEBUG] Event: MouseMotion scene=combat
[DEBUG] Event: KeyUp scene=combat
[DEBUG] Event: MouseMotion scene=combat
[DEBUG] Event: KeyDown scene=combat
[DEBUG] Event: MouseMotion scene=combat
[DEBUG] Event: MouseMotion scene=combat
[DEBUG] Event: MouseMotion scene=combat
[DEBUG] Event: MouseMotion scene=combat
[DEBUG] Event: MouseMotion scene=combat
[DEBUG] Event: MouseMotion scene=combat
[DEBUG] Event: MouseMotion scene=combat
[DEBUG] Event: MouseMotion scene=combat
[DEBUG] Event: MouseMotion scene=combat
[DEBUG] Event: MouseMotion scene=combat
[DEBUG] Event: MouseMotion scene=combat
[DEBUG] Event: MouseMotion scene=combat
[DEBUG] Event: MouseMotion scene=combat
[DEBUG] Event: MouseMotion scene=combat
[DEBUG] Event: MouseMotion scene=combat
[DEBUG] frame=600 scene=combat fps=60
[DEBUG] Event: MouseMotion scene=combat
[DEBUG] Event: MouseMotion scene=combat
[DEBUG] Event: MouseMotion scene=combat
[DEBUG] Event: MouseMotion scene=combat
[DEBUG] Event: MouseMotion scene=combat
[DEBUG] Event: MouseMotion scene=combat
[DEBUG] Event: MouseMotion scene=combat
[DEBUG] Event: KeyDown scene=combat
[DEBUG] Event: MouseMotion scene=combat
[DEBUG] Event: MouseMotion scene=combat
[DEBUG] Event: MouseMotion scene=combat
[DEBUG] Event: MouseMotion scene=combat
[DEBUG] Event: KeyUp scene=combat
[DEBUG] Event: MouseMotion scene=combat
[DEBUG] Event: MouseMotion scene=combat
[DEBUG] Event: MouseMotion scene=combat
[DEBUG] Event: KeyDown scene=combat
[DEBUG] Event: KeyUp scene=combat
[DEBUG] Event: MouseMotion scene=combat
[DEBUG] Event: MouseMotion scene=combat
[DEBUG] Event: MouseMotion scene=combat
[DEBUG] Event: MouseMotion scene=combat
[DEBUG] Event: MouseMotion scene=combat
[DEBUG] Event: MouseMotion scene=combat
[DEBUG] Event: MouseMotion scene=combat
[DEBUG] Event: MouseMotion scene=combat
[DEBUG] Event: MouseMotion scene=combat
[DEBUG] Event: MouseMotion scene=combat
[DEBUG] Event: MouseMotion scene=combat
[DEBUG] Event: MouseMotion scene=combat
[DEBUG] Event: MouseMotion scene=combat
[DEBUG] Event: MouseMotion scene=combat
[DEBUG] Event: MouseMotion scene=combat
[DEBUG] Event: MouseMotion scene=combat
[DEBUG] Event: MouseMotion scene=combat
[DEBUG] Event: MouseMotion scene=combat
[DEBUG] Event: MouseMotion scene=combat
[DEBUG] Event: MouseMotion scene=combat
[DEBUG] Event: MouseMotion scene=combat
[DEBUG] Event: MouseMotion scene=combat
[DEBUG] Event: MouseMotion scene=combat
[DEBUG] Event: MouseMotion scene=combat
[DEBUG] Event: MouseMotion scene=combat
[DEBUG] Event: MouseMotion scene=combat
[DEBUG] Event: MouseMotion scene=combat
[DEBUG] Event: MouseMotion scene=combat
[DEBUG] Event: MouseMotion scene=combat
[DEBUG] frame=660 scene=combat fps=61
[DEBUG] Event: MouseMotion scene=combat
[DEBUG] Event: MouseMotion scene=combat
[DEBUG] Event: MouseMotion scene=combat
[DEBUG] Event: MouseButtonDown scene=combat
[DEBUG] Event: MouseMotion scene=combat
[DEBUG] Event: MouseMotion scene=combat
[DEBUG] Event: MouseMotion scene=combat
[DEBUG] Event: MouseButtonUp scene=combat
[DEBUG] Event: MouseMotion scene=combat
[DEBUG] Event: MouseMotion scene=combat
[DEBUG] Event: MouseMotion scene=combat
[DEBUG] Event: MouseMotion scene=combat
[DEBUG] Event: MouseMotion scene=combat
[DEBUG] Event: MouseMotion scene=combat
[DEBUG] Event: MouseMotion scene=combat
[DEBUG] Event: MouseMotion scene=combat
[DEBUG] Event: MouseMotion scene=combat
[DEBUG] Event: MouseMotion scene=combat
[DEBUG] Event: MouseMotion scene=combat
[DEBUG] Event: MouseMotion scene=combat
[DEBUG] Event: MouseMotion scene=combat
[DEBUG] Event: MouseMotion scene=combat
[DEBUG] Event: MouseMotion scene=combat
[DEBUG] Event: MouseMotion scene=combat
[DEBUG] Event: MouseMotion scene=combat
[DEBUG] Event: MouseMotion scene=combat
[DEBUG] Event: MouseMotion scene=combat
[DEBUG] Event: MouseMotion scene=combat
[DEBUG] Event: MouseMotion scene=combat
[DEBUG] Event: MouseMotion scene=combat
[DEBUG] Event: MouseMotion scene=combat
[DEBUG] Event: MouseMotion scene=combat
[DEBUG] Event: MouseMotion scene=combat
[DEBUG] Event: MouseMotion scene=combat
[DEBUG] Event: MouseMotion scene=combat
[DEBUG] Event: MouseMotion scene=combat
[DEBUG] Event: MouseMotion scene=combat
[DEBUG] Event: MouseMotion scene=combat
[DEBUG] Event: MouseMotion scene=combat
[DEBUG] Event: MouseMotion scene=combat
[DEBUG] Event: MouseMotion scene=combat
[DEBUG] Event: MouseMotion scene=combat
[DEBUG] Event: MouseMotion scene=combat
[DEBUG] Event: MouseMotion scene=combat
[DEBUG] Event: MouseMotion scene=combat
[DEBUG] Event: MouseMotion scene=combat
[DEBUG] Event: MouseMotion scene=combat
[DEBUG] Event: MouseMotion scene=combat
[DEBUG] Event: MouseMotion scene=combat
[DEBUG] Event: KeyDown scene=combat
[DEBUG] Event: MouseMotion scene=combat
[DEBUG] Event: MouseMotion scene=combat
[DEBUG] Event: MouseMotion scene=combat
[DEBUG] Event: MouseMotion scene=combat
[DEBUG] frame=720 scene=combat fps=61
[DEBUG] Event: MouseMotion scene=combat
[DEBUG] Event: MouseMotion scene=combat
[DEBUG] Event: MouseMotion scene=combat
[DEBUG] Event: MouseButtonDown scene=combat
[DEBUG] Event: KeyUp scene=combat
[DEBUG] Event: MouseButtonUp scene=combat
[DEBUG] Event: MouseMotion scene=combat
[DEBUG] Event: MouseMotion scene=combat
[DEBUG] Event: KeyDown scene=combat
[DEBUG] Event: MouseMotion scene=combat
[DEBUG] Event: MouseMotion scene=combat
[DEBUG] Event: MouseMotion scene=combat
[DEBUG] Event: MouseMotion scene=combat
[DEBUG] Event: MouseMotion scene=combat
[DEBUG] Event: MouseMotion scene=combat
[DEBUG] Event: MouseMotion scene=combat
[DEBUG] Event: MouseMotion scene=combat
[DEBUG] Event: MouseMotion scene=combat
[DEBUG] Event: MouseMotion scene=combat
[DEBUG] Event: MouseMotion scene=combat
[DEBUG] Event: MouseMotion scene=combat
[DEBUG] Event: MouseMotion scene=combat
[DEBUG] Event: MouseMotion scene=combat
[DEBUG] Event: MouseMotion scene=combat
[DEBUG] Event: MouseMotion scene=combat
[DEBUG] Event: MouseMotion scene=combat
[DEBUG] Event: MouseMotion scene=combat
[DEBUG] Event: KeyDown scene=combat
[DEBUG] Event: MouseMotion scene=combat
[DEBUG] Event: MouseMotion scene=combat
[DEBUG] Event: KeyUp scene=combat
[DEBUG] Event: MouseMotion scene=combat
[DEBUG] Event: MouseMotion scene=combat
[DEBUG] Event: MouseMotion scene=combat
[DEBUG] Event: MouseMotion scene=combat
[DEBUG] Event: MouseMotion scene=combat
[DEBUG] Event: MouseMotion scene=combat
[DEBUG] Event: MouseMotion scene=combat
[DEBUG] frame=780 scene=combat fps=61
[DEBUG] Event: MouseMotion scene=combat
[DEBUG] Event: MouseMotion scene=combat
[DEBUG] Event: MouseMotion scene=combat
[DEBUG] Event: MouseMotion scene=combat
[DEBUG] Event: ActiveEvent scene=combat
[DEBUG] Event: WindowLeave scene=combat
[DEBUG] Event: KeyDown scene=combat
[DEBUG] Event: KeyUp scene=combat
[DEBUG] Event: ActiveEvent scene=combat
[DEBUG] Event: WindowEnter scene=combat
[DEBUG] Event: MouseMotion scene=combat
[DEBUG] Event: MouseMotion scene=combat
[DEBUG] Event: MouseMotion scene=combat
[DEBUG] Event: MouseMotion scene=combat
[DEBUG] Event: MouseMotion scene=combat
[DEBUG] Event: MouseMotion scene=combat
[DEBUG] Event: MouseMotion scene=combat
[DEBUG] Event: KeyUp scene=combat
[DEBUG] Event: MouseMotion scene=combat
[DEBUG] Event: MouseMotion scene=combat
[DEBUG] Event: MouseButtonDown scene=combat
[DEBUG] Event: MouseMotion scene=combat
[DEBUG] Event: MouseMotion scene=combat
[DEBUG] Event: MouseMotion scene=combat
[DEBUG] Event: MouseMotion scene=combat
[DEBUG] Event: MouseMotion scene=combat
[DEBUG] Event: MouseButtonUp scene=combat
[DEBUG] Event: MouseMotion scene=combat
[DEBUG] Event: MouseMotion scene=combat
[DEBUG] Event: MouseMotion scene=combat
[DEBUG] Event: KeyDown scene=combat
[DEBUG] Event: MouseMotion scene=combat
[DEBUG] Event: MouseMotion scene=combat
[DEBUG] Event: MouseMotion scene=combat
[DEBUG] Event: MouseMotion scene=combat
[DEBUG] Event: MouseMotion scene=combat
[DEBUG] Event: MouseMotion scene=combat
[DEBUG] Event: MouseButtonDown scene=combat
[DEBUG] Event: MouseMotion scene=combat
[DEBUG] Event: MouseMotion scene=combat
[DEBUG] Event: KeyUp scene=combat
[DEBUG] Event: KeyUp scene=combat
[DEBUG] Event: MouseMotion scene=combat
[DEBUG] Event: MouseButtonUp scene=combat
[DEBUG] Event: MouseMotion scene=combat
[DEBUG] Event: MouseMotion scene=combat
[DEBUG] Event: MouseMotion scene=combat
[DEBUG] Event: MouseMotion scene=combat
[DEBUG] Event: MouseMotion scene=combat
[DEBUG] Event: MouseMotion scene=combat
[DEBUG] Event: MouseButtonDown scene=combat
[DEBUG] Event: MouseMotion scene=combat
[DEBUG] Event: KeyDown scene=combat
[DEBUG] Event: MouseMotion scene=combat
[DEBUG] Event: MouseMotion scene=combat
[DEBUG] Event: MouseMotion scene=combat
[DEBUG] Event: MouseMotion scene=combat
[DEBUG] Event: MouseButtonUp scene=combat
[DEBUG] frame=840 scene=combat fps=61
[DEBUG] Event: MouseMotion scene=combat
[DEBUG] Event: MouseMotion scene=combat
[DEBUG] Event: MouseMotion scene=combat
[DEBUG] Event: MouseMotion scene=combat
[DEBUG] Event: MouseMotion scene=combat
[DEBUG] Event: MouseMotion scene=combat
[DEBUG] Event: MouseMotion scene=combat
[DEBUG] Event: KeyDown scene=combat
[DEBUG] Event: MouseMotion scene=combat
[DEBUG] Event: MouseMotion scene=combat
[DEBUG] Event: MouseMotion scene=combat
[DEBUG] Event: MouseMotion scene=combat
[DEBUG] Event: KeyUp scene=combat
[DEBUG] Event: MouseButtonDown scene=combat
[DEBUG] Event: MouseMotion scene=combat
[DEBUG] Event: MouseMotion scene=combat
[DEBUG] Event: MouseButtonUp scene=combat
[DEBUG] Event: MouseMotion scene=combat
[DEBUG] Event: MouseMotion scene=combat
[DEBUG] Event: MouseMotion scene=combat
[DEBUG] Event: MouseMotion scene=combat
[DEBUG] Event: MouseMotion scene=combat
[DEBUG] Event: MouseMotion scene=combat
[DEBUG] Event: MouseMotion scene=combat
[DEBUG] Event: MouseButtonDown scene=combat
[DEBUG] Event: MouseButtonUp scene=combat
[DEBUG] Event: MouseMotion scene=combat
[DEBUG] Event: MouseMotion scene=combat
[DEBUG] Event: MouseMotion scene=combat
[DEBUG] Event: MouseMotion scene=combat
[DEBUG] Event: MouseMotion scene=combat
[DEBUG] Event: MouseMotion scene=combat
[DEBUG] Event: MouseMotion scene=combat
[DEBUG] Event: MouseMotion scene=combat
[DEBUG] Event: MouseMotion scene=combat
[DEBUG] Event: MouseMotion scene=combat
[DEBUG] Event: MouseMotion scene=combat
[DEBUG] Event: MouseMotion scene=combat
[DEBUG] Event: MouseMotion scene=combat
[DEBUG] Event: MouseMotion scene=combat
[DEBUG] Event: MouseMotion scene=combat
[DEBUG] Event: MouseMotion scene=combat
[DEBUG] Event: MouseMotion scene=combat
[DEBUG] Event: MouseMotion scene=combat
[DEBUG] Event: MouseButtonDown scene=combat
[DEBUG] frame=900 scene=combat fps=61
[DEBUG] Event: MouseMotion scene=combat
[DEBUG] Event: KeyDown scene=combat
[DEBUG] Event: KeyUp scene=combat
[DEBUG] Event: MouseButtonUp scene=combat
[DEBUG] Event: MouseMotion scene=combat
[DEBUG] Event: KeyDown scene=combat
[DEBUG] Event: MouseMotion scene=combat
[DEBUG] Event: MouseMotion scene=combat
[DEBUG] Event: MouseMotion scene=combat
[DEBUG] Event: MouseMotion scene=combat
[DEBUG] Event: MouseMotion scene=combat
[DEBUG] Event: MouseMotion scene=combat
[DEBUG] Event: MouseMotion scene=combat
[DEBUG] Event: MouseMotion scene=combat
[DEBUG] Event: MouseMotion scene=combat
[DEBUG] Event: MouseMotion scene=combat
[DEBUG] Event: MouseMotion scene=combat
[DEBUG] Event: MouseMotion scene=combat
[DEBUG] Event: MouseMotion scene=combat
[DEBUG] Event: MouseMotion scene=combat
[DEBUG] Event: MouseMotion scene=combat
[DEBUG] Event: MouseMotion scene=combat
[DEBUG] Event: MouseMotion scene=combat
[DEBUG] Event: MouseMotion scene=combat
[DEBUG] Event: MouseMotion scene=combat
[DEBUG] Event: MouseMotion scene=combat
[DEBUG] Event: MouseMotion scene=combat
[DEBUG] Event: MouseMotion scene=combat
[DEBUG] Event: MouseMotion scene=combat
[DEBUG] Event: MouseMotion scene=combat
[DEBUG] Event: MouseMotion scene=combat
[DEBUG] Event: MouseMotion scene=combat
[DEBUG] Event: MouseMotion scene=combat
[DEBUG] Event: MouseMotion scene=combat
[DEBUG] Event: KeyUp scene=combat
[DEBUG] Event: MouseMotion scene=combat
[DEBUG] Event: MouseMotion scene=combat
[DEBUG] Event: MouseMotion scene=combat
[DEBUG] Event: MouseMotion scene=combat
[DEBUG] Event: MouseMotion scene=combat
[DEBUG] Event: MouseMotion scene=combat
[DEBUG] Event: MouseMotion scene=combat
[DEBUG] Event: MouseMotion scene=combat
[DEBUG] Event: MouseMotion scene=combat
[DEBUG] Event: MouseMotion scene=combat
[DEBUG] Event: MouseMotion scene=combat
[DEBUG] frame=960 scene=combat fps=60
[DEBUG] Event: MouseMotion scene=combat
[DEBUG] Event: MouseButtonDown scene=combat
[DEBUG] Event: MouseButtonUp scene=combat
[DEBUG] Event: MouseMotion scene=combat
[DEBUG] Event: MouseMotion scene=combat
[DEBUG] Event: MouseMotion scene=combat
[DEBUG] Event: KeyDown scene=combat
[DEBUG] Event: MouseMotion scene=combat
[DEBUG] Event: MouseMotion scene=combat
[DEBUG] Event: MouseMotion scene=combat
[DEBUG] Event: MouseMotion scene=combat
[DEBUG] Event: MouseMotion scene=combat
[DEBUG] Event: MouseMotion scene=combat
[DEBUG] Event: MouseMotion scene=combat
[DEBUG] Event: MouseMotion scene=combat
[DEBUG] Event: MouseMotion scene=combat
[DEBUG] Event: KeyUp scene=combat
[DEBUG] Event: MouseMotion scene=combat
[DEBUG] Event: MouseMotion scene=combat
[DEBUG] Event: MouseMotion scene=combat
[DEBUG] Event: MouseMotion scene=combat
[DEBUG] Event: MouseMotion scene=combat
[DEBUG] Event: MouseMotion scene=combat
[DEBUG] Event: MouseMotion scene=combat
[DEBUG] Event: MouseMotion scene=combat
[DEBUG] Event: MouseMotion scene=combat
[DEBUG] Event: MouseMotion scene=combat
[DEBUG] Event: MouseMotion scene=combat
[DEBUG] Event: MouseMotion scene=combat
[DEBUG] frame=1020 scene=combat fps=60
[DEBUG] Event: MouseMotion scene=combat
[DEBUG] Event: MouseMotion scene=combat
[DEBUG] Event: MouseButtonDown scene=combat
[DEBUG] Event: KeyDown scene=combat
[DEBUG] Event: MouseButtonUp scene=combat
[DEBUG] Event: KeyUp scene=combat
[DEBUG] Event: MouseMotion scene=combat
[DEBUG] Event: MouseMotion scene=combat
[DEBUG] Event: MouseMotion scene=combat
[DEBUG] Event: MouseMotion scene=combat
[DEBUG] Event: MouseMotion scene=combat
[DEBUG] Event: MouseMotion scene=combat
[DEBUG] Event: MouseMotion scene=combat
[DEBUG] Event: MouseMotion scene=combat
[DEBUG] Event: MouseMotion scene=combat
[DEBUG] Event: MouseMotion scene=combat
[DEBUG] Event: MouseMotion scene=combat
[DEBUG] Event: KeyDown scene=combat
[DEBUG] Event: MouseMotion scene=combat
[DEBUG] Event: MouseMotion scene=combat
[DEBUG] Event: MouseMotion scene=combat
[DEBUG] Event: MouseMotion scene=combat
[DEBUG] Event: MouseButtonDown scene=combat
[DEBUG] Event: MouseMotion scene=combat
[DEBUG] Event: MouseButtonUp scene=combat
[DEBUG] Event: KeyUp scene=combat
[DEBUG] Event: MouseMotion scene=combat
[DEBUG] Event: MouseMotion scene=combat
[DEBUG] Event: MouseMotion scene=combat
[DEBUG] Event: MouseMotion scene=combat
[DEBUG] Event: MouseMotion scene=combat
[DEBUG] Event: MouseMotion scene=combat
[DEBUG] frame=1080 scene=combat fps=60
[DEBUG] Event: KeyDown scene=combat
[DEBUG] Event: MouseMotion scene=combat
[DEBUG] Event: MouseMotion scene=combat
[DEBUG] Event: MouseMotion scene=combat
[DEBUG] Event: MouseMotion scene=combat
[DEBUG] Event: KeyUp scene=combat
[DEBUG] Event: KeyDown scene=combat
[DEBUG] Event: MouseMotion scene=combat
[DEBUG] Event: MouseMotion scene=combat
[DEBUG] Event: MouseMotion scene=combat
[DEBUG] Event: MouseMotion scene=combat
[DEBUG] Event: MouseMotion scene=combat
[DEBUG] Event: KeyDown scene=combat
[DEBUG] Event: KeyUp scene=combat
[DEBUG] Event: MouseMotion scene=combat
[DEBUG] Event: MouseMotion scene=combat
[DEBUG] Event: MouseMotion scene=combat
[DEBUG] Event: MouseMotion scene=combat
[DEBUG] Event: MouseMotion scene=combat
[DEBUG] Event: KeyUp scene=combat
[DEBUG] Event: MouseMotion scene=combat
[DEBUG] Event: MouseMotion scene=combat
[DEBUG] Event: MouseMotion scene=combat
[DEBUG] Event: MouseMotion scene=combat
[DEBUG] Event: MouseMotion scene=combat
[DEBUG] Event: MouseMotion scene=combat
[DEBUG] Event: MouseMotion scene=combat
[DEBUG] Event: MouseMotion scene=combat
[DEBUG] Event: MouseMotion scene=combat
[DEBUG] Event: MouseMotion scene=combat
[DEBUG] frame=1140 scene=combat fps=60
[DEBUG] Event: MouseMotion scene=combat
[DEBUG] Event: MouseMotion scene=combat
[DEBUG] Event: MouseMotion scene=combat
[DEBUG] Event: MouseMotion scene=combat
[DEBUG] Event: MouseMotion scene=combat
[DEBUG] Event: MouseButtonDown scene=combat
[DEBUG] Event: MouseMotion scene=combat
[DEBUG] Event: MouseMotion scene=combat
[DEBUG] Event: MouseMotion scene=combat
[DEBUG] Event: KeyDown scene=combat
[DEBUG] Event: MouseButtonUp scene=combat
[DEBUG] Event: MouseMotion scene=combat
[DEBUG] Event: MouseMotion scene=combat
[DEBUG] Event: MouseMotion scene=combat
[DEBUG] frame=1200 scene=combat fps=59
[DEBUG] Event: MouseMotion scene=combat
[DEBUG] Event: MouseMotion scene=combat
[DEBUG] Event: MouseMotion scene=combat
[DEBUG] Event: MouseMotion scene=combat
[DEBUG] Event: MouseMotion scene=combat
[DEBUG] Event: MouseMotion scene=combat
[DEBUG] Event: MouseMotion scene=combat
[DEBUG] Event: MouseMotion scene=combat
[DEBUG] Event: MouseMotion scene=combat
[DEBUG] Event: MouseMotion scene=combat
[DEBUG] Event: MouseMotion scene=combat
[DEBUG] Event: MouseMotion scene=combat
[DEBUG] Event: MouseMotion scene=combat
[DEBUG] Event: MouseMotion scene=combat
[DEBUG] Event: MouseMotion scene=combat
[DEBUG] Event: MouseMotion scene=combat
[DEBUG] Event: MouseMotion scene=combat
[DEBUG] Event: MouseMotion scene=combat
[DEBUG] Event: MouseMotion scene=combat
[DEBUG] Event: MouseMotion scene=combat
[DEBUG] Event: MouseMotion scene=combat
[DEBUG] Event: MouseMotion scene=combat
[DEBUG] Event: MouseMotion scene=combat
[DEBUG] Event: MouseMotion scene=combat
[DEBUG] Event: MouseMotion scene=combat
[DEBUG] Event: MouseMotion scene=combat
[DEBUG] Event: MouseMotion scene=combat
[DEBUG] Event: MouseMotion scene=combat
[DEBUG] Event: MouseMotion scene=combat
[DEBUG] Event: MouseMotion scene=combat
[DEBUG] Event: KeyUp scene=combat
[DEBUG] Event: MouseMotion scene=combat
[DEBUG] Event: MouseMotion scene=combat
[DEBUG] Event: MouseMotion scene=combat
[DEBUG] Event: MouseMotion scene=combat
[DEBUG] Event: MouseMotion scene=combat
[DEBUG] Event: MouseMotion scene=combat
[DEBUG] Event: MouseMotion scene=combat
[DEBUG] Event: MouseMotion scene=combat
[DEBUG] Event: MouseMotion scene=combat
[DEBUG] Event: MouseMotion scene=combat
[DEBUG] Event: MouseMotion scene=combat
[DEBUG] Event: MouseMotion scene=combat
[DEBUG] Event: MouseMotion scene=combat
[DEBUG] Event: MouseMotion scene=combat
[DEBUG] Event: MouseMotion scene=combat
[DEBUG] Event: MouseMotion scene=combat
[DEBUG] Event: MouseMotion scene=combat
[DEBUG] Event: MouseMotion scene=combat
[DEBUG] Event: MouseMotion scene=combat
[DEBUG] Event: MouseMotion scene=combat
[DEBUG] Event: MouseMotion scene=combat
[DEBUG] Event: MouseButtonDown scene=combat
[DEBUG] Event: MouseMotion scene=combat
[DEBUG] Event: MouseButtonUp scene=combat
[DEBUG] Event: MouseMotion scene=combat
[DEBUG] Event: MouseMotion scene=combat
[DEBUG] Event: MouseMotion scene=combat
[DEBUG] Event: MouseMotion scene=combat
[DEBUG] Event: MouseMotion scene=combat
[DEBUG] frame=1260 scene=combat fps=61
[DEBUG] Event: MouseMotion scene=combat
[DEBUG] Event: MouseMotion scene=combat
[DEBUG] Event: MouseMotion scene=combat
[DEBUG] Event: MouseMotion scene=combat
[DEBUG] Event: MouseMotion scene=combat
[DEBUG] Event: MouseMotion scene=combat
[DEBUG] Event: MouseMotion scene=combat
[DEBUG] Event: MouseMotion scene=combat
[DEBUG] Event: MouseMotion scene=combat
[DEBUG] Event: MouseMotion scene=combat
[DEBUG] Event: MouseMotion scene=combat
[DEBUG] Event: MouseMotion scene=combat
[DEBUG] Event: MouseMotion scene=combat
[DEBUG] Event: MouseMotion scene=combat
[DEBUG] Event: MouseMotion scene=combat
[DEBUG] Event: MouseMotion scene=combat
[DEBUG] Event: MouseMotion scene=combat
[DEBUG] Event: MouseMotion scene=combat
[DEBUG] Event: MouseMotion scene=combat
[DEBUG] Event: MouseMotion scene=combat
[DEBUG] Event: MouseMotion scene=combat
[DEBUG] Event: MouseMotion scene=combat
[DEBUG] Event: MouseMotion scene=combat
[DEBUG] Event: MouseMotion scene=combat
[DEBUG] Event: MouseMotion scene=combat
[DEBUG] Event: MouseMotion scene=combat
[DEBUG] Event: MouseMotion scene=combat
[DEBUG] Event: MouseMotion scene=combat
[DEBUG] Event: MouseMotion scene=combat
[DEBUG] Event: MouseMotion scene=combat
[DEBUG] Event: MouseMotion scene=combat
[DEBUG] Event: MouseMotion scene=combat
[DEBUG] Event: MouseMotion scene=combat
[DEBUG] Event: MouseMotion scene=combat
[DEBUG] Event: MouseMotion scene=combat
[DEBUG] Event: MouseMotion scene=combat
[DEBUG] Event: MouseMotion scene=combat
[DEBUG] Event: MouseMotion scene=combat
[DEBUG] Event: MouseMotion scene=combat
[DEBUG] Event: MouseMotion scene=combat
[DEBUG] Event: MouseMotion scene=combat
[DEBUG] Event: KeyDown scene=combat
[DEBUG] Event: MouseMotion scene=combat
[DEBUG] Event: KeyUp scene=combat
[DEBUG] Event: MouseButtonDown scene=combat
[DEBUG] frame=1320 scene=combat fps=60
[DEBUG] Event: MouseButtonUp scene=combat
[DEBUG] Event: MouseMotion scene=combat
[DEBUG] Event: MouseMotion scene=combat
[DEBUG] Event: MouseMotion scene=combat
[DEBUG] Event: MouseMotion scene=combat
[DEBUG] Event: MouseMotion scene=combat
[DEBUG] Event: MouseMotion scene=combat
[DEBUG] Event: MouseMotion scene=combat
[DEBUG] Event: MouseMotion scene=combat
[DEBUG] Event: MouseMotion scene=combat
[DEBUG] Event: MouseMotion scene=combat
[DEBUG] Event: MouseMotion scene=combat
[DEBUG] Event: KeyDown scene=combat
[DEBUG] Event: MouseMotion scene=combat
[DEBUG] Event: MouseMotion scene=combat
[DEBUG] Event: MouseMotion scene=combat
[DEBUG] Event: MouseMotion scene=combat
[DEBUG] Event: MouseMotion scene=combat
[DEBUG] Event: MouseMotion scene=combat
[DEBUG] Event: MouseMotion scene=combat
[DEBUG] Event: MouseMotion scene=combat
[DEBUG] Event: MouseMotion scene=combat
[DEBUG] Event: MouseMotion scene=combat
[DEBUG] Event: MouseMotion scene=combat
[DEBUG] Event: MouseMotion scene=combat
[DEBUG] Event: MouseMotion scene=combat
[DEBUG] Event: MouseMotion scene=combat
[DEBUG] Event: MouseMotion scene=combat
[DEBUG] Event: MouseMotion scene=combat
[DEBUG] Event: KeyUp scene=combat
[DEBUG] Event: MouseMotion scene=combat
[DEBUG] Event: MouseMotion scene=combat
[DEBUG] Event: MouseMotion scene=combat
[DEBUG] Event: MouseMotion scene=combat
[DEBUG] Event: MouseMotion scene=combat
[DEBUG] Event: MouseMotion scene=combat
[DEBUG] Event: MouseMotion scene=combat
[DEBUG] Event: MouseMotion scene=combat
[DEBUG] Event: MouseMotion scene=combat
[DEBUG] Event: MouseMotion scene=combat
[DEBUG] Event: MouseMotion scene=combat
[DEBUG] Event: MouseMotion scene=combat
[DEBUG] Event: MouseMotion scene=combat
[DEBUG] frame=1380 scene=combat fps=60
[DEBUG] Event: MouseMotion scene=combat
[DEBUG] Event: MouseMotion scene=combat
[DEBUG] Event: MouseMotion scene=combat
[DEBUG] Event: MouseMotion scene=combat
[DEBUG] Event: MouseMotion scene=combat
[DEBUG] Event: MouseMotion scene=combat
[DEBUG] Event: MouseMotion scene=combat
[DEBUG] Event: MouseMotion scene=combat
[DEBUG] Event: MouseMotion scene=combat
[DEBUG] Event: MouseMotion scene=combat
[DEBUG] Event: MouseMotion scene=combat
[DEBUG] Event: MouseButtonDown scene=combat
[DEBUG] Event: MouseMotion scene=combat
[DEBUG] Event: MouseMotion scene=combat
[DEBUG] Event: MouseMotion scene=combat
[DEBUG] Event: MouseButtonUp scene=combat
[DEBUG] Event: MouseMotion scene=combat
[DEBUG] Event: MouseMotion scene=combat
[DEBUG] Event: MouseMotion scene=combat
[DEBUG] Event: MouseMotion scene=combat
[DEBUG] Event: MouseMotion scene=combat
[DEBUG] Event: MouseMotion scene=combat
[DEBUG] Event: MouseMotion scene=combat
[DEBUG] Event: MouseMotion scene=combat
[DEBUG] Event: MouseMotion scene=combat
[DEBUG] Event: MouseMotion scene=combat
[DEBUG] Event: MouseMotion scene=combat
[DEBUG] Event: MouseMotion scene=combat
[DEBUG] Event: MouseMotion scene=combat
[DEBUG] Event: MouseMotion scene=combat
[DEBUG] Event: MouseMotion scene=combat
[DEBUG] Event: MouseMotion scene=combat
[DEBUG] Event: MouseMotion scene=combat
[DEBUG] Event: MouseMotion scene=combat
[DEBUG] Event: MouseMotion scene=combat
[DEBUG] Event: MouseMotion scene=combat
[DEBUG] Event: MouseMotion scene=combat
[DEBUG] Event: MouseMotion scene=combat
[DEBUG] Event: MouseMotion scene=combat
[DEBUG] Event: MouseMotion scene=combat
[DEBUG] Event: MouseMotion scene=combat
[DEBUG] Event: MouseMotion scene=combat
[DEBUG] Event: MouseMotion scene=combat
[DEBUG] Event: MouseMotion scene=combat
[DEBUG] Event: MouseMotion scene=combat
[DEBUG] frame=1440 scene=combat fps=60
[DEBUG] Event: MouseMotion scene=combat
[DEBUG] Event: MouseMotion scene=combat
[DEBUG] Event: MouseMotion scene=combat
[DEBUG] Event: MouseMotion scene=combat
[DEBUG] Event: MouseMotion scene=combat
[DEBUG] Event: MouseMotion scene=combat
[DEBUG] Event: MouseMotion scene=combat
[DEBUG] Event: MouseMotion scene=combat
[DEBUG] Event: MouseMotion scene=combat
[DEBUG] Event: MouseMotion scene=combat
[DEBUG] Event: KeyDown scene=combat
[DEBUG] Event: MouseMotion scene=combat
[DEBUG] Event: MouseMotion scene=combat
[DEBUG] Event: MouseMotion scene=combat
[DEBUG] Event: MouseMotion scene=combat
[DEBUG] Event: MouseMotion scene=combat
[DEBUG] Event: MouseButtonDown scene=combat
[DEBUG] Event: MouseMotion scene=combat
[DEBUG] Event: MouseMotion scene=combat
[DEBUG] Event: MouseMotion scene=combat
[DEBUG] Event: MouseMotion scene=combat
[DEBUG] Event: MouseMotion scene=combat
[DEBUG] Event: MouseMotion scene=combat
[DEBUG] Event: MouseMotion scene=combat
[DEBUG] Event: MouseMotion scene=combat
[DEBUG] Event: MouseMotion scene=combat
[DEBUG] Event: MouseMotion scene=combat
[DEBUG] Event: MouseButtonUp scene=combat
[DEBUG] Event: MouseMotion scene=combat
[DEBUG] Event: MouseMotion scene=combat
[DEBUG] Event: MouseMotion scene=combat
[DEBUG] Event: MouseMotion scene=combat
[DEBUG] Event: MouseMotion scene=combat
[DEBUG] Event: MouseMotion scene=combat
[DEBUG] Event: MouseMotion scene=combat
[DEBUG] Event: KeyUp scene=combat
[DEBUG] Event: MouseMotion scene=combat
[DEBUG] Event: MouseMotion scene=combat
[DEBUG] Event: MouseMotion scene=combat
[DEBUG] Event: MouseMotion scene=combat
[DEBUG] Event: MouseMotion scene=combat
[DEBUG] frame=1500 scene=combat fps=60
[DEBUG] Event: MouseMotion scene=combat
[DEBUG] Event: MouseMotion scene=combat
[DEBUG] Event: MouseMotion scene=combat
[DEBUG] Event: MouseMotion scene=combat
[DEBUG] Event: MouseMotion scene=combat
[DEBUG] Event: MouseMotion scene=combat
[DEBUG] Event: MouseMotion scene=combat
[DEBUG] Event: MouseMotion scene=combat
[DEBUG] Event: MouseMotion scene=combat
[DEBUG] Event: KeyDown scene=combat
[DEBUG] Event: MouseButtonDown scene=combat
[DEBUG] Event: MouseMotion scene=combat
[DEBUG] Event: KeyUp scene=combat
[DEBUG] Event: KeyDown scene=combat
[DEBUG] Event: KeyUp scene=combat
[DEBUG] Event: MouseButtonUp scene=combat
[DEBUG] Event: MouseButtonDown scene=combat
[DEBUG] Event: MouseMotion scene=combat
[DEBUG] Event: MouseMotion scene=combat
[DEBUG] Event: MouseMotion scene=combat
[DEBUG] Event: MouseMotion scene=combat
[DEBUG] Event: MouseButtonUp scene=combat
[DEBUG] Event: MouseMotion scene=combat
[DEBUG] frame=1560 scene=combat fps=60
[DEBUG] Event: KeyUp scene=combat
[DEBUG] Event: KeyDown scene=combat
[DEBUG] Event: MouseMotion scene=combat
[DEBUG] Event: MouseMotion scene=combat
[DEBUG] Event: MouseMotion scene=combat
[DEBUG] Event: MouseMotion scene=combat
[DEBUG] Event: MouseMotion scene=combat
[DEBUG] Event: MouseMotion scene=combat
[DEBUG] Event: KeyDown scene=combat
[DEBUG] Event: MouseMotion scene=combat
[DEBUG] Event: MouseMotion scene=combat
[DEBUG] Event: MouseMotion scene=combat
[DEBUG] Event: MouseMotion scene=combat
[DEBUG] Event: MouseMotion scene=combat
[DEBUG] Event: MouseMotion scene=combat
[DEBUG] Event: MouseMotion scene=combat
[DEBUG] Event: KeyUp scene=combat
[DEBUG] Event: MouseMotion scene=combat
[DEBUG] Event: MouseMotion scene=combat
[DEBUG] Event: MouseMotion scene=combat
[DEBUG] Event: MouseMotion scene=combat
[DEBUG] Event: MouseMotion scene=combat
[DEBUG] Event: MouseMotion scene=combat
[DEBUG] Event: MouseMotion scene=combat
[DEBUG] Event: MouseMotion scene=combat
[DEBUG] Event: MouseMotion scene=combat
[DEBUG] Event: KeyDown scene=combat
[DEBUG] Event: KeyUp scene=combat
[DEBUG] Event: MouseButtonDown scene=combat
[DEBUG] Event: MouseMotion scene=combat
[DEBUG] Event: MouseMotion scene=combat
[DEBUG] Event: MouseMotion scene=combat
[DEBUG] Event: MouseMotion scene=combat
[DEBUG] Event: MouseMotion scene=combat
[DEBUG] Event: MouseMotion scene=combat
[DEBUG] Event: MouseMotion scene=combat
[DEBUG] Event: MouseButtonUp scene=combat
[DEBUG] Event: MouseMotion scene=combat
[DEBUG] Event: MouseButtonDown scene=combat
[DEBUG] frame=1620 scene=combat fps=61
[DEBUG] Event: KeyUp scene=combat
[DEBUG] Event: MouseMotion scene=combat
[DEBUG] Event: MouseMotion scene=combat
[DEBUG] Event: MouseMotion scene=combat
[DEBUG] Event: MouseMotion scene=combat
[DEBUG] Event: MouseMotion scene=combat
[DEBUG] Event: MouseButtonUp scene=combat
[DEBUG] Event: KeyDown scene=combat
[DEBUG] Event: MouseMotion scene=combat
[DEBUG] Event: MouseMotion scene=combat
[DEBUG] Event: MouseMotion scene=combat
[DEBUG] Event: MouseMotion scene=combat
[DEBUG] Event: MouseMotion scene=combat
[DEBUG] Event: MouseMotion scene=combat
[DEBUG] Event: MouseMotion scene=combat
[DEBUG] Event: MouseMotion scene=combat
[DEBUG] Event: MouseMotion scene=combat
[DEBUG] Event: MouseMotion scene=combat
[DEBUG] Event: MouseMotion scene=combat
[DEBUG] Event: MouseMotion scene=combat
[DEBUG] Event: MouseMotion scene=combat
[DEBUG] Event: MouseMotion scene=combat
[DEBUG] Event: MouseMotion scene=combat
[DEBUG] Event: MouseMotion scene=combat
[DEBUG] Event: KeyUp scene=combat
[DEBUG] Event: MouseMotion scene=combat
[DEBUG] Event: MouseMotion scene=combat
[DEBUG] Event: MouseMotion scene=combat
[DEBUG] Event: MouseMotion scene=combat
[DEBUG] Event: MouseMotion scene=combat
[DEBUG] Event: MouseMotion scene=combat
[DEBUG] Event: MouseMotion scene=combat
[DEBUG] Event: MouseMotion scene=combat
[DEBUG] Event: MouseMotion scene=combat
[DEBUG] Event: MouseButtonDown scene=combat
[DEBUG] Event: MouseMotion scene=combat
[DEBUG] Event: MouseMotion scene=combat
[DEBUG] Event: MouseMotion scene=combat
[DEBUG] Event: MouseMotion scene=combat
[DEBUG] frame=1680 scene=combat fps=60
[DEBUG] Event: MouseMotion scene=combat
[DEBUG] Event: MouseMotion scene=combat
[DEBUG] Event: MouseMotion scene=combat
[DEBUG] Event: MouseMotion scene=combat
[DEBUG] Event: MouseMotion scene=combat
[DEBUG] Event: MouseMotion scene=combat
[DEBUG] Event: MouseMotion scene=combat
[DEBUG] Event: MouseMotion scene=combat
[DEBUG] Event: MouseMotion scene=combat
[DEBUG] Event: MouseMotion scene=combat
[DEBUG] Event: MouseMotion scene=combat
[DEBUG] Event: MouseMotion scene=combat
[DEBUG] Event: MouseMotion scene=combat
[DEBUG] Event: MouseMotion scene=combat
[DEBUG] Event: KeyDown scene=combat
[DEBUG] Event: MouseMotion scene=combat
[DEBUG] Event: MouseButtonUp scene=combat
[DEBUG] Event: MouseMotion scene=combat
[DEBUG] Event: MouseMotion scene=combat
[DEBUG] Event: KeyDown scene=combat
[DEBUG] Event: MouseMotion scene=combat
[DEBUG] Event: MouseMotion scene=combat
[DEBUG] Event: MouseMotion scene=combat
[DEBUG] Event: MouseMotion scene=combat
[DEBUG] Event: MouseMotion scene=combat
[DEBUG] Event: MouseMotion scene=combat
[DEBUG] Event: MouseMotion scene=combat
[DEBUG] Event: KeyUp scene=combat
[DEBUG] Event: MouseMotion scene=combat
[DEBUG] Event: MouseMotion scene=combat
[DEBUG] Event: MouseMotion scene=combat
[DEBUG] Event: MouseMotion scene=combat
[DEBUG] Event: MouseMotion scene=combat
[DEBUG] Event: MouseMotion scene=combat
[DEBUG] Event: MouseMotion scene=combat
[DEBUG] Event: MouseMotion scene=combat
[DEBUG] Event: MouseMotion scene=combat
[DEBUG] Event: MouseMotion scene=combat
[DEBUG] Event: MouseMotion scene=combat
[DEBUG] Event: KeyDown scene=combat
[DEBUG] Event: MouseMotion scene=combat
[DEBUG] Event: MouseMotion scene=combat
[DEBUG] Event: MouseMotion scene=combat
[DEBUG] Event: MouseMotion scene=combat
[DEBUG] Event: MouseMotion scene=combat
[DEBUG] Event: MouseMotion scene=combat
[DEBUG] Event: MouseMotion scene=combat
[DEBUG] Event: MouseMotion scene=combat
[DEBUG] Event: MouseMotion scene=combat
[DEBUG] Event: KeyUp scene=combat
[DEBUG] Event: MouseMotion scene=combat
[DEBUG] Event: MouseMotion scene=combat
[DEBUG] Event: MouseMotion scene=combat
[DEBUG] Event: KeyDown scene=combat
[DEBUG] Event: MouseMotion scene=combat
[DEBUG] Event: MouseMotion scene=combat
[DEBUG] Event: MouseMotion scene=combat
[DEBUG] Event: MouseMotion scene=combat
[DEBUG] Event: MouseMotion scene=combat
[DEBUG] frame=1740 scene=combat fps=61
[DEBUG] Event: MouseMotion scene=combat
[DEBUG] Event: KeyUp scene=combat
[DEBUG] Event: MouseMotion scene=combat
[DEBUG] Event: MouseMotion scene=combat
[DEBUG] Event: MouseMotion scene=combat
[DEBUG] Event: MouseMotion scene=combat
[DEBUG] Event: MouseMotion scene=combat
[DEBUG] Event: MouseMotion scene=combat
[DEBUG] Event: MouseMotion scene=combat
[DEBUG] Event: MouseMotion scene=combat
[DEBUG] Event: MouseMotion scene=combat
[DEBUG] Event: KeyUp scene=combat
[DEBUG] Event: MouseMotion scene=combat
[DEBUG] Event: MouseMotion scene=combat
[DEBUG] Event: MouseMotion scene=combat
[DEBUG] Event: MouseMotion scene=combat
[DEBUG] Event: MouseMotion scene=combat
[DEBUG] Event: MouseMotion scene=combat
[DEBUG] Event: MouseMotion scene=combat
[DEBUG] Event: MouseMotion scene=combat
[DEBUG] Event: MouseMotion scene=combat
[DEBUG] Event: MouseMotion scene=combat
[DEBUG] Event: MouseButtonDown scene=combat
[DEBUG] Event: MouseMotion scene=combat
[DEBUG] Event: MouseButtonUp scene=combat
[DEBUG] Event: KeyDown scene=combat
[DEBUG] Event: KeyDown scene=combat
[DEBUG] Event: KeyUp scene=combat
[DEBUG] frame=1800 scene=combat fps=61
[DEBUG] Event: KeyDown scene=combat
[DEBUG] Event: MouseMotion scene=combat
[DEBUG] Event: MouseMotion scene=combat
[DEBUG] Event: KeyUp scene=combat
[DEBUG] Event: MouseMotion scene=combat
[DEBUG] Event: MouseMotion scene=combat
[DEBUG] Event: MouseMotion scene=combat
[DEBUG] Event: MouseMotion scene=combat
[DEBUG] Event: MouseMotion scene=combat
[DEBUG] Event: MouseMotion scene=combat
[DEBUG] Event: MouseMotion scene=combat
[DEBUG] Event: KeyDown scene=combat
[DEBUG] Event: MouseMotion scene=combat
[DEBUG] Event: KeyUp scene=combat
[DEBUG] Event: MouseMotion scene=combat
[DEBUG] Event: MouseMotion scene=combat
[DEBUG] Event: MouseMotion scene=combat
[DEBUG] Event: MouseMotion scene=combat
[DEBUG] Event: MouseMotion scene=combat
[DEBUG] Event: MouseMotion scene=combat
[DEBUG] Event: MouseMotion scene=combat
[DEBUG] Event: MouseMotion scene=combat
[DEBUG] Event: MouseMotion scene=combat
[DEBUG] Event: MouseMotion scene=combat
[DEBUG] Event: MouseMotion scene=combat
[DEBUG] Event: MouseMotion scene=combat
[DEBUG] Event: MouseMotion scene=combat
[DEBUG] Event: MouseButtonDown scene=combat
[DEBUG] Event: MouseMotion scene=combat
[DEBUG] Event: MouseMotion scene=combat
[DEBUG] Event: MouseMotion scene=combat
[DEBUG] Event: MouseMotion scene=combat
[DEBUG] Event: MouseMotion scene=combat
[DEBUG] Event: MouseMotion scene=combat
[DEBUG] Event: MouseMotion scene=combat
[DEBUG] Event: MouseMotion scene=combat
[DEBUG] Event: MouseMotion scene=combat
[DEBUG] frame=1860 scene=combat fps=59
[DEBUG] Event: MouseButtonUp scene=combat
[DEBUG] Event: MouseMotion scene=combat
[DEBUG] Event: MouseMotion scene=combat
[DEBUG] Event: MouseMotion scene=combat
[DEBUG] Event: MouseMotion scene=combat
[DEBUG] Event: MouseMotion scene=combat
[DEBUG] Event: MouseMotion scene=combat
[DEBUG] Event: MouseMotion scene=combat
[DEBUG] Event: MouseMotion scene=combat
[DEBUG] Event: MouseMotion scene=combat
[DEBUG] Event: MouseMotion scene=combat
[DEBUG] Event: MouseMotion scene=combat
[DEBUG] Event: MouseMotion scene=combat
[DEBUG] Event: MouseMotion scene=combat
[DEBUG] Event: MouseMotion scene=combat
[DEBUG] Event: MouseMotion scene=combat
[DEBUG] Event: MouseMotion scene=combat
[DEBUG] Event: MouseButtonDown scene=combat
[DEBUG] Event: MouseMotion scene=combat
[DEBUG] Event: MouseMotion scene=combat
[DEBUG] Event: MouseMotion scene=combat
[DEBUG] Event: MouseMotion scene=combat
[DEBUG] Event: KeyUp scene=combat
[DEBUG] Event: KeyDown scene=combat
[DEBUG] Event: MouseMotion scene=combat
[DEBUG] Event: MouseMotion scene=combat
[DEBUG] frame=1920 scene=combat fps=61
[DEBUG] Event: MouseMotion scene=combat
[DEBUG] Event: MouseButtonUp scene=combat
[DEBUG] Event: MouseMotion scene=combat
[DEBUG] Event: MouseMotion scene=combat
[DEBUG] Event: MouseMotion scene=combat
[DEBUG] Event: MouseMotion scene=combat
[DEBUG] Event: MouseMotion scene=combat
[DEBUG] Event: MouseMotion scene=combat
[DEBUG] Event: MouseMotion scene=combat
[DEBUG] Event: MouseMotion scene=combat
[DEBUG] Event: MouseMotion scene=combat
[DEBUG] Event: MouseMotion scene=combat
[DEBUG] Event: MouseMotion scene=combat
[DEBUG] Event: MouseMotion scene=combat
[DEBUG] Event: MouseMotion scene=combat
[DEBUG] Event: MouseMotion scene=combat
[DEBUG] Event: MouseMotion scene=combat
[DEBUG] Event: MouseMotion scene=combat
[DEBUG] Event: MouseMotion scene=combat
[DEBUG] Event: MouseMotion scene=combat
[DEBUG] Event: MouseMotion scene=combat
[DEBUG] Event: MouseMotion scene=combat
[DEBUG] Event: MouseMotion scene=combat
[DEBUG] Event: MouseMotion scene=combat
[DEBUG] Event: MouseMotion scene=combat
[DEBUG] Event: MouseMotion scene=combat
[DEBUG] Event: MouseMotion scene=combat
[DEBUG] Event: MouseMotion scene=combat
[DEBUG] Event: MouseMotion scene=combat
[DEBUG] Event: MouseMotion scene=combat
[DEBUG] Event: MouseMotion scene=combat
[DEBUG] frame=1980 scene=combat fps=60
[DEBUG] Event: MouseMotion scene=combat
[DEBUG] Event: MouseMotion scene=combat
[DEBUG] Event: MouseMotion scene=combat
[DEBUG] Event: MouseMotion scene=combat
[DEBUG] Event: MouseMotion scene=combat
[DEBUG] Event: MouseButtonDown scene=combat
[DEBUG] Event: MouseMotion scene=combat
[DEBUG] Event: MouseMotion scene=combat
[DEBUG] Event: MouseMotion scene=combat
[DEBUG] Event: MouseMotion scene=combat
[DEBUG] Event: MouseMotion scene=combat
[DEBUG] Event: MouseMotion scene=combat
[DEBUG] Event: MouseMotion scene=combat
[DEBUG] Event: MouseMotion scene=combat
[DEBUG] Event: KeyDown scene=combat
[DEBUG] Event: MouseButtonUp scene=combat
[DEBUG] Event: MouseMotion scene=combat
[DEBUG] Event: KeyUp scene=combat
[DEBUG] Event: MouseMotion scene=combat
[DEBUG] Event: MouseMotion scene=combat
[DEBUG] Event: MouseMotion scene=combat
[DEBUG] Event: MouseMotion scene=combat
[DEBUG] Event: MouseMotion scene=combat
[DEBUG] Event: MouseMotion scene=combat
[DEBUG] Event: MouseMotion scene=combat
[DEBUG] Event: KeyDown scene=combat
[DEBUG] Event: MouseMotion scene=combat
[DEBUG] Event: MouseMotion scene=combat
[DEBUG] Event: MouseMotion scene=combat
[DEBUG] Event: MouseMotion scene=combat
[DEBUG] Event: MouseMotion scene=combat
[DEBUG] frame=2040 scene=combat fps=59
[DEBUG] Event: MouseMotion scene=combat
[DEBUG] Event: MouseMotion scene=combat
[DEBUG] Event: MouseMotion scene=combat
[DEBUG] Event: MouseMotion scene=combat
[DEBUG] Event: MouseMotion scene=combat
[DEBUG] Event: KeyUp scene=combat
[DEBUG] Event: MouseMotion scene=combat
[DEBUG] Event: MouseMotion scene=combat
[DEBUG] Event: MouseMotion scene=combat
[DEBUG] Event: MouseMotion scene=combat
[DEBUG] Event: MouseMotion scene=combat
[DEBUG] Event: MouseMotion scene=combat
[DEBUG] Event: MouseMotion scene=combat
[DEBUG] Event: MouseMotion scene=combat
[DEBUG] Event: MouseMotion scene=combat
[DEBUG] Event: MouseMotion scene=combat
[DEBUG] Event: MouseMotion scene=combat
[DEBUG] Event: MouseMotion scene=combat
[DEBUG] Event: MouseMotion scene=combat
[DEBUG] Event: MouseButtonDown scene=combat
[DEBUG] Event: MouseMotion scene=combat
[DEBUG] Event: MouseMotion scene=combat
[DEBUG] Event: MouseMotion scene=combat
[DEBUG] Event: MouseMotion scene=combat
[DEBUG] Event: MouseButtonUp scene=combat
[DEBUG] Event: MouseMotion scene=combat
[DEBUG] Event: MouseMotion scene=combat
[DEBUG] Event: MouseMotion scene=combat
[DEBUG] Event: MouseMotion scene=combat
[DEBUG] Event: MouseMotion scene=combat
[DEBUG] Event: MouseMotion scene=combat
[DEBUG] Event: MouseMotion scene=combat
[DEBUG] Event: MouseMotion scene=combat
[DEBUG] Event: MouseMotion scene=combat
[DEBUG] Event: MouseMotion scene=combat
[DEBUG] Event: MouseMotion scene=combat
[DEBUG] Event: MouseMotion scene=combat
[DEBUG] Event: MouseMotion scene=combat
[DEBUG] Event: MouseMotion scene=combat
[DEBUG] Event: MouseMotion scene=combat
[DEBUG] Event: MouseMotion scene=combat
[DEBUG] Event: MouseMotion scene=combat
[DEBUG] Event: MouseMotion scene=combat
[DEBUG] Event: MouseMotion scene=combat
[DEBUG] Event: MouseMotion scene=combat
[DEBUG] Event: MouseMotion scene=combat
[DEBUG] Event: MouseMotion scene=combat
[DEBUG] Event: MouseMotion scene=combat
[DEBUG] Event: MouseMotion scene=combat
[DEBUG] Event: MouseMotion scene=combat
[DEBUG] Event: MouseMotion scene=combat
[DEBUG] Event: MouseMotion scene=combat
[DEBUG] frame=2100 scene=combat fps=61
[DEBUG] Event: MouseMotion scene=combat
[DEBUG] Event: MouseMotion scene=combat
[DEBUG] Event: MouseMotion scene=combat
[DEBUG] Event: MouseMotion scene=combat
[DEBUG] Event: MouseMotion scene=combat
[DEBUG] Event: MouseMotion scene=combat
[DEBUG] Event: MouseMotion scene=combat
[DEBUG] Event: MouseMotion scene=combat
[DEBUG] Event: MouseMotion scene=combat
[DEBUG] Event: MouseMotion scene=combat
[DEBUG] Event: MouseMotion scene=combat
[DEBUG] Event: MouseMotion scene=combat
[DEBUG] Event: MouseMotion scene=combat
[DEBUG] Event: MouseMotion scene=combat
[DEBUG] Event: MouseMotion scene=combat
[DEBUG] Event: MouseMotion scene=combat
[DEBUG] Event: MouseMotion scene=combat
[DEBUG] Event: MouseMotion scene=combat
[DEBUG] Event: MouseMotion scene=combat
[DEBUG] Event: MouseMotion scene=combat
[DEBUG] Event: MouseMotion scene=combat
[DEBUG] Event: MouseMotion scene=combat
[DEBUG] Event: MouseMotion scene=combat
[DEBUG] Event: MouseMotion scene=combat
[DEBUG] Event: MouseMotion scene=combat
[DEBUG] Event: MouseMotion scene=combat
[DEBUG] Event: MouseMotion scene=combat
[DEBUG] Event: MouseButtonDown scene=combat
[DEBUG] Event: MouseMotion scene=combat
[DEBUG] Event: MouseButtonUp scene=combat
[DEBUG] Event: MouseMotion scene=combat
[DEBUG] Event: MouseMotion scene=combat
[DEBUG] Event: MouseMotion scene=combat
[DEBUG] Event: MouseMotion scene=combat
[DEBUG] Event: MouseMotion scene=combat
[DEBUG] Event: MouseMotion scene=combat
[DEBUG] Event: MouseMotion scene=combat
[DEBUG] Event: MouseMotion scene=combat
[DEBUG] Event: MouseMotion scene=combat
[DEBUG] Event: MouseMotion scene=combat
[DEBUG] Event: MouseMotion scene=combat
[DEBUG] Event: MouseMotion scene=combat
[DEBUG] Event: MouseMotion scene=combat
[DEBUG] Event: MouseMotion scene=combat
[DEBUG] Event: MouseMotion scene=combat
[DEBUG] Event: MouseMotion scene=combat
[DEBUG] Event: MouseMotion scene=combat
[DEBUG] Event: MouseMotion scene=combat
[DEBUG] Event: MouseMotion scene=combat
[DEBUG] Event: MouseMotion scene=combat
[DEBUG] Event: MouseMotion scene=combat
[DEBUG] Event: MouseMotion scene=combat
[DEBUG] frame=2160 scene=combat fps=61
[DEBUG] Event: MouseMotion scene=combat
[DEBUG] Event: MouseMotion scene=combat
[DEBUG] Event: MouseMotion scene=combat
[DEBUG] Event: MouseMotion scene=combat
[DEBUG] Event: MouseMotion scene=combat
[DEBUG] Event: MouseMotion scene=combat
[DEBUG] Event: MouseMotion scene=combat
[DEBUG] Event: MouseMotion scene=combat
[DEBUG] Event: MouseMotion scene=combat
[DEBUG] Event: MouseMotion scene=combat
[DEBUG] Event: MouseMotion scene=combat
[DEBUG] Event: MouseMotion scene=combat
[DEBUG] Event: MouseMotion scene=combat
[DEBUG] Event: MouseMotion scene=combat
[DEBUG] Event: MouseMotion scene=combat
[DEBUG] Event: MouseMotion scene=combat
[DEBUG] Event: MouseMotion scene=combat
[DEBUG] Event: MouseMotion scene=combat
[DEBUG] Event: MouseMotion scene=combat
[DEBUG] Event: KeyDown scene=combat
[DEBUG] Event: MouseMotion scene=combat
[DEBUG] Event: MouseMotion scene=combat
[DEBUG] Event: MouseMotion scene=combat
[DEBUG] Event: MouseMotion scene=combat
[DEBUG] Event: MouseMotion scene=combat
[DEBUG] Event: MouseMotion scene=combat
[DEBUG] Event: MouseMotion scene=combat
[DEBUG] Event: KeyUp scene=combat
[DEBUG] Event: MouseMotion scene=combat
[DEBUG] Event: MouseMotion scene=combat
[DEBUG] Event: MouseButtonDown scene=combat
[DEBUG] Event: MouseMotion scene=combat
[DEBUG] Event: MouseMotion scene=combat
[DEBUG] Event: MouseMotion scene=combat
[DEBUG] Event: MouseMotion scene=combat
[DEBUG] Event: MouseMotion scene=combat
[DEBUG] Event: MouseMotion scene=combat
[DEBUG] Event: MouseMotion scene=combat
[DEBUG] Event: MouseMotion scene=combat
[DEBUG] Event: MouseButtonUp scene=combat
[DEBUG] Event: MouseMotion scene=combat
[DEBUG] Event: MouseMotion scene=combat
[DEBUG] Event: KeyDown scene=combat
[DEBUG] Event: MouseMotion scene=combat
[DEBUG] Event: MouseMotion scene=combat
[DEBUG] Event: MouseMotion scene=combat
[DEBUG] Event: MouseMotion scene=combat
[DEBUG] Event: MouseMotion scene=combat
[DEBUG] Event: MouseMotion scene=combat
[DEBUG] Event: MouseMotion scene=combat
[DEBUG] Event: MouseMotion scene=combat
[DEBUG] Event: MouseMotion scene=combat
[DEBUG] Event: MouseMotion scene=combat
[DEBUG] Event: MouseMotion scene=combat
[DEBUG] Event: MouseMotion scene=combat
[DEBUG] Event: MouseMotion scene=combat
[DEBUG] Event: MouseMotion scene=combat
[DEBUG] Event: MouseMotion scene=combat
[DEBUG] Event: MouseMotion scene=combat
[DEBUG] Event: MouseMotion scene=combat
[DEBUG] frame=2220 scene=combat fps=59
[DEBUG] Event: MouseMotion scene=combat
[DEBUG] Event: MouseMotion scene=combat
[DEBUG] Event: MouseMotion scene=combat
[DEBUG] Event: MouseMotion scene=combat
[DEBUG] Event: MouseMotion scene=combat
[DEBUG] Event: MouseMotion scene=combat
[DEBUG] Event: MouseMotion scene=combat
[DEBUG] Event: MouseMotion scene=combat
[DEBUG] Event: MouseMotion scene=combat
[DEBUG] Event: MouseMotion scene=combat
[DEBUG] Event: MouseMotion scene=combat
[DEBUG] Event: MouseMotion scene=combat
[DEBUG] Event: MouseMotion scene=combat
[DEBUG] Event: MouseMotion scene=combat
[DEBUG] Event: MouseMotion scene=combat
[DEBUG] Event: MouseMotion scene=combat
[DEBUG] Event: MouseMotion scene=combat
[DEBUG] Event: MouseMotion scene=combat
[DEBUG] Event: MouseMotion scene=combat
[DEBUG] Event: MouseMotion scene=combat
[DEBUG] Event: MouseMotion scene=combat
[DEBUG] Event: MouseMotion scene=combat
[DEBUG] Event: MouseMotion scene=combat
[DEBUG] Event: MouseMotion scene=combat
[DEBUG] Event: MouseMotion scene=combat
[DEBUG] Event: MouseMotion scene=combat
[DEBUG] Event: MouseMotion scene=combat
[DEBUG] Event: MouseMotion scene=combat
[DEBUG] Event: MouseMotion scene=combat
[DEBUG] Event: MouseButtonDown scene=combat
[DEBUG] Event: MouseMotion scene=combat
[DEBUG] Event: MouseMotion scene=combat
[DEBUG] Event: MouseMotion scene=combat
[DEBUG] Event: MouseMotion scene=combat
[DEBUG] Event: MouseMotion scene=combat
[DEBUG] Event: MouseMotion scene=combat
[DEBUG] Event: KeyUp scene=combat
[DEBUG] Event: MouseMotion scene=combat
[DEBUG] Event: MouseMotion scene=combat
[DEBUG] Event: MouseMotion scene=combat
[DEBUG] Event: MouseMotion scene=combat
[DEBUG] Event: MouseMotion scene=combat
[DEBUG] Event: MouseMotion scene=combat
[DEBUG] Event: MouseButtonUp scene=combat
[DEBUG] Event: MouseMotion scene=combat
[DEBUG] Event: MouseMotion scene=combat
[DEBUG] Event: MouseMotion scene=combat
[DEBUG] Event: MouseMotion scene=combat
[DEBUG] Event: MouseMotion scene=combat
[DEBUG] Event: MouseMotion scene=combat
[DEBUG] Event: MouseMotion scene=combat
[DEBUG] Event: MouseMotion scene=combat
[DEBUG] frame=2280 scene=combat fps=60
[DEBUG] Event: MouseMotion scene=combat
[DEBUG] Event: MouseMotion scene=combat
[DEBUG] Event: MouseMotion scene=combat
[DEBUG] Event: MouseMotion scene=combat
[DEBUG] Event: MouseMotion scene=combat
[DEBUG] Event: MouseMotion scene=combat
[DEBUG] Event: MouseMotion scene=combat
[DEBUG] Event: MouseMotion scene=combat
[DEBUG] Event: MouseMotion scene=combat
[DEBUG] Event: MouseMotion scene=combat
[DEBUG] Event: MouseMotion scene=combat
[DEBUG] Event: MouseMotion scene=combat
[DEBUG] Event: MouseMotion scene=combat
[DEBUG] Event: MouseMotion scene=combat
[DEBUG] Event: MouseMotion scene=combat
[DEBUG] Event: MouseMotion scene=combat
[DEBUG] Event: MouseMotion scene=combat
[DEBUG] Event: MouseMotion scene=combat
[DEBUG] Event: MouseMotion scene=combat
[DEBUG] Event: MouseMotion scene=combat
[DEBUG] Event: MouseMotion scene=combat
[DEBUG] Event: MouseMotion scene=combat
[DEBUG] Event: MouseMotion scene=combat
[DEBUG] Event: MouseMotion scene=combat
[DEBUG] Event: MouseMotion scene=combat
[DEBUG] Event: MouseMotion scene=combat
[DEBUG] Event: MouseMotion scene=combat
[DEBUG] Event: MouseMotion scene=combat
[DEBUG] Event: MouseMotion scene=combat
[DEBUG] Event: MouseMotion scene=combat
[DEBUG] Event: MouseMotion scene=combat
[DEBUG] Event: MouseMotion scene=combat
[DEBUG] Event: MouseMotion scene=combat
[DEBUG] Event: MouseMotion scene=combat
[DEBUG] Event: MouseMotion scene=combat
[DEBUG] Event: MouseMotion scene=combat
[DEBUG] Event: MouseMotion scene=combat
[DEBUG] Event: MouseMotion scene=combat
[DEBUG] Event: MouseMotion scene=combat
[DEBUG] Event: MouseMotion scene=combat
[DEBUG] Event: MouseMotion scene=combat
[DEBUG] Event: MouseMotion scene=combat
[DEBUG] Event: MouseMotion scene=combat
[DEBUG] Event: MouseMotion scene=combat
[DEBUG] Event: MouseMotion scene=combat
[DEBUG] Event: MouseMotion scene=combat
[DEBUG] Event: MouseMotion scene=combat
[DEBUG] Event: MouseMotion scene=combat
[DEBUG] Event: MouseMotion scene=combat
[DEBUG] Event: MouseMotion scene=combat
[DEBUG] Event: MouseMotion scene=combat
[DEBUG] Event: MouseMotion scene=combat
[DEBUG] Event: MouseMotion scene=combat
[DEBUG] Event: MouseMotion scene=combat
[DEBUG] Event: MouseButtonDown scene=combat
[DEBUG] Event: MouseMotion scene=combat
[DEBUG] Event: MouseMotion scene=combat
[DEBUG] Event: MouseMotion scene=combat
[DEBUG] Event: MouseMotion scene=combat
[DEBUG] Event: MouseMotion scene=combat
[DEBUG] Event: MouseButtonUp scene=combat
[DEBUG] Event: MouseMotion scene=combat
[DEBUG] frame=2340 scene=combat fps=61
[DEBUG] Event: MouseMotion scene=combat
[DEBUG] Event: MouseMotion scene=combat
[DEBUG] Event: MouseMotion scene=combat
[DEBUG] Event: KeyDown scene=combat
[DEBUG] Event: MouseMotion scene=combat
[DEBUG] Event: MouseMotion scene=combat
[DEBUG] Event: MouseMotion scene=combat
[DEBUG] Event: MouseMotion scene=combat
[DEBUG] Event: KeyUp scene=combat
[DEBUG] Event: MouseMotion scene=combat
[DEBUG] Event: MouseMotion scene=combat
[DEBUG] Event: MouseMotion scene=combat
[DEBUG] Event: MouseMotion scene=combat
[DEBUG] Event: MouseMotion scene=combat
[DEBUG] Event: MouseMotion scene=combat
[DEBUG] Event: MouseMotion scene=combat
[DEBUG] Event: MouseMotion scene=combat
[DEBUG] Event: MouseMotion scene=combat
[DEBUG] Event: MouseMotion scene=combat
[DEBUG] Event: MouseMotion scene=combat
[DEBUG] Event: MouseMotion scene=combat
[DEBUG] Event: MouseMotion scene=combat
[DEBUG] Event: MouseMotion scene=combat
[DEBUG] Event: MouseMotion scene=combat
[DEBUG] Event: MouseMotion scene=combat
[DEBUG] Event: MouseMotion scene=combat
[DEBUG] Event: MouseMotion scene=combat
[DEBUG] Event: MouseMotion scene=combat
[DEBUG] Event: MouseMotion scene=combat
[DEBUG] Event: MouseMotion scene=combat
[DEBUG] Event: MouseMotion scene=combat
[DEBUG] Event: MouseMotion scene=combat
[DEBUG] Event: MouseMotion scene=combat
[DEBUG] Event: MouseMotion scene=combat
[DEBUG] Event: MouseMotion scene=combat
[DEBUG] Event: MouseMotion scene=combat
[DEBUG] Event: MouseMotion scene=combat
[DEBUG] Event: MouseMotion scene=combat
[DEBUG] Event: MouseMotion scene=combat
[DEBUG] Event: MouseMotion scene=combat
[DEBUG] Event: MouseMotion scene=combat
[DEBUG] Event: MouseMotion scene=combat
[DEBUG] Event: MouseMotion scene=combat
[DEBUG] Event: MouseMotion scene=combat
[DEBUG] Event: MouseMotion scene=combat
[DEBUG] frame=2400 scene=combat fps=61
[DEBUG] Event: MouseMotion scene=combat
[DEBUG] Event: MouseMotion scene=combat
[DEBUG] Event: MouseMotion scene=combat
[DEBUG] Event: MouseMotion scene=combat
[DEBUG] Event: MouseButtonDown scene=combat
[DEBUG] Event: MouseMotion scene=combat
[DEBUG] Event: MouseMotion scene=combat
[DEBUG] Event: MouseMotion scene=combat
[DEBUG] Event: MouseMotion scene=combat
[DEBUG] Event: KeyDown scene=combat
[DEBUG] Event: KeyUp scene=combat
[DEBUG] Event: MouseButtonUp scene=combat
[DEBUG] Event: MouseMotion scene=combat
[DEBUG] Event: MouseMotion scene=combat
[DEBUG] Event: MouseMotion scene=combat
[DEBUG] Event: MouseMotion scene=combat
[DEBUG] Event: MouseMotion scene=combat
[DEBUG] Event: MouseMotion scene=combat
[DEBUG] Event: MouseMotion scene=combat
[DEBUG] Event: MouseMotion scene=combat
[DEBUG] Event: MouseMotion scene=combat
[DEBUG] Event: MouseMotion scene=combat
[DEBUG] Event: MouseMotion scene=combat
[DEBUG] Event: MouseMotion scene=combat
[DEBUG] Event: MouseMotion scene=combat
[DEBUG] Event: MouseMotion scene=combat
[DEBUG] frame=2460 scene=combat fps=60
[DEBUG] Event: MouseMotion scene=combat
[DEBUG] Event: MouseMotion scene=combat
[DEBUG] Event: MouseMotion scene=combat
[DEBUG] Event: MouseButtonDown scene=combat
[DEBUG] Event: MouseButtonUp scene=combat
[DEBUG] Event: MouseMotion scene=combat
[DEBUG] Event: MouseMotion scene=combat
[DEBUG] Event: MouseMotion scene=combat
[DEBUG] Event: MouseMotion scene=combat
[DEBUG] Event: MouseMotion scene=combat
[DEBUG] Event: MouseMotion scene=combat
[DEBUG] Event: MouseMotion scene=combat
[DEBUG] Event: MouseButtonDown scene=combat
[DEBUG] Event: MouseMotion scene=combat
[DEBUG] Event: MouseButtonUp scene=combat
[DEBUG] Event: MouseMotion scene=combat
[DEBUG] Event: MouseMotion scene=combat
[DEBUG] Event: MouseMotion scene=combat
[DEBUG] Event: MouseMotion scene=combat
[DEBUG] Event: MouseMotion scene=combat
[DEBUG] Event: MouseMotion scene=combat
[DEBUG] frame=2520 scene=combat fps=61
[DEBUG] Event: MouseMotion scene=combat
[DEBUG] Event: MouseMotion scene=combat
[DEBUG] Event: MouseMotion scene=combat
[DEBUG] Event: MouseMotion scene=combat
[DEBUG] Event: MouseMotion scene=combat
[DEBUG] Event: MouseMotion scene=combat
[DEBUG] Event: MouseMotion scene=combat
[DEBUG] Event: MouseMotion scene=combat
[DEBUG] Event: MouseMotion scene=combat
[DEBUG] Event: MouseMotion scene=combat
[DEBUG] Event: MouseMotion scene=combat
[DEBUG] Event: MouseMotion scene=combat
[DEBUG] Event: MouseMotion scene=combat
[DEBUG] Event: MouseMotion scene=combat
[DEBUG] Event: MouseMotion scene=combat
[DEBUG] Event: MouseMotion scene=combat
[DEBUG] Event: MouseMotion scene=combat
[DEBUG] Event: MouseMotion scene=combat
[DEBUG] Event: MouseMotion scene=combat
[DEBUG] Event: MouseMotion scene=combat
[DEBUG] Event: MouseMotion scene=combat
[DEBUG] Event: MouseMotion scene=combat
[DEBUG] Event: MouseMotion scene=combat
[DEBUG] Event: MouseMotion scene=combat
[DEBUG] Event: MouseMotion scene=combat
[DEBUG] Event: MouseMotion scene=combat
[DEBUG] Event: MouseMotion scene=combat
[DEBUG] Event: MouseMotion scene=combat
[DEBUG] Event: MouseMotion scene=combat
[DEBUG] Event: MouseMotion scene=combat
[DEBUG] Event: KeyDown scene=combat
[DEBUG] Event: MouseMotion scene=combat
[DEBUG] Event: MouseMotion scene=combat
[DEBUG] Event: MouseMotion scene=combat
[DEBUG] Event: KeyUp scene=combat
[DEBUG] Event: MouseMotion scene=combat
[DEBUG] Event: MouseMotion scene=combat
[DEBUG] Event: MouseMotion scene=combat
[DEBUG] Event: MouseMotion scene=combat
[DEBUG] Event: MouseMotion scene=combat
[DEBUG] Event: MouseMotion scene=combat
[DEBUG] Event: MouseMotion scene=combat
[DEBUG] Event: MouseMotion scene=combat
[DEBUG] Event: MouseMotion scene=combat
[DEBUG] Event: MouseMotion scene=combat
[DEBUG] Event: MouseMotion scene=combat
[DEBUG] Event: MouseMotion scene=combat
[DEBUG] Event: MouseMotion scene=combat
[DEBUG] Event: MouseMotion scene=combat
[DEBUG] Event: MouseMotion scene=combat
[DEBUG] Event: MouseMotion scene=combat
[DEBUG] Event: KeyDown scene=combat
[DEBUG] Event: MouseMotion scene=combat
[DEBUG] Event: MouseMotion scene=combat
[DEBUG] Event: MouseMotion scene=combat
[DEBUG] Event: MouseButtonDown scene=combat
[DEBUG] Event: MouseMotion scene=combat
[DEBUG] Event: MouseMotion scene=combat
[DEBUG] Event: MouseMotion scene=combat
[DEBUG] Event: MouseMotion scene=combat
[DEBUG] Event: MouseMotion scene=combat
[DEBUG] frame=2580 scene=combat fps=61
[DEBUG] Event: MouseMotion scene=combat
[DEBUG] Event: MouseMotion scene=combat
[DEBUG] Event: MouseButtonUp scene=combat
[DEBUG] Event: KeyUp scene=combat
[DEBUG] Event: MouseMotion scene=combat
[DEBUG] Event: MouseMotion scene=combat
[DEBUG] Event: MouseMotion scene=combat
[DEBUG] Event: MouseMotion scene=combat
[DEBUG] Event: MouseMotion scene=combat
[DEBUG] Event: MouseMotion scene=combat
[DEBUG] Event: MouseMotion scene=combat
[DEBUG] Event: KeyDown scene=combat
[DEBUG] Event: MouseMotion scene=combat
[DEBUG] Event: MouseMotion scene=combat
[DEBUG] Event: KeyUp scene=combat
[DEBUG] Event: MouseMotion scene=combat
[DEBUG] Event: MouseMotion scene=combat
[DEBUG] Event: MouseMotion scene=combat
[DEBUG] Event: MouseMotion scene=combat
[DEBUG] Event: MouseMotion scene=combat
[DEBUG] Event: MouseMotion scene=combat
[DEBUG] Event: MouseMotion scene=combat
[DEBUG] Event: MouseMotion scene=combat
[DEBUG] Event: MouseMotion scene=combat
[DEBUG] Event: MouseMotion scene=combat
[DEBUG] Event: MouseMotion scene=combat
[DEBUG] Event: MouseMotion scene=combat
[DEBUG] Event: MouseMotion scene=combat
[DEBUG] Event: MouseButtonDown scene=combat
[DEBUG] frame=2640 scene=combat fps=62
[DEBUG] Event: MouseButtonUp scene=combat
[DEBUG] Event: MouseMotion scene=combat
[DEBUG] Event: MouseMotion scene=combat
[DEBUG] Event: MouseMotion scene=combat
[DEBUG] Event: KeyDown scene=combat
[DEBUG] Event: MouseMotion scene=combat
[DEBUG] Event: KeyUp scene=combat
[DEBUG] Event: MouseMotion scene=combat
[DEBUG] Event: MouseMotion scene=combat
[DEBUG] Event: MouseMotion scene=combat
[DEBUG] Event: MouseMotion scene=combat
[DEBUG] Event: MouseMotion scene=combat
[DEBUG] Event: MouseMotion scene=combat
[DEBUG] Event: MouseMotion scene=combat
[DEBUG] Event: MouseMotion scene=combat
[DEBUG] Event: MouseMotion scene=combat
[DEBUG] Event: MouseMotion scene=combat
[DEBUG] Event: MouseMotion scene=combat
[DEBUG] Event: MouseMotion scene=combat
[DEBUG] Event: MouseMotion scene=combat
[DEBUG] Event: MouseButtonDown scene=combat
[DEBUG] Event: MouseMotion scene=combat
[DEBUG] frame=2700 scene=combat fps=61
[DEBUG] Event: MouseMotion scene=combat
[DEBUG] Event: MouseMotion scene=combat
[DEBUG] Event: MouseMotion scene=combat
[DEBUG] Event: MouseMotion scene=combat
[DEBUG] Event: MouseButtonUp scene=combat
[DEBUG] Event: MouseMotion scene=combat
[DEBUG] Event: MouseMotion scene=combat
[DEBUG] Event: MouseMotion scene=combat
[DEBUG] Event: MouseMotion scene=combat
[DEBUG] Event: MouseMotion scene=combat
[DEBUG] Event: MouseMotion scene=combat
[DEBUG] Event: MouseMotion scene=combat
[DEBUG] Event: MouseMotion scene=combat
[DEBUG] Event: MouseMotion scene=combat
[DEBUG] Event: MouseMotion scene=combat
[DEBUG] Event: MouseMotion scene=combat
[DEBUG] Event: MouseMotion scene=combat
[DEBUG] Event: MouseMotion scene=combat
[DEBUG] Event: MouseMotion scene=combat
[DEBUG] Event: MouseMotion scene=combat
[DEBUG] Event: MouseMotion scene=combat
[DEBUG] Event: MouseMotion scene=combat
[DEBUG] Event: MouseMotion scene=combat
[DEBUG] Event: MouseMotion scene=combat
[DEBUG] Event: MouseMotion scene=combat
[DEBUG] Event: MouseMotion scene=combat
[DEBUG] Event: MouseMotion scene=combat
[DEBUG] Event: MouseMotion scene=combat
[DEBUG] Event: MouseMotion scene=combat
[DEBUG] Event: MouseMotion scene=combat
[DEBUG] Event: MouseButtonDown scene=combat
[DEBUG] Event: MouseButtonUp scene=combat
[DEBUG] Event: MouseMotion scene=combat
[DEBUG] Event: MouseMotion scene=combat
[DEBUG] Event: MouseMotion scene=combat
[DEBUG] Event: MouseMotion scene=combat
[DEBUG] Event: MouseMotion scene=combat
[DEBUG] Event: MouseMotion scene=combat
[DEBUG] Event: MouseMotion scene=combat
[DEBUG] Event: MouseMotion scene=combat
[DEBUG] Event: MouseMotion scene=combat
[DEBUG] Event: MouseMotion scene=combat
[DEBUG] Event: MouseMotion scene=combat
[DEBUG] Event: MouseMotion scene=combat
[DEBUG] Event: MouseMotion scene=combat
[DEBUG] Event: MouseMotion scene=combat
[DEBUG] Event: MouseMotion scene=combat
[DEBUG] Event: MouseMotion scene=combat
[DEBUG] Event: MouseMotion scene=combat
[DEBUG] Event: MouseMotion scene=combat
[DEBUG] Event: MouseMotion scene=combat
[DEBUG] frame=2760 scene=combat fps=60
[DEBUG] Event: MouseMotion scene=combat
[DEBUG] Event: MouseMotion scene=combat
[DEBUG] Event: MouseMotion scene=combat
[DEBUG] Event: MouseMotion scene=combat
[DEBUG] Event: MouseMotion scene=combat
[DEBUG] Event: MouseMotion scene=combat
[DEBUG] Event: MouseMotion scene=combat
[DEBUG] Event: MouseButtonDown scene=combat
[DEBUG] Event: MouseMotion scene=combat
[DEBUG] Event: MouseMotion scene=combat
[DEBUG] Event: MouseMotion scene=combat
[DEBUG] Event: MouseMotion scene=combat
[DEBUG] Event: MouseButtonUp scene=combat
[DEBUG] Event: MouseMotion scene=combat
[DEBUG] Event: MouseMotion scene=combat
[DEBUG] Event: MouseMotion scene=combat
[DEBUG] Event: MouseMotion scene=combat
[DEBUG] Event: MouseMotion scene=combat
[DEBUG] Event: KeyDown scene=combat
[DEBUG] Event: MouseMotion scene=combat
[DEBUG] Event: MouseMotion scene=combat
[DEBUG] Event: MouseMotion scene=combat
[DEBUG] Event: MouseMotion scene=combat
[DEBUG] Event: MouseMotion scene=combat
[DEBUG] Event: KeyUp scene=combat
[DEBUG] Event: MouseMotion scene=combat
[DEBUG] Event: MouseMotion scene=combat
[DEBUG] Event: MouseMotion scene=combat
[DEBUG] Event: MouseMotion scene=combat
[DEBUG] Event: MouseMotion scene=combat
[DEBUG] Event: MouseMotion scene=combat
[DEBUG] Event: MouseMotion scene=combat
[DEBUG] Event: MouseButtonDown scene=combat
[DEBUG] Event: MouseMotion scene=combat
[DEBUG] Event: MouseMotion scene=combat
[DEBUG] Event: MouseButtonUp scene=combat
[DEBUG] Event: MouseMotion scene=combat
[DEBUG] Event: MouseMotion scene=combat
[DEBUG] Event: MouseMotion scene=combat
[DEBUG] Event: MouseMotion scene=combat
[DEBUG] Event: MouseMotion scene=combat
[DEBUG] Event: MouseMotion scene=combat
[DEBUG] Event: MouseMotion scene=combat
[DEBUG] Event: MouseMotion scene=combat
[DEBUG] Event: MouseMotion scene=combat
[DEBUG] Event: MouseMotion scene=combat
[DEBUG] Event: MouseMotion scene=combat
[DEBUG] Event: MouseMotion scene=combat
[DEBUG] Event: MouseMotion scene=combat
[DEBUG] Event: MouseMotion scene=combat
[DEBUG] Event: MouseMotion scene=combat
[DEBUG] Event: MouseMotion scene=combat
[DEBUG] Event: MouseMotion scene=combat
[DEBUG] Event: MouseMotion scene=combat
[DEBUG] Event: MouseMotion scene=combat
[DEBUG] Event: MouseMotion scene=combat
[DEBUG] Event: MouseMotion scene=combat
[DEBUG] Event: MouseMotion scene=combat
[DEBUG] Event: MouseMotion scene=combat
[DEBUG] Event: MouseMotion scene=combat
[DEBUG] Event: MouseMotion scene=combat
[DEBUG] Event: MouseMotion scene=combat
[DEBUG] frame=2820 scene=combat fps=60
[DEBUG] Event: MouseMotion scene=combat
[DEBUG] Event: MouseMotion scene=combat
[DEBUG] Event: MouseMotion scene=combat
[DEBUG] Event: MouseMotion scene=combat
[DEBUG] Event: MouseMotion scene=combat
[DEBUG] Event: MouseMotion scene=combat
[DEBUG] Event: MouseMotion scene=combat
[DEBUG] Event: MouseMotion scene=combat
[DEBUG] Event: MouseMotion scene=combat
[DEBUG] Event: MouseMotion scene=combat
[DEBUG] Event: MouseMotion scene=combat
[DEBUG] Event: MouseMotion scene=combat
[DEBUG] Event: MouseMotion scene=combat
[DEBUG] Event: MouseMotion scene=combat
[DEBUG] Event: MouseMotion scene=combat
[DEBUG] Event: MouseMotion scene=combat
[DEBUG] Event: MouseMotion scene=combat
[DEBUG] Event: MouseMotion scene=combat
[DEBUG] Event: MouseMotion scene=combat
[DEBUG] Event: MouseMotion scene=combat
[DEBUG] Event: MouseMotion scene=combat
[DEBUG] Event: MouseMotion scene=combat
[DEBUG] Event: KeyDown scene=combat
[DEBUG] Event: MouseMotion scene=combat
[DEBUG] Event: MouseButtonDown scene=combat
[DEBUG] Event: MouseMotion scene=combat
[DEBUG] Event: MouseMotion scene=combat
[DEBUG] Event: MouseMotion scene=combat
[DEBUG] Event: MouseMotion scene=combat
[DEBUG] Event: MouseMotion scene=combat
[DEBUG] Event: MouseButtonUp scene=combat
[DEBUG] Event: KeyUp scene=combat
[DEBUG] Event: MouseMotion scene=combat
[DEBUG] Event: MouseMotion scene=combat
[DEBUG] Event: MouseMotion scene=combat
[DEBUG] Event: MouseMotion scene=combat
[DEBUG] Event: MouseMotion scene=combat
[DEBUG] Event: MouseMotion scene=combat
[DEBUG] Event: MouseMotion scene=combat
[DEBUG] Event: MouseMotion scene=combat
[DEBUG] Event: MouseMotion scene=combat
[DEBUG] Event: MouseMotion scene=combat
[DEBUG] Event: MouseMotion scene=combat
[DEBUG] Event: MouseMotion scene=combat
[DEBUG] Event: MouseMotion scene=combat
[DEBUG] Event: MouseMotion scene=combat
[DEBUG] Event: MouseMotion scene=combat
[DEBUG] frame=2880 scene=combat fps=61
[DEBUG] Event: MouseMotion scene=combat
[DEBUG] Event: MouseMotion scene=combat
[DEBUG] Event: MouseMotion scene=combat
[DEBUG] Event: MouseMotion scene=combat
[DEBUG] Event: MouseMotion scene=combat
[DEBUG] Event: MouseMotion scene=combat
[DEBUG] Event: MouseMotion scene=combat
[DEBUG] Event: MouseMotion scene=combat
[DEBUG] Event: MouseMotion scene=combat
[DEBUG] Event: MouseMotion scene=combat
[DEBUG] Event: MouseMotion scene=combat
[DEBUG] Event: MouseMotion scene=combat
[DEBUG] Event: MouseMotion scene=combat
[DEBUG] Event: MouseMotion scene=combat
[DEBUG] Event: MouseMotion scene=combat
[DEBUG] Event: MouseMotion scene=combat
[DEBUG] Event: MouseMotion scene=combat
[DEBUG] Event: MouseMotion scene=combat
[DEBUG] Event: MouseMotion scene=combat
[DEBUG] Event: MouseMotion scene=combat
[DEBUG] Event: MouseMotion scene=combat
[DEBUG] Event: MouseButtonDown scene=combat
[DEBUG] Event: MouseMotion scene=combat
[DEBUG] Event: MouseMotion scene=combat
[DEBUG] Event: MouseMotion scene=combat
[DEBUG] Event: MouseMotion scene=combat
[DEBUG] Event: MouseMotion scene=combat
[DEBUG] Event: MouseMotion scene=combat
[DEBUG] Event: MouseMotion scene=combat
[DEBUG] Event: MouseMotion scene=combat
[DEBUG] Event: MouseMotion scene=combat
[DEBUG] Event: MouseMotion scene=combat
[DEBUG] Event: MouseMotion scene=combat
[DEBUG] Event: MouseButtonUp scene=combat
[DEBUG] Event: MouseMotion scene=combat
[DEBUG] Event: MouseMotion scene=combat
[DEBUG] Event: MouseMotion scene=combat
[DEBUG] Event: MouseMotion scene=combat
[DEBUG] Event: MouseMotion scene=combat
[DEBUG] Event: KeyDown scene=combat
[DEBUG] Event: MouseMotion scene=combat
[DEBUG] Event: MouseMotion scene=combat
[DEBUG] Event: MouseMotion scene=combat
[DEBUG] Event: MouseMotion scene=combat
[DEBUG] Event: KeyUp scene=combat
[DEBUG] Event: MouseMotion scene=combat
[DEBUG] Event: MouseMotion scene=combat
[DEBUG] Event: MouseMotion scene=combat
[DEBUG] Event: MouseMotion scene=combat
[DEBUG] Event: MouseMotion scene=combat
[DEBUG] Event: MouseMotion scene=combat
[DEBUG] Event: MouseMotion scene=combat
[DEBUG] Event: MouseMotion scene=combat
[DEBUG] Event: MouseMotion scene=combat
[DEBUG] Event: MouseMotion scene=combat
[DEBUG] frame=2940 scene=combat fps=60
[DEBUG] Event: MouseMotion scene=combat
[DEBUG] Event: MouseMotion scene=combat
[DEBUG] Event: MouseMotion scene=combat
[DEBUG] Event: MouseMotion scene=combat
[DEBUG] Event: KeyDown scene=combat
[DEBUG] Event: MouseMotion scene=combat
[DEBUG] Event: MouseMotion scene=combat
[DEBUG] Event: MouseMotion scene=combat
[DEBUG] Event: MouseButtonDown scene=combat
[DEBUG] Event: MouseMotion scene=combat
[DEBUG] Event: MouseMotion scene=combat
[DEBUG] Event: MouseMotion scene=combat
[DEBUG] Event: KeyUp scene=combat
[DEBUG] Event: MouseButtonUp scene=combat
[DEBUG] Event: MouseMotion scene=combat
[DEBUG] Event: MouseMotion scene=combat
[DEBUG] Event: MouseMotion scene=combat
[DEBUG] Event: MouseMotion scene=combat
[DEBUG] Event: KeyDown scene=combat
[DEBUG] Event: MouseMotion scene=combat
[DEBUG] Event: KeyUp scene=combat
[DEBUG] Event: MouseMotion scene=combat
[DEBUG] Event: MouseButtonDown scene=combat
[DEBUG] Event: MouseButtonUp scene=combat
[DEBUG] Event: MouseMotion scene=combat
[DEBUG] Event: MouseMotion scene=combat
[DEBUG] Event: KeyDown scene=combat
[DEBUG] Event: MouseMotion scene=combat
[DEBUG] Event: MouseMotion scene=combat
[DEBUG] Event: MouseMotion scene=combat
[DEBUG] Event: MouseMotion scene=combat
[DEBUG] Event: MouseMotion scene=combat
[DEBUG] Event: KeyUp scene=combat
[DEBUG] Event: MouseMotion scene=combat
[DEBUG] Event: MouseMotion scene=combat
[DEBUG] Event: MouseMotion scene=combat
[DEBUG] Event: MouseMotion scene=combat
[DEBUG] Event: MouseButtonDown scene=combat
[DEBUG] Event: MouseMotion scene=combat
[DEBUG] Event: MouseMotion scene=combat
[DEBUG] Event: MouseMotion scene=combat
[DEBUG] Event: MouseMotion scene=combat
[DEBUG] Event: MouseButtonUp scene=combat
[DEBUG] Event: MouseMotion scene=combat
[DEBUG] Event: MouseMotion scene=combat
[DEBUG] Event: MouseMotion scene=combat
[DEBUG] frame=3000 scene=combat fps=61
[DEBUG] Event: MouseMotion scene=combat
[DEBUG] Event: MouseMotion scene=combat
[DEBUG] Event: MouseMotion scene=combat
[DEBUG] Event: MouseMotion scene=combat
[DEBUG] Event: MouseMotion scene=combat
[DEBUG] Event: MouseMotion scene=combat
[DEBUG] Event: MouseMotion scene=combat
[DEBUG] Event: MouseMotion scene=combat
[DEBUG] Event: MouseButtonDown scene=combat
[DEBUG] Event: MouseMotion scene=combat
[DEBUG] Event: MouseMotion scene=combat
[DEBUG] Event: KeyDown scene=combat
[DEBUG] Event: KeyUp scene=combat
[DEBUG] Event: MouseButtonUp scene=combat
[DEBUG] Event: MouseMotion scene=combat
[DEBUG] Event: MouseMotion scene=combat
[DEBUG] Event: MouseMotion scene=combat
[DEBUG] Event: MouseMotion scene=combat
[DEBUG] Event: MouseMotion scene=combat
[DEBUG] Event: MouseMotion scene=combat
[DEBUG] Event: MouseButtonDown scene=combat
[DEBUG] Event: MouseMotion scene=combat
[DEBUG] Event: MouseButtonUp scene=combat
[DEBUG] Event: MouseMotion scene=combat
[DEBUG] Event: MouseMotion scene=combat
[DEBUG] Event: KeyDown scene=combat
[DEBUG] Event: MouseMotion scene=combat
[DEBUG] Event: MouseMotion scene=combat
[DEBUG] Event: MouseMotion scene=combat
[DEBUG] Event: MouseMotion scene=combat
[DEBUG] Event: MouseMotion scene=combat
[DEBUG] Event: MouseMotion scene=combat
[DEBUG] Event: KeyUp scene=combat
[DEBUG] Event: MouseMotion scene=combat
[DEBUG] Event: MouseMotion scene=combat
[DEBUG] Event: MouseMotion scene=combat
[DEBUG] Event: MouseMotion scene=combat
[DEBUG] Event: MouseMotion scene=combat
[DEBUG] Event: MouseMotion scene=combat
[DEBUG] Event: MouseMotion scene=combat
[DEBUG] Event: MouseMotion scene=combat
[DEBUG] Event: MouseMotion scene=combat
[DEBUG] Event: MouseMotion scene=combat
[DEBUG] Event: KeyDown scene=combat
[DEBUG] Event: MouseMotion scene=combat
[DEBUG] Event: MouseMotion scene=combat
[DEBUG] Event: KeyUp scene=combat
[DEBUG] Event: MouseMotion scene=combat
[DEBUG] Event: MouseMotion scene=combat
[DEBUG] Event: MouseMotion scene=combat
[DEBUG] Event: MouseMotion scene=combat
[DEBUG] Event: MouseMotion scene=combat
[DEBUG] frame=3060 scene=combat fps=61
[DEBUG] Event: MouseMotion scene=combat
[DEBUG] Event: MouseMotion scene=combat
[DEBUG] Event: MouseMotion scene=combat
[DEBUG] Event: MouseMotion scene=combat
[DEBUG] Event: KeyDown scene=combat
[DEBUG] Event: MouseMotion scene=combat
[DEBUG] Event: MouseMotion scene=combat
[DEBUG] Event: MouseMotion scene=combat
[DEBUG] Event: MouseMotion scene=combat
[DEBUG] Event: MouseMotion scene=combat
[DEBUG] Event: MouseMotion scene=combat
[DEBUG] Event: MouseMotion scene=combat
[DEBUG] Event: MouseMotion scene=combat
[DEBUG] Event: MouseButtonDown scene=combat
[DEBUG] Event: MouseMotion scene=combat
[DEBUG] Event: MouseMotion scene=combat
[DEBUG] Event: MouseMotion scene=combat
[DEBUG] Event: MouseMotion scene=combat
[DEBUG] Event: MouseMotion scene=combat
[DEBUG] Event: MouseMotion scene=combat
[DEBUG] Event: MouseMotion scene=combat
[DEBUG] Event: MouseButtonUp scene=combat
[DEBUG] Event: MouseMotion scene=combat
[DEBUG] Event: MouseMotion scene=combat
[DEBUG] Event: MouseMotion scene=combat
[DEBUG] Event: MouseMotion scene=combat
[DEBUG] Event: MouseMotion scene=combat
[DEBUG] Event: MouseMotion scene=combat
[DEBUG] Event: MouseMotion scene=combat
[DEBUG] Event: MouseMotion scene=combat
[DEBUG] Event: MouseMotion scene=combat
[DEBUG] Event: MouseMotion scene=combat
[DEBUG] Event: MouseMotion scene=combat
[DEBUG] Event: MouseMotion scene=combat
[DEBUG] Event: MouseMotion scene=combat
[DEBUG] Event: MouseMotion scene=combat
[DEBUG] Event: MouseButtonDown scene=combat
[DEBUG] Event: MouseMotion scene=combat
[DEBUG] Event: MouseMotion scene=combat
[DEBUG] Event: MouseMotion scene=combat
[DEBUG] Event: MouseMotion scene=combat
[DEBUG] Event: MouseButtonUp scene=combat
[DEBUG] Event: KeyUp scene=combat
[DEBUG] Event: MouseMotion scene=combat
[DEBUG] Event: MouseMotion scene=combat
[DEBUG] Event: MouseMotion scene=combat
[DEBUG] Event: MouseMotion scene=combat
[DEBUG] Event: MouseMotion scene=combat
[DEBUG] Event: KeyDown scene=combat
[DEBUG] Event: MouseMotion scene=combat
[DEBUG] Event: MouseMotion scene=combat
[DEBUG] Event: MouseMotion scene=combat
[DEBUG] Event: MouseMotion scene=combat
[DEBUG] Event: MouseMotion scene=combat
[DEBUG] Event: MouseMotion scene=combat
[DEBUG] Event: MouseMotion scene=combat
[DEBUG] frame=3120 scene=combat fps=60
[DEBUG] Event: KeyUp scene=combat
[DEBUG] Event: MouseMotion scene=combat
[DEBUG] Event: MouseMotion scene=combat
[DEBUG] Event: MouseMotion scene=combat
[DEBUG] Event: MouseMotion scene=combat
[DEBUG] Event: MouseMotion scene=combat
[DEBUG] Event: MouseMotion scene=combat
[DEBUG] Event: MouseMotion scene=combat
[DEBUG] Event: MouseMotion scene=combat
[DEBUG] Event: MouseMotion scene=combat
[DEBUG] Event: MouseMotion scene=combat
[DEBUG] Event: MouseButtonDown scene=combat
[DEBUG] Event: MouseMotion scene=combat
[DEBUG] Event: MouseMotion scene=combat
[DEBUG] Event: MouseMotion scene=combat
[DEBUG] Event: MouseMotion scene=combat
[DEBUG] Event: MouseMotion scene=combat
[DEBUG] Event: MouseMotion scene=combat
[DEBUG] Event: MouseMotion scene=combat
[DEBUG] Event: MouseButtonUp scene=combat
[DEBUG] Event: KeyDown scene=combat
[DEBUG] Event: MouseMotion scene=combat
[DEBUG] Event: MouseMotion scene=combat
[DEBUG] Event: MouseMotion scene=combat
[DEBUG] Event: MouseMotion scene=combat
[DEBUG] Event: MouseMotion scene=combat
[DEBUG] Event: MouseMotion scene=combat
[DEBUG] Event: MouseMotion scene=combat
[DEBUG] Event: MouseMotion scene=combat
[DEBUG] Event: MouseMotion scene=combat
[DEBUG] Event: MouseMotion scene=combat
[DEBUG] Event: MouseMotion scene=combat
[DEBUG] Event: MouseMotion scene=combat
[DEBUG] Event: MouseMotion scene=combat
[DEBUG] Event: MouseMotion scene=combat
[DEBUG] Event: MouseMotion scene=combat
[DEBUG] Event: MouseMotion scene=combat
[DEBUG] Event: MouseMotion scene=combat
[DEBUG] Event: MouseMotion scene=combat
[DEBUG] Event: MouseMotion scene=combat
[DEBUG] Event: MouseMotion scene=combat
[DEBUG] Event: MouseMotion scene=combat
[DEBUG] Event: MouseButtonDown scene=combat
[DEBUG] Event: KeyUp scene=combat
[DEBUG] Event: KeyUp scene=combat
[DEBUG] Event: MouseMotion scene=combat
[DEBUG] Event: MouseMotion scene=combat
[DEBUG] Event: MouseButtonUp scene=combat
[DEBUG] Event: MouseMotion scene=combat
[DEBUG] Event: MouseMotion scene=combat
[DEBUG] Event: MouseMotion scene=combat
[DEBUG] Event: MouseMotion scene=combat
[DEBUG] Event: MouseButtonDown scene=combat
[DEBUG] Event: MouseMotion scene=combat
[DEBUG] Event: MouseMotion scene=combat
[DEBUG] Event: MouseMotion scene=combat
[DEBUG] Event: MouseMotion scene=combat
[DEBUG] Event: MouseMotion scene=combat
[DEBUG] Event: MouseButtonUp scene=combat
[DEBUG] Event: KeyDown scene=combat
[DEBUG] Event: MouseMotion scene=combat
[DEBUG] Event: MouseMotion scene=combat
[DEBUG] frame=3180 scene=combat fps=61
[DEBUG] Event: MouseMotion scene=combat
[DEBUG] Event: MouseButtonDown scene=combat
[DEBUG] Event: MouseMotion scene=combat
[DEBUG] Event: MouseMotion scene=combat
[DEBUG] Event: MouseMotion scene=combat
[DEBUG] Event: MouseMotion scene=combat
[DEBUG] Event: MouseMotion scene=combat
[DEBUG] Event: MouseMotion scene=combat
[DEBUG] Event: MouseMotion scene=combat
[DEBUG] Event: MouseButtonUp scene=combat
[DEBUG] Event: MouseMotion scene=combat
[DEBUG] Event: MouseMotion scene=combat
[DEBUG] Event: MouseButtonDown scene=combat
[DEBUG] Event: MouseMotion scene=combat
[DEBUG] Event: KeyUp scene=combat
[DEBUG] Event: MouseButtonUp scene=combat
[DEBUG] Event: KeyDown scene=combat
[DEBUG] Event: MouseMotion scene=combat
[DEBUG] Event: MouseMotion scene=combat
[DEBUG] Event: MouseMotion scene=combat
[DEBUG] Event: MouseMotion scene=combat
[DEBUG] Event: MouseMotion scene=combat
[DEBUG] Event: MouseMotion scene=combat
[DEBUG] Event: MouseMotion scene=combat
[DEBUG] Event: MouseMotion scene=combat
[DEBUG] Event: MouseMotion scene=combat
[DEBUG] Event: KeyDown scene=combat
[DEBUG] Event: MouseMotion scene=combat
[DEBUG] Event: KeyUp scene=combat
[DEBUG] Event: MouseMotion scene=combat
[DEBUG] Event: MouseMotion scene=combat
[DEBUG] Event: MouseMotion scene=combat
[DEBUG] Event: MouseMotion scene=combat
[DEBUG] Event: MouseMotion scene=combat
[DEBUG] Event: MouseMotion scene=combat
[DEBUG] Event: MouseMotion scene=combat
[DEBUG] Event: MouseMotion scene=combat
[DEBUG] Event: MouseMotion scene=combat
[DEBUG] Event: MouseMotion scene=combat
[DEBUG] Event: MouseMotion scene=combat
[DEBUG] Event: MouseMotion scene=combat
[DEBUG] Event: MouseMotion scene=combat
[DEBUG] Event: MouseMotion scene=combat
[DEBUG] Event: MouseMotion scene=combat
[DEBUG] Event: MouseMotion scene=combat
[DEBUG] Event: MouseMotion scene=combat
[DEBUG] Event: MouseMotion scene=combat
[DEBUG] Event: MouseMotion scene=combat
[DEBUG] Event: MouseMotion scene=combat
[DEBUG] frame=3240 scene=combat fps=61
[DEBUG] Event: MouseMotion scene=combat
[DEBUG] Event: MouseMotion scene=combat
[DEBUG] Event: MouseMotion scene=combat
[DEBUG] Event: MouseMotion scene=combat
[DEBUG] Event: MouseMotion scene=combat
[DEBUG] Event: MouseMotion scene=combat
[DEBUG] Event: MouseMotion scene=combat
[DEBUG] Event: MouseMotion scene=combat
[DEBUG] Event: MouseButtonDown scene=combat
[DEBUG] Event: MouseMotion scene=combat
[DEBUG] Event: MouseMotion scene=combat
[DEBUG] Event: MouseMotion scene=combat
[DEBUG] Event: MouseMotion scene=combat
[DEBUG] Event: MouseMotion scene=combat
[DEBUG] Event: MouseMotion scene=combat
[DEBUG] Event: MouseMotion scene=combat
[DEBUG] Event: MouseMotion scene=combat
[DEBUG] Event: MouseMotion scene=combat
[DEBUG] Event: MouseMotion scene=combat
[DEBUG] Event: MouseMotion scene=combat
[DEBUG] Event: MouseMotion scene=combat
[DEBUG] Event: MouseMotion scene=combat
[DEBUG] Event: MouseButtonUp scene=combat
[DEBUG] Event: MouseMotion scene=combat
[DEBUG] Event: MouseMotion scene=combat
[DEBUG] Event: MouseMotion scene=combat
[DEBUG] Event: MouseMotion scene=combat
[DEBUG] Event: MouseMotion scene=combat
[DEBUG] Event: KeyDown scene=combat
[DEBUG] Event: MouseMotion scene=combat
[DEBUG] Event: MouseMotion scene=combat
[DEBUG] Event: KeyUp scene=combat
[DEBUG] Event: MouseMotion scene=combat
[DEBUG] Event: MouseMotion scene=combat
[DEBUG] Event: MouseMotion scene=combat
[DEBUG] Event: MouseMotion scene=combat
[DEBUG] Event: MouseMotion scene=combat
[DEBUG] Event: MouseMotion scene=combat
[DEBUG] Event: MouseMotion scene=combat
[DEBUG] Event: MouseMotion scene=combat
[DEBUG] Event: MouseMotion scene=combat
[DEBUG] Event: MouseMotion scene=combat
[DEBUG] Event: MouseMotion scene=combat
[DEBUG] Event: MouseMotion scene=combat
[DEBUG] frame=3300 scene=combat fps=60
[DEBUG] Event: MouseMotion scene=combat
[DEBUG] Event: MouseMotion scene=combat
[DEBUG] Event: MouseMotion scene=combat
[DEBUG] Event: MouseButtonDown scene=combat
[DEBUG] Event: MouseMotion scene=combat
[DEBUG] Event: MouseMotion scene=combat
[DEBUG] Event: MouseMotion scene=combat
[DEBUG] Event: MouseMotion scene=combat
[DEBUG] Event: MouseMotion scene=combat
[DEBUG] Event: MouseMotion scene=combat
[DEBUG] Event: MouseButtonUp scene=combat
[DEBUG] Event: MouseMotion scene=combat
[DEBUG] Event: MouseMotion scene=combat
[DEBUG] Event: MouseMotion scene=combat
[DEBUG] Event: MouseMotion scene=combat
[DEBUG] Event: MouseMotion scene=combat
[DEBUG] frame=3360 scene=combat fps=61
[DEBUG] Event: MouseMotion scene=combat
[DEBUG] Event: MouseMotion scene=combat
[DEBUG] Event: MouseMotion scene=combat
[DEBUG] Event: MouseMotion scene=combat
[DEBUG] Event: MouseMotion scene=combat
[DEBUG] Event: MouseMotion scene=combat
[DEBUG] Event: MouseMotion scene=combat
[DEBUG] Event: MouseMotion scene=combat
[DEBUG] Event: MouseMotion scene=combat
[DEBUG] Event: KeyDown scene=combat
[DEBUG] Event: MouseMotion scene=combat
[DEBUG] Event: MouseMotion scene=combat
[DEBUG] Event: MouseMotion scene=combat
[DEBUG] Event: MouseMotion scene=combat
[DEBUG] Event: MouseMotion scene=combat
[DEBUG] Event: MouseMotion scene=combat
[DEBUG] Event: MouseMotion scene=combat
[DEBUG] Event: MouseMotion scene=combat
[DEBUG] Event: MouseMotion scene=combat
[DEBUG] Event: MouseMotion scene=combat
[DEBUG] Event: MouseMotion scene=combat
[DEBUG] Event: MouseMotion scene=combat
[DEBUG] Event: MouseMotion scene=combat
[DEBUG] Event: MouseMotion scene=combat
[DEBUG] Event: MouseMotion scene=combat
[DEBUG] Event: MouseMotion scene=combat
[DEBUG] Event: KeyDown scene=combat
[DEBUG] Event: MouseMotion scene=combat
[DEBUG] Event: MouseMotion scene=combat
[DEBUG] Event: MouseMotion scene=combat
[DEBUG] Event: MouseMotion scene=combat
[DEBUG] Event: MouseMotion scene=combat
[DEBUG] Event: MouseMotion scene=combat
[DEBUG] Event: MouseMotion scene=combat
[DEBUG] Event: MouseMotion scene=combat
[DEBUG] Event: MouseMotion scene=combat
[DEBUG] Event: MouseMotion scene=combat
[DEBUG] Event: MouseMotion scene=combat
[DEBUG] Event: MouseMotion scene=combat
[DEBUG] Event: MouseMotion scene=combat
[DEBUG] Event: MouseMotion scene=combat
[DEBUG] Event: MouseMotion scene=combat
[DEBUG] Event: MouseMotion scene=combat
[DEBUG] Event: MouseMotion scene=combat
[DEBUG] Event: MouseMotion scene=combat
[DEBUG] Event: MouseMotion scene=combat
[DEBUG] Event: MouseMotion scene=combat
[DEBUG] Event: MouseMotion scene=combat
[DEBUG] Event: MouseMotion scene=combat
[DEBUG] Event: MouseMotion scene=combat
[DEBUG] Event: MouseMotion scene=combat
[DEBUG] Event: MouseMotion scene=combat
[DEBUG] Event: KeyUp scene=combat
[DEBUG] Event: KeyUp scene=combat
[DEBUG] Event: MouseMotion scene=combat
[DEBUG] Event: MouseMotion scene=combat
[DEBUG] Event: MouseMotion scene=combat
[DEBUG] Event: MouseMotion scene=combat
[DEBUG] Event: KeyUp scene=combat
[DEBUG] Event: MouseMotion scene=combat
[DEBUG] Event: MouseMotion scene=combat
[DEBUG] Event: MouseMotion scene=combat
[DEBUG] Event: MouseMotion scene=combat
[DEBUG] Event: MouseMotion scene=combat
[DEBUG] frame=3420 scene=combat fps=61
[DEBUG] Event: KeyDown scene=combat
[DEBUG] Event: MouseMotion scene=combat
[DEBUG] Event: MouseMotion scene=combat
[DEBUG] Event: MouseMotion scene=combat
[DEBUG] Event: MouseMotion scene=combat
[DEBUG] Event: MouseMotion scene=combat
[DEBUG] Event: MouseMotion scene=combat
[DEBUG] Event: MouseMotion scene=combat
[DEBUG] Event: MouseMotion scene=combat
[DEBUG] Event: MouseMotion scene=combat
[DEBUG] Event: MouseMotion scene=combat
[DEBUG] Event: MouseMotion scene=combat
[DEBUG] Event: MouseMotion scene=combat
[DEBUG] Event: MouseMotion scene=combat
[DEBUG] Event: KeyDown scene=combat
[DEBUG] Event: MouseMotion scene=combat
[DEBUG] Event: MouseMotion scene=combat
[DEBUG] Event: MouseMotion scene=combat
[DEBUG] Event: MouseMotion scene=combat
[DEBUG] Event: MouseMotion scene=combat
[DEBUG] Event: MouseMotion scene=combat
[DEBUG] Event: MouseMotion scene=combat
[DEBUG] Event: MouseMotion scene=combat
[DEBUG] Event: MouseMotion scene=combat
[DEBUG] Event: MouseMotion scene=combat
[DEBUG] Event: MouseMotion scene=combat
[DEBUG] Event: MouseMotion scene=combat
[DEBUG] Event: MouseMotion scene=combat
[DEBUG] Event: MouseMotion scene=combat
[DEBUG] Event: MouseMotion scene=combat
[DEBUG] Event: MouseMotion scene=combat
[DEBUG] Event: MouseMotion scene=combat
[DEBUG] Event: MouseMotion scene=combat
[DEBUG] Event: MouseMotion scene=combat
[DEBUG] frame=3480 scene=combat fps=61
[DEBUG] Event: KeyUp scene=combat
[DEBUG] Event: KeyUp scene=combat
[DEBUG] Event: KeyDown scene=combat
[DEBUG] Event: KeyUp scene=combat
[DEBUG] Event: MouseMotion scene=combat
[DEBUG] frame=3540 scene=combat fps=61
[DEBUG] Event: MouseMotion scene=combat
[DEBUG] Event: MouseMotion scene=combat
[DEBUG] Event: MouseMotion scene=combat
[DEBUG] Event: KeyDown scene=combat
[DEBUG] Event: KeyUp scene=combat
[DEBUG] Event: MouseMotion scene=combat
[DEBUG] Event: MouseMotion scene=combat
[DEBUG] Event: MouseMotion scene=combat
[DEBUG] Event: MouseMotion scene=combat
[DEBUG] Event: MouseMotion scene=combat
[DEBUG] Event: MouseMotion scene=combat
[DEBUG] Event: MouseMotion scene=combat
[DEBUG] frame=3600 scene=combat fps=59
[DEBUG] Event: MouseMotion scene=combat
[DEBUG] Event: MouseMotion scene=combat
[DEBUG] Event: MouseMotion scene=combat
[DEBUG] Event: MouseMotion scene=combat
[DEBUG] Event: MouseMotion scene=combat
[DEBUG] Event: MouseMotion scene=combat
[DEBUG] Event: MouseMotion scene=combat
[DEBUG] Event: MouseMotion scene=combat
[DEBUG] Event: MouseMotion scene=combat
[DEBUG] Event: MouseMotion scene=combat
[DEBUG] Event: MouseMotion scene=combat
[DEBUG] Event: MouseMotion scene=combat
[DEBUG] Event: MouseMotion scene=combat
[DEBUG] Event: MouseMotion scene=combat
[DEBUG] Event: MouseMotion scene=combat
[DEBUG] Event: MouseMotion scene=combat
[DEBUG] Event: MouseMotion scene=combat
[DEBUG] Event: MouseMotion scene=combat
[DEBUG] Event: MouseMotion scene=combat
[DEBUG] Event: MouseMotion scene=combat
[DEBUG] Event: MouseMotion scene=combat
[DEBUG] Event: MouseMotion scene=combat
[DEBUG] Event: MouseMotion scene=combat
[DEBUG] Event: MouseMotion scene=combat
[DEBUG] Event: MouseMotion scene=combat
[DEBUG] Event: MouseMotion scene=combat
[DEBUG] Event: MouseMotion scene=combat
[DEBUG] Event: MouseMotion scene=combat
[DEBUG] Event: MouseMotion scene=combat
[DEBUG] Event: MouseMotion scene=combat
[DEBUG] Event: MouseMotion scene=combat
[DEBUG] Event: MouseMotion scene=combat
[DEBUG] Event: MouseMotion scene=combat
[DEBUG] Event: MouseMotion scene=combat
[DEBUG] Event: MouseMotion scene=combat
[DEBUG] Event: MouseMotion scene=combat
[DEBUG] Event: MouseMotion scene=combat
[DEBUG] Event: MouseMotion scene=combat
[DEBUG] Event: MouseMotion scene=combat
[DEBUG] Event: MouseMotion scene=combat
[DEBUG] Event: MouseMotion scene=combat
[DEBUG] Event: MouseMotion scene=combat
[DEBUG] Event: MouseMotion scene=combat
[DEBUG] Event: MouseMotion scene=combat
[DEBUG] Event: MouseMotion scene=combat
[DEBUG] Event: MouseMotion scene=combat
[DEBUG] frame=3660 scene=combat fps=60
[DEBUG] Event: MouseMotion scene=combat
[DEBUG] Event: MouseMotion scene=combat
[DEBUG] Event: MouseMotion scene=combat
[DEBUG] Event: MouseMotion scene=combat
[DEBUG] Event: MouseMotion scene=combat
[DEBUG] Event: MouseMotion scene=combat
[DEBUG] Event: MouseMotion scene=combat
[DEBUG] Event: MouseMotion scene=combat
[DEBUG] Event: MouseMotion scene=combat
[DEBUG] Event: MouseMotion scene=combat
[DEBUG] Event: MouseMotion scene=combat
[DEBUG] Event: MouseMotion scene=combat
[DEBUG] Event: MouseMotion scene=combat
[DEBUG] Event: MouseMotion scene=combat
[DEBUG] Event: MouseMotion scene=combat
[DEBUG] Event: MouseMotion scene=combat
[DEBUG] Event: MouseMotion scene=combat
[DEBUG] Event: MouseMotion scene=combat
[DEBUG] Event: MouseMotion scene=combat
[DEBUG] Event: MouseMotion scene=combat
[DEBUG] Event: MouseMotion scene=combat
[DEBUG] Event: MouseMotion scene=combat
[DEBUG] Event: MouseMotion scene=combat
[DEBUG] Event: MouseMotion scene=combat
[DEBUG] Event: MouseMotion scene=combat
[DEBUG] Event: MouseMotion scene=combat
[DEBUG] Event: MouseMotion scene=combat
[DEBUG] Event: MouseMotion scene=combat
[DEBUG] Event: MouseMotion scene=combat
[DEBUG] Event: MouseMotion scene=combat
[DEBUG] Event: MouseMotion scene=combat
[DEBUG] Event: MouseMotion scene=combat
[DEBUG] Event: MouseMotion scene=combat
[DEBUG] Event: MouseMotion scene=combat
[DEBUG] Event: MouseMotion scene=combat
[DEBUG] Event: MouseMotion scene=combat
[DEBUG] Event: MouseMotion scene=combat
[DEBUG] Event: MouseMotion scene=combat
[DEBUG] Event: MouseMotion scene=combat
[DEBUG] Event: MouseMotion scene=combat
[DEBUG] Event: MouseMotion scene=combat
[DEBUG] Event: MouseMotion scene=combat
[DEBUG] Event: MouseMotion scene=combat
[DEBUG] Event: MouseMotion scene=combat
[DEBUG] Event: MouseMotion scene=combat
[DEBUG] Event: MouseMotion scene=combat
[DEBUG] Event: MouseMotion scene=combat
[DEBUG] Event: MouseMotion scene=combat
[DEBUG] Event: MouseMotion scene=combat
[DEBUG] frame=3720 scene=combat fps=60
[DEBUG] Event: MouseMotion scene=combat
[DEBUG] Event: MouseMotion scene=combat
[DEBUG] Event: MouseMotion scene=combat
[DEBUG] Event: MouseMotion scene=combat
[DEBUG] Event: MouseMotion scene=combat
[DEBUG] Event: MouseMotion scene=combat
[DEBUG] Event: MouseMotion scene=combat
[DEBUG] Event: MouseMotion scene=combat
[DEBUG] Event: MouseMotion scene=combat
[DEBUG] Event: MouseMotion scene=combat
[DEBUG] Event: MouseMotion scene=combat
[DEBUG] Event: MouseMotion scene=combat
[DEBUG] Event: MouseMotion scene=combat
[DEBUG] Event: MouseMotion scene=combat
[DEBUG] Event: MouseMotion scene=combat
[DEBUG] Event: MouseMotion scene=combat
[DEBUG] Event: MouseMotion scene=combat
[DEBUG] Event: MouseMotion scene=combat
[DEBUG] Event: MouseMotion scene=combat
[DEBUG] Event: MouseMotion scene=combat
[DEBUG] Event: MouseMotion scene=combat
[DEBUG] Event: MouseMotion scene=combat
[DEBUG] Event: MouseMotion scene=combat
[DEBUG] Event: MouseMotion scene=combat
[DEBUG] Event: MouseMotion scene=combat
[DEBUG] Event: MouseMotion scene=combat
[DEBUG] Event: MouseMotion scene=combat
[DEBUG] Event: MouseMotion scene=combat
[DEBUG] Event: MouseMotion scene=combat
[DEBUG] Event: MouseMotion scene=combat
[DEBUG] Event: MouseMotion scene=combat
[DEBUG] Event: MouseMotion scene=combat
[DEBUG] Event: MouseMotion scene=combat
[DEBUG] Event: MouseMotion scene=combat
[DEBUG] Event: MouseMotion scene=combat
[DEBUG] Event: MouseMotion scene=combat
[DEBUG] Event: MouseMotion scene=combat
[DEBUG] Event: MouseMotion scene=combat
[DEBUG] frame=3780 scene=combat fps=62
[DEBUG] Event: MouseMotion scene=combat
[DEBUG] Event: MouseMotion scene=combat
[DEBUG] Event: MouseMotion scene=combat
[DEBUG] Event: MouseMotion scene=combat
[DEBUG] Event: MouseMotion scene=combat
[DEBUG] Event: MouseMotion scene=combat
[DEBUG] Event: MouseMotion scene=combat
[DEBUG] Event: MouseMotion scene=combat
[DEBUG] Event: MouseMotion scene=combat
[DEBUG] Event: MouseMotion scene=combat
[DEBUG] Event: MouseMotion scene=combat
[DEBUG] Event: MouseMotion scene=combat
[DEBUG] Event: MouseMotion scene=combat
[DEBUG] Event: MouseMotion scene=combat
[DEBUG] Event: MouseMotion scene=combat
[DEBUG] Event: MouseMotion scene=combat
[DEBUG] Event: MouseMotion scene=combat
[DEBUG] Event: MouseMotion scene=combat
[DEBUG] Event: MouseMotion scene=combat
[DEBUG] Event: MouseMotion scene=combat
[DEBUG] Event: MouseMotion scene=combat
[DEBUG] Event: MouseMotion scene=combat
[DEBUG] Event: MouseMotion scene=combat
[DEBUG] Event: MouseMotion scene=combat
[DEBUG] Event: MouseMotion scene=combat
[DEBUG] Event: MouseMotion scene=combat
[DEBUG] Event: MouseMotion scene=combat
[DEBUG] Event: MouseMotion scene=combat
[DEBUG] Event: MouseMotion scene=combat
[DEBUG] Event: MouseMotion scene=combat
[DEBUG] Event: MouseMotion scene=combat
[DEBUG] Event: MouseMotion scene=combat
[DEBUG] Event: MouseMotion scene=combat
[DEBUG] Event: MouseMotion scene=combat
[DEBUG] Event: MouseMotion scene=combat
[DEBUG] frame=3840 scene=combat fps=61
[DEBUG] Event: MouseMotion scene=combat
[DEBUG] Event: MouseMotion scene=combat
[DEBUG] Event: MouseMotion scene=combat
[DEBUG] Event: MouseMotion scene=combat
[DEBUG] Event: MouseMotion scene=combat
[DEBUG] Event: MouseMotion scene=combat
[DEBUG] Event: MouseMotion scene=combat
[DEBUG] Event: MouseMotion scene=combat
[DEBUG] Event: MouseMotion scene=combat
[DEBUG] Event: MouseMotion scene=combat
[DEBUG] Event: MouseMotion scene=combat
[DEBUG] Event: MouseMotion scene=combat
[DEBUG] Event: MouseMotion scene=combat
[DEBUG] Event: MouseMotion scene=combat
[DEBUG] Event: MouseMotion scene=combat
[DEBUG] Event: MouseMotion scene=combat
[DEBUG] Event: MouseMotion scene=combat
[DEBUG] Event: MouseMotion scene=combat
[DEBUG] Event: MouseMotion scene=combat
[DEBUG] Event: MouseMotion scene=combat
[DEBUG] Event: MouseMotion scene=combat
[DEBUG] Event: MouseMotion scene=combat
[DEBUG] Event: MouseMotion scene=combat
[DEBUG] Event: MouseMotion scene=combat
[DEBUG] Event: MouseMotion scene=combat
[DEBUG] Event: MouseMotion scene=combat
[DEBUG] Event: MouseMotion scene=combat
[DEBUG] Event: MouseMotion scene=combat
[DEBUG] Event: MouseMotion scene=combat
[DEBUG] Event: MouseMotion scene=combat
[DEBUG] Event: MouseMotion scene=combat
[DEBUG] Event: MouseMotion scene=combat
[DEBUG] Event: MouseMotion scene=combat
[DEBUG] Event: MouseMotion scene=combat
[DEBUG] Event: MouseMotion scene=combat
[DEBUG] Event: MouseMotion scene=combat
[DEBUG] Event: MouseMotion scene=combat
[DEBUG] Event: MouseMotion scene=combat
[DEBUG] Event: MouseMotion scene=combat
[DEBUG] Event: MouseMotion scene=combat
[DEBUG] Event: MouseMotion scene=combat
[DEBUG] Event: MouseMotion scene=combat
[DEBUG] Event: MouseMotion scene=combat
[DEBUG] Event: MouseMotion scene=combat
[DEBUG] Event: MouseMotion scene=combat
[DEBUG] Event: MouseMotion scene=combat
[DEBUG] Event: MouseMotion scene=combat
[DEBUG] Event: MouseMotion scene=combat
[DEBUG] Event: MouseMotion scene=combat
[DEBUG] Event: MouseMotion scene=combat
[DEBUG] Event: MouseMotion scene=combat
[DEBUG] Event: MouseMotion scene=combat
[DEBUG] Event: MouseMotion scene=combat
[DEBUG] Event: MouseMotion scene=combat
[DEBUG] Event: MouseMotion scene=combat
[DEBUG] frame=3900 scene=combat fps=61
[DEBUG] Event: MouseMotion scene=combat
[DEBUG] Event: MouseMotion scene=combat
[DEBUG] Event: MouseMotion scene=combat
[DEBUG] Event: MouseMotion scene=combat
[DEBUG] Event: MouseMotion scene=combat
[DEBUG] Event: MouseMotion scene=combat
[DEBUG] Event: MouseMotion scene=combat
[DEBUG] Event: MouseMotion scene=combat
[DEBUG] Event: MouseMotion scene=combat
[DEBUG] Event: MouseMotion scene=combat
[DEBUG] Event: MouseMotion scene=combat
[DEBUG] Event: MouseMotion scene=combat
[DEBUG] Event: MouseMotion scene=combat
[DEBUG] Event: MouseButtonDown scene=combat
[DEBUG] Event: MouseMotion scene=combat
[DEBUG] Event: MouseMotion scene=combat
[DEBUG] Event: MouseMotion scene=combat
[DEBUG] Event: MouseMotion scene=combat
[DEBUG] Event: MouseButtonUp scene=combat
[DEBUG] Event: MouseMotion scene=combat
[DEBUG] Event: MouseMotion scene=combat
[DEBUG] Event: MouseMotion scene=combat
[DEBUG] Event: MouseMotion scene=combat
[DEBUG] Event: MouseMotion scene=combat
[DEBUG] Event: MouseMotion scene=combat
[DEBUG] Event: MouseMotion scene=combat
[DEBUG] Event: MouseMotion scene=combat
[DEBUG] Event: MouseMotion scene=combat
[DEBUG] Event: MouseMotion scene=combat
[DEBUG] frame=3960 scene=combat fps=61
[DEBUG] Event: MouseMotion scene=combat
[DEBUG] Event: MouseMotion scene=combat
[DEBUG] Event: MouseMotion scene=combat
[DEBUG] Event: MouseMotion scene=combat
[DEBUG] Event: MouseMotion scene=combat
[DEBUG] Event: MouseMotion scene=combat
[DEBUG] Event: MouseMotion scene=combat
[DEBUG] Event: MouseMotion scene=combat
[DEBUG] Event: MouseMotion scene=combat
[DEBUG] Event: MouseMotion scene=combat
[DEBUG] Event: MouseMotion scene=combat
[DEBUG] Event: MouseMotion scene=combat
[DEBUG] Event: MouseMotion scene=combat
[DEBUG] Event: MouseMotion scene=combat
[DEBUG] Event: MouseMotion scene=combat
[DEBUG] Event: MouseMotion scene=combat
[DEBUG] Event: MouseMotion scene=combat
[DEBUG] Event: MouseMotion scene=combat
[DEBUG] Event: MouseMotion scene=combat
[DEBUG] Event: MouseMotion scene=combat
[DEBUG] Event: MouseMotion scene=combat
[DEBUG] Event: MouseMotion scene=combat
[DEBUG] Event: MouseMotion scene=combat
[DEBUG] Event: MouseMotion scene=combat
[DEBUG] Event: MouseMotion scene=combat
[DEBUG] Event: MouseMotion scene=combat
[DEBUG] Event: MouseMotion scene=combat
[DEBUG] Event: MouseMotion scene=combat
[DEBUG] Event: MouseMotion scene=combat
[DEBUG] Event: MouseMotion scene=combat
[DEBUG] Event: MouseMotion scene=combat
[DEBUG] Event: MouseMotion scene=combat
[DEBUG] Event: MouseMotion scene=combat
[DEBUG] Event: MouseMotion scene=combat
[DEBUG] Event: MouseMotion scene=combat
[DEBUG] Event: MouseButtonDown scene=combat
[DEBUG] Event: MouseMotion scene=combat
[DEBUG] Event: MouseMotion scene=combat
[DEBUG] Event: MouseMotion scene=combat
[DEBUG] Event: MouseButtonUp scene=combat
[DEBUG] frame=4020 scene=combat fps=60
[DEBUG] Event: MouseMotion scene=combat
[DEBUG] Event: MouseMotion scene=combat
[DEBUG] Event: KeyDown scene=combat
[DEBUG] Event: MouseMotion scene=combat
[DEBUG] Event: MouseMotion scene=combat
[DEBUG] Event: KeyUp scene=combat
[DEBUG] Event: KeyDown scene=combat
[DEBUG] Event: MouseMotion scene=combat
[DEBUG] Event: MouseMotion scene=combat
[DEBUG] Event: MouseMotion scene=combat
[DEBUG] Event: MouseMotion scene=combat
[DEBUG] Event: MouseMotion scene=combat
[DEBUG] Event: MouseMotion scene=combat
[DEBUG] Event: MouseMotion scene=combat
[DEBUG] Event: MouseMotion scene=combat
[DEBUG] Event: MouseMotion scene=combat
[DEBUG] Event: MouseMotion scene=combat
[DEBUG] Event: MouseMotion scene=combat
[DEBUG] Event: MouseMotion scene=combat
[DEBUG] Event: MouseMotion scene=combat
[DEBUG] Event: MouseMotion scene=combat
[DEBUG] Event: MouseMotion scene=combat
[DEBUG] Event: MouseMotion scene=combat
[DEBUG] Event: MouseMotion scene=combat
[DEBUG] Event: MouseMotion scene=combat
[DEBUG] Event: KeyUp scene=combat
[DEBUG] Event: MouseMotion scene=combat
[DEBUG] Event: MouseMotion scene=combat
[DEBUG] Event: MouseMotion scene=combat
[DEBUG] Event: MouseMotion scene=combat
[DEBUG] Event: MouseMotion scene=combat
[DEBUG] Event: MouseMotion scene=combat
[DEBUG] Event: MouseMotion scene=combat
[DEBUG] Event: MouseMotion scene=combat
[DEBUG] Event: MouseMotion scene=combat
[DEBUG] Event: MouseMotion scene=combat
[DEBUG] frame=4080 scene=combat fps=60
[DEBUG] Event: MouseMotion scene=combat
[DEBUG] Event: MouseMotion scene=combat
[DEBUG] Event: MouseMotion scene=combat
[DEBUG] Event: MouseMotion scene=combat
[DEBUG] Event: MouseMotion scene=combat
[DEBUG] Event: MouseButtonDown scene=combat
[DEBUG] Event: MouseMotion scene=combat
[DEBUG] Event: MouseMotion scene=combat
[DEBUG] Event: KeyDown scene=combat
[DEBUG] Event: MouseMotion scene=combat
[DEBUG] Event: MouseMotion scene=combat
[DEBUG] Event: MouseButtonUp scene=combat
[DEBUG] Event: MouseMotion scene=combat
[DEBUG] Event: MouseMotion scene=combat
[DEBUG] Event: MouseMotion scene=combat
[DEBUG] Event: MouseMotion scene=combat
[DEBUG] Event: MouseMotion scene=combat
[DEBUG] Event: MouseMotion scene=combat
[DEBUG] Event: MouseMotion scene=combat
[DEBUG] Event: MouseMotion scene=combat
[DEBUG] Event: MouseMotion scene=combat
[DEBUG] Event: KeyUp scene=combat
[DEBUG] Event: MouseMotion scene=combat
[DEBUG] Event: MouseMotion scene=combat
[DEBUG] Event: MouseMotion scene=combat
[DEBUG] Event: KeyDown scene=combat
[DEBUG] Event: MouseMotion scene=combat
[DEBUG] Event: MouseMotion scene=combat
[DEBUG] Event: MouseMotion scene=combat
[DEBUG] Event: MouseMotion scene=combat
[DEBUG] Event: MouseMotion scene=combat
[DEBUG] Event: KeyUp scene=combat
[DEBUG] Event: KeyDown scene=combat
[DEBUG] Event: MouseMotion scene=combat
[DEBUG] Event: MouseMotion scene=combat
[DEBUG] Event: MouseMotion scene=combat
[DEBUG] Event: MouseMotion scene=combat
[DEBUG] Event: KeyUp scene=combat
[DEBUG] Event: MouseMotion scene=combat
[DEBUG] Event: MouseMotion scene=combat
[DEBUG] Event: MouseMotion scene=combat
[DEBUG] Event: MouseMotion scene=combat
[DEBUG] Event: MouseMotion scene=combat
[DEBUG] Event: MouseMotion scene=combat
[DEBUG] Event: MouseMotion scene=combat
[DEBUG] Event: MouseMotion scene=combat
[DEBUG] frame=4140 scene=combat fps=60
[DEBUG] Event: MouseMotion scene=combat
[DEBUG] Event: MouseMotion scene=combat
[DEBUG] Event: MouseMotion scene=combat
[DEBUG] Event: MouseMotion scene=combat
[DEBUG] Event: MouseMotion scene=combat
[DEBUG] Event: MouseMotion scene=combat
[DEBUG] Event: MouseMotion scene=combat
[DEBUG] Event: MouseMotion scene=combat
[DEBUG] Event: MouseMotion scene=combat
[DEBUG] Event: MouseMotion scene=combat
[DEBUG] Event: MouseButtonDown scene=combat
[DEBUG] Event: KeyDown scene=combat
[DEBUG] Event: MouseMotion scene=combat
[DEBUG] Event: MouseButtonUp scene=combat
[DEBUG] Event: KeyUp scene=combat
[DEBUG] Event: MouseMotion scene=combat
[DEBUG] Event: MouseMotion scene=combat
[DEBUG] Event: MouseMotion scene=combat
[DEBUG] Event: MouseMotion scene=combat
[DEBUG] Event: MouseMotion scene=combat
[DEBUG] Event: MouseMotion scene=combat
[DEBUG] Event: MouseMotion scene=combat
[DEBUG] Event: MouseMotion scene=combat
[DEBUG] Event: KeyDown scene=combat
[DEBUG] Event: MouseMotion scene=combat
[DEBUG] Event: MouseMotion scene=combat
[DEBUG] Event: MouseMotion scene=combat
[DEBUG] Event: MouseMotion scene=combat
[DEBUG] Event: MouseMotion scene=combat
[DEBUG] Event: MouseMotion scene=combat
[DEBUG] Event: MouseMotion scene=combat
[DEBUG] Event: MouseMotion scene=combat
[DEBUG] Event: MouseMotion scene=combat
[DEBUG] Event: MouseMotion scene=combat
[DEBUG] Event: MouseMotion scene=combat
[DEBUG] Event: MouseMotion scene=combat
[DEBUG] Event: MouseMotion scene=combat
[DEBUG] Event: MouseMotion scene=combat
[DEBUG] Event: MouseMotion scene=combat
[DEBUG] Event: MouseMotion scene=combat
[DEBUG] Event: MouseMotion scene=combat
[DEBUG] Event: MouseMotion scene=combat
[DEBUG] Event: MouseMotion scene=combat
[DEBUG] Event: KeyUp scene=combat
[DEBUG] Event: MouseMotion scene=combat
[DEBUG] Event: MouseMotion scene=combat
[DEBUG] Event: MouseMotion scene=combat
[DEBUG] Event: MouseMotion scene=combat
[DEBUG] frame=4200 scene=combat fps=60
[DEBUG] Event: MouseMotion scene=combat
[DEBUG] Event: MouseMotion scene=combat
[DEBUG] Event: MouseMotion scene=combat
[DEBUG] Event: KeyDown scene=combat
[DEBUG] Event: MouseMotion scene=combat
[DEBUG] Event: MouseButtonDown scene=combat
[DEBUG] Event: MouseMotion scene=combat
[DEBUG] Event: KeyUp scene=combat
[DEBUG] Event: MouseMotion scene=combat
[DEBUG] Event: MouseMotion scene=combat
[DEBUG] Event: MouseMotion scene=combat
[DEBUG] Event: MouseMotion scene=combat
[DEBUG] Event: MouseMotion scene=combat
[DEBUG] Event: MouseButtonUp scene=combat
[DEBUG] Event: KeyDown scene=combat
[DEBUG] Event: MouseMotion scene=combat
[DEBUG] Event: MouseMotion scene=combat
[DEBUG] Event: MouseMotion scene=combat
[DEBUG] Event: MouseMotion scene=combat
[DEBUG] Event: MouseMotion scene=combat
[DEBUG] Event: MouseMotion scene=combat
[DEBUG] Event: MouseMotion scene=combat
[DEBUG] Event: MouseMotion scene=combat
[DEBUG] Event: MouseMotion scene=combat
[DEBUG] Event: MouseMotion scene=combat
[DEBUG] Event: MouseMotion scene=combat
[DEBUG] Event: MouseMotion scene=combat
[DEBUG] Event: MouseMotion scene=combat
[DEBUG] Event: MouseMotion scene=combat
[DEBUG] Event: MouseMotion scene=combat
[DEBUG] Event: MouseMotion scene=combat
[DEBUG] Event: MouseMotion scene=combat
[DEBUG] Event: MouseMotion scene=combat
[DEBUG] Event: MouseMotion scene=combat
[DEBUG] Event: MouseMotion scene=combat
[DEBUG] Event: MouseMotion scene=combat
[DEBUG] frame=4260 scene=combat fps=60
[DEBUG] Event: MouseMotion scene=combat
[DEBUG] Event: MouseMotion scene=combat
[DEBUG] Event: MouseMotion scene=combat
[DEBUG] Event: MouseMotion scene=combat
[DEBUG] Event: MouseButtonDown scene=combat
[DEBUG] Event: MouseMotion scene=combat
[DEBUG] Event: MouseMotion scene=combat
[DEBUG] Event: MouseMotion scene=combat
[DEBUG] Event: MouseMotion scene=combat
[DEBUG] Event: KeyDown scene=combat
[DEBUG] Event: MouseMotion scene=combat
[DEBUG] Event: KeyUp scene=combat
[DEBUG] Event: MouseMotion scene=combat
[DEBUG] Event: MouseMotion scene=combat
[DEBUG] Event: MouseMotion scene=combat
[DEBUG] Event: MouseMotion scene=combat
[DEBUG] Event: MouseButtonUp scene=combat
[DEBUG] Event: MouseMotion scene=combat
[DEBUG] Event: MouseMotion scene=combat
[DEBUG] Event: MouseMotion scene=combat
[DEBUG] Event: MouseMotion scene=combat
[DEBUG] Event: MouseMotion scene=combat
[DEBUG] Event: MouseMotion scene=combat
[DEBUG] Event: MouseMotion scene=combat
[DEBUG] Event: MouseMotion scene=combat
[DEBUG] Event: KeyDown scene=combat
[DEBUG] Event: MouseMotion scene=combat
[DEBUG] Event: KeyUp scene=combat
[DEBUG] Event: MouseMotion scene=combat
[DEBUG] Event: MouseMotion scene=combat
[DEBUG] Event: MouseMotion scene=combat
[DEBUG] Event: MouseMotion scene=combat
[DEBUG] Event: MouseButtonDown scene=combat
[DEBUG] Event: MouseMotion scene=combat
[DEBUG] Event: MouseMotion scene=combat
[DEBUG] Event: MouseMotion scene=combat
[DEBUG] Event: MouseButtonUp scene=combat
[DEBUG] Event: MouseMotion scene=combat
[DEBUG] Event: KeyDown scene=combat
[DEBUG] Event: KeyUp scene=combat
[DEBUG] Event: MouseMotion scene=combat
[DEBUG] Event: MouseMotion scene=combat
[DEBUG] Event: MouseMotion scene=combat
[DEBUG] Event: MouseMotion scene=combat
[DEBUG] frame=4320 scene=combat fps=60
[DEBUG] Event: MouseMotion scene=combat
[DEBUG] Event: MouseMotion scene=combat
[DEBUG] Event: KeyDown scene=combat
[DEBUG] Event: MouseMotion scene=combat
[DEBUG] Event: KeyUp scene=combat
[DEBUG] Event: MouseMotion scene=combat
[DEBUG] Event: MouseMotion scene=combat
[DEBUG] Event: MouseMotion scene=combat
[DEBUG] Event: MouseMotion scene=combat
[DEBUG] Event: MouseMotion scene=combat
[DEBUG] Event: MouseMotion scene=combat
[DEBUG] Event: MouseMotion scene=combat
[DEBUG] Event: MouseMotion scene=combat
[DEBUG] Event: MouseMotion scene=combat
[DEBUG] Event: KeyDown scene=combat
[DEBUG] Event: KeyUp scene=combat
[DEBUG] Event: MouseMotion scene=combat
[DEBUG] Event: MouseMotion scene=combat
[DEBUG] Event: MouseMotion scene=combat
[DEBUG] Event: MouseMotion scene=combat
[DEBUG] Event: MouseMotion scene=combat
[DEBUG] Event: MouseMotion scene=combat
[DEBUG] Event: MouseMotion scene=combat
[DEBUG] Event: MouseMotion scene=combat
[DEBUG] Event: MouseButtonDown scene=combat
[DEBUG] Event: MouseMotion scene=combat
[DEBUG] Event: KeyUp scene=combat
[DEBUG] Event: MouseMotion scene=combat
[DEBUG] Event: MouseMotion scene=combat
[DEBUG] Event: MouseMotion scene=combat
[DEBUG] Event: MouseMotion scene=combat
[DEBUG] Event: MouseButtonUp scene=combat
[DEBUG] Event: MouseMotion scene=combat
[DEBUG] Event: MouseMotion scene=combat
[DEBUG] Event: MouseMotion scene=combat
[DEBUG] Event: MouseMotion scene=combat
[DEBUG] Event: MouseButtonDown scene=combat
[DEBUG] Event: MouseMotion scene=combat
[DEBUG] Event: MouseMotion scene=combat
[DEBUG] Event: KeyDown scene=combat
[DEBUG] Event: MouseMotion scene=combat
[DEBUG] Event: MouseButtonUp scene=combat
[DEBUG] Event: MouseMotion scene=combat
[DEBUG] Event: MouseMotion scene=combat
[DEBUG] Event: MouseMotion scene=combat
[DEBUG] Event: MouseMotion scene=combat
[DEBUG] Event: MouseMotion scene=combat
[DEBUG] Event: MouseMotion scene=combat
[DEBUG] Event: MouseMotion scene=combat
[DEBUG] Event: MouseMotion scene=combat
[DEBUG] Event: MouseMotion scene=combat
[DEBUG] frame=4380 scene=combat fps=61
[DEBUG] Event: MouseMotion scene=combat
[DEBUG] Event: MouseMotion scene=combat
[DEBUG] Event: KeyDown scene=combat
[DEBUG] Event: KeyUp scene=combat
[DEBUG] Event: MouseMotion scene=combat
[DEBUG] Event: MouseMotion scene=combat
[DEBUG] Event: MouseMotion scene=combat
[DEBUG] Event: KeyUp scene=combat
[DEBUG] Event: MouseMotion scene=combat
[DEBUG] Event: KeyDown scene=combat
[DEBUG] Event: MouseMotion scene=combat
[DEBUG] Event: MouseMotion scene=combat
[DEBUG] Event: MouseMotion scene=combat
[DEBUG] Event: MouseMotion scene=combat
[DEBUG] Event: MouseMotion scene=combat
[DEBUG] Event: MouseMotion scene=combat
[DEBUG] Event: MouseMotion scene=combat
[DEBUG] Event: MouseMotion scene=combat
[DEBUG] Event: MouseMotion scene=combat
[DEBUG] Event: MouseMotion scene=combat
[DEBUG] Event: MouseMotion scene=combat
[DEBUG] Event: MouseMotion scene=combat
[DEBUG] Event: MouseMotion scene=combat
[DEBUG] Event: MouseMotion scene=combat
[DEBUG] Event: MouseMotion scene=combat
[DEBUG] Event: MouseMotion scene=combat
[DEBUG] Event: MouseMotion scene=combat
[DEBUG] Event: MouseMotion scene=combat
[DEBUG] Event: MouseMotion scene=combat
[DEBUG] Event: MouseMotion scene=combat
[DEBUG] Event: MouseMotion scene=combat
[DEBUG] Event: MouseMotion scene=combat
[DEBUG] Event: MouseMotion scene=combat
[DEBUG] Event: MouseMotion scene=combat
[DEBUG] Event: MouseMotion scene=combat
[DEBUG] Event: MouseMotion scene=combat
[DEBUG] Event: MouseMotion scene=combat
[DEBUG] frame=4440 scene=combat fps=60
[DEBUG] Event: MouseMotion scene=combat
[DEBUG] Event: MouseMotion scene=combat
[DEBUG] Event: KeyUp scene=combat
[DEBUG] Event: MouseMotion scene=combat
[DEBUG] Event: KeyDown scene=combat
[DEBUG] Event: MouseMotion scene=combat
[DEBUG] Event: MouseMotion scene=combat
[DEBUG] Event: MouseMotion scene=combat
[DEBUG] Event: MouseMotion scene=combat
[DEBUG] Event: MouseMotion scene=combat
[DEBUG] Event: MouseMotion scene=combat
[DEBUG] Event: MouseButtonDown scene=combat
[DEBUG] Event: MouseMotion scene=combat
[DEBUG] Event: MouseMotion scene=combat
[DEBUG] Event: MouseMotion scene=combat
[DEBUG] Event: MouseMotion scene=combat
[DEBUG] Event: MouseButtonUp scene=combat
[DEBUG] Event: MouseMotion scene=combat
[DEBUG] Event: MouseMotion scene=combat
[DEBUG] Event: MouseMotion scene=combat
[DEBUG] Event: MouseMotion scene=combat
[DEBUG] Event: MouseMotion scene=combat
[DEBUG] Event: MouseMotion scene=combat
[DEBUG] Event: MouseMotion scene=combat
[DEBUG] Event: MouseMotion scene=combat
[DEBUG] Event: MouseMotion scene=combat
[DEBUG] Event: MouseMotion scene=combat
[DEBUG] Event: MouseMotion scene=combat
[DEBUG] Event: MouseMotion scene=combat
[DEBUG] Event: MouseMotion scene=combat
[DEBUG] Event: MouseMotion scene=combat
[DEBUG] Event: MouseMotion scene=combat
[DEBUG] Event: MouseMotion scene=combat
[DEBUG] Event: MouseMotion scene=combat
[DEBUG] Event: MouseMotion scene=combat
[DEBUG] Event: MouseMotion scene=combat
[DEBUG] Event: MouseMotion scene=combat
[DEBUG] Event: MouseMotion scene=combat
[DEBUG] Event: MouseMotion scene=combat
[DEBUG] Event: MouseMotion scene=combat
[DEBUG] Event: MouseMotion scene=combat
[DEBUG] Event: MouseMotion scene=combat
[DEBUG] Event: MouseMotion scene=combat
[DEBUG] Event: MouseMotion scene=combat
[DEBUG] Event: MouseMotion scene=combat
[DEBUG] Event: MouseMotion scene=combat
[DEBUG] Event: MouseMotion scene=combat
[DEBUG] Event: MouseMotion scene=combat
[DEBUG] Event: MouseMotion scene=combat
[DEBUG] Event: MouseMotion scene=combat
[DEBUG] Event: MouseMotion scene=combat
[DEBUG] Event: MouseMotion scene=combat
[DEBUG] Event: MouseMotion scene=combat
[DEBUG] Event: MouseMotion scene=combat
[DEBUG] Event: MouseMotion scene=combat
[DEBUG] Event: MouseMotion scene=combat
[DEBUG] Event: MouseMotion scene=combat
[DEBUG] Event: MouseMotion scene=combat
[DEBUG] frame=4500 scene=combat fps=59
[DEBUG] Event: MouseMotion scene=combat
[DEBUG] Event: MouseMotion scene=combat
[DEBUG] Event: MouseMotion scene=combat
[DEBUG] Event: MouseMotion scene=combat
[DEBUG] Event: MouseMotion scene=combat
[DEBUG] Event: KeyDown scene=combat
[DEBUG] Event: MouseMotion scene=combat
[DEBUG] Event: KeyUp scene=combat
[DEBUG] Event: MouseMotion scene=combat
[DEBUG] Event: MouseMotion scene=combat
[DEBUG] Event: MouseMotion scene=combat
[DEBUG] Event: MouseMotion scene=combat
[DEBUG] Event: MouseMotion scene=combat
[DEBUG] Event: MouseMotion scene=combat
[DEBUG] Event: MouseMotion scene=combat
[DEBUG] Event: MouseMotion scene=combat
[DEBUG] Event: MouseMotion scene=combat
[DEBUG] Event: MouseButtonDown scene=combat
[DEBUG] Event: MouseMotion scene=combat
[DEBUG] Event: MouseButtonUp scene=combat
[DEBUG] Event: KeyUp scene=combat
[DEBUG] Event: KeyDown scene=combat
[DEBUG] Event: MouseMotion scene=combat
[DEBUG] Event: MouseMotion scene=combat
[DEBUG] Event: MouseMotion scene=combat
[DEBUG] Event: MouseMotion scene=combat
[DEBUG] Event: MouseMotion scene=combat
[DEBUG] Event: MouseMotion scene=combat
[DEBUG] Event: MouseMotion scene=combat
[DEBUG] frame=4560 scene=combat fps=60
[DEBUG] Event: MouseMotion scene=combat
[DEBUG] Event: MouseMotion scene=combat
[DEBUG] Event: MouseMotion scene=combat
[DEBUG] Event: MouseMotion scene=combat
[DEBUG] Event: MouseMotion scene=combat
[DEBUG] Event: MouseMotion scene=combat
[DEBUG] Event: MouseMotion scene=combat
[DEBUG] Event: MouseMotion scene=combat
[DEBUG] Event: KeyDown scene=combat
[DEBUG] Event: MouseMotion scene=combat
[DEBUG] Event: MouseMotion scene=combat
[DEBUG] Event: MouseMotion scene=combat
[DEBUG] Event: MouseMotion scene=combat
[DEBUG] Event: MouseMotion scene=combat
[DEBUG] Event: MouseMotion scene=combat
[DEBUG] Event: MouseMotion scene=combat
[DEBUG] Event: MouseMotion scene=combat
[DEBUG] Event: MouseMotion scene=combat
[DEBUG] Event: MouseButtonDown scene=combat
[DEBUG] Event: MouseMotion scene=combat
[DEBUG] Event: MouseMotion scene=combat
[DEBUG] Event: KeyUp scene=combat
[DEBUG] Event: MouseMotion scene=combat
[DEBUG] Event: MouseMotion scene=combat
[DEBUG] Event: MouseMotion scene=combat
[DEBUG] Event: MouseMotion scene=combat
[DEBUG] Event: MouseButtonUp scene=combat
[DEBUG] Event: MouseMotion scene=combat
[DEBUG] Event: MouseMotion scene=combat
[DEBUG] Event: MouseButtonDown scene=combat
[DEBUG] Event: KeyDown scene=combat
[DEBUG] Event: MouseButtonUp scene=combat
[DEBUG] Event: MouseMotion scene=combat
[DEBUG] Event: MouseMotion scene=combat
[DEBUG] Event: MouseMotion scene=combat
[DEBUG] Event: MouseMotion scene=combat
[DEBUG] Event: MouseMotion scene=combat
[DEBUG] Event: MouseMotion scene=combat
[DEBUG] Event: MouseMotion scene=combat
[DEBUG] Event: MouseMotion scene=combat
[DEBUG] Event: MouseMotion scene=combat
[DEBUG] Event: KeyUp scene=combat
[DEBUG] Event: MouseMotion scene=combat
[DEBUG] Event: MouseMotion scene=combat
[DEBUG] Event: MouseMotion scene=combat
[DEBUG] frame=4620 scene=combat fps=61
[DEBUG] Event: MouseMotion scene=combat
[DEBUG] Event: MouseMotion scene=combat
[DEBUG] Event: MouseMotion scene=combat
[DEBUG] Event: MouseMotion scene=combat
[DEBUG] Event: MouseMotion scene=combat
[DEBUG] Event: MouseMotion scene=combat
[DEBUG] Event: MouseMotion scene=combat
[DEBUG] Event: MouseMotion scene=combat
[DEBUG] Event: MouseMotion scene=combat
[DEBUG] Event: MouseMotion scene=combat
[DEBUG] Event: MouseMotion scene=combat
[DEBUG] Event: MouseMotion scene=combat
[DEBUG] Event: MouseMotion scene=combat
[DEBUG] Event: MouseMotion scene=combat
[DEBUG] Event: MouseMotion scene=combat
[DEBUG] Event: MouseMotion scene=combat
[DEBUG] Event: MouseMotion scene=combat
[DEBUG] Event: MouseMotion scene=combat
[DEBUG] Event: MouseMotion scene=combat
[DEBUG] Event: MouseMotion scene=combat
[DEBUG] Event: MouseMotion scene=combat
[DEBUG] Event: MouseMotion scene=combat
[DEBUG] Event: KeyUp scene=combat
[DEBUG] Event: MouseMotion scene=combat
[DEBUG] Event: MouseMotion scene=combat
[DEBUG] Event: MouseMotion scene=combat
[DEBUG] Event: MouseMotion scene=combat
[DEBUG] Event: KeyDown scene=combat
[DEBUG] Event: MouseMotion scene=combat
[DEBUG] Event: MouseMotion scene=combat
[DEBUG] Event: MouseMotion scene=combat
[DEBUG] Event: MouseMotion scene=combat
[DEBUG] Event: MouseButtonDown scene=combat
[DEBUG] Event: MouseMotion scene=combat
[DEBUG] Event: MouseMotion scene=combat
[DEBUG] Event: MouseMotion scene=combat
[DEBUG] Event: MouseMotion scene=combat
[DEBUG] Event: MouseMotion scene=combat
[DEBUG] Event: MouseMotion scene=combat
[DEBUG] Event: MouseButtonUp scene=combat
[DEBUG] Event: MouseMotion scene=combat
[DEBUG] Event: MouseMotion scene=combat
[DEBUG] Event: MouseMotion scene=combat
[DEBUG] Event: MouseMotion scene=combat
[DEBUG] Event: MouseMotion scene=combat
[DEBUG] Event: MouseMotion scene=combat
[DEBUG] Event: MouseMotion scene=combat
[DEBUG] frame=4680 scene=combat fps=61
[DEBUG] Event: KeyDown scene=combat
[DEBUG] Event: KeyUp scene=combat
[DEBUG] Event: KeyDown scene=combat
[DEBUG] Event: KeyUp scene=combat
[DEBUG] Event: KeyDown scene=combat
[DEBUG] Event: KeyUp scene=combat
[DEBUG] frame=4740 scene=combat fps=61
[DEBUG] Event: MouseMotion scene=combat
[DEBUG] Event: MouseMotion scene=combat
[DEBUG] Event: MouseMotion scene=combat
[DEBUG] Event: MouseMotion scene=combat
[DEBUG] Event: MouseMotion scene=combat
[DEBUG] frame=4800 scene=combat fps=61
[DEBUG] Event: KeyDown scene=combat
[DEBUG] Event: KeyUp scene=combat
[DEBUG] Event: MouseMotion scene=combat
[DEBUG] Event: MouseMotion scene=combat
[DEBUG] Event: MouseMotion scene=combat
[DEBUG] Event: KeyDown scene=combat
[DEBUG] Event: MouseMotion scene=combat
[DEBUG] Event: MouseMotion scene=combat
[DEBUG] Event: MouseMotion scene=combat
[DEBUG] Event: KeyUp scene=combat
[DEBUG] Event: MouseMotion scene=combat
[DEBUG] Event: MouseMotion scene=combat
[DEBUG] Event: MouseMotion scene=combat
[DEBUG] Event: MouseMotion scene=combat
[DEBUG] Event: MouseMotion scene=combat
[DEBUG] Event: MouseMotion scene=combat
[DEBUG] Event: MouseMotion scene=combat
[DEBUG] Event: MouseMotion scene=combat
[DEBUG] Event: MouseMotion scene=combat
[DEBUG] Event: MouseMotion scene=combat
[DEBUG] Event: MouseMotion scene=combat
[DEBUG] Event: MouseMotion scene=combat
[DEBUG] Event: MouseMotion scene=combat
[DEBUG] Event: MouseMotion scene=combat
[DEBUG] Event: MouseMotion scene=combat
[DEBUG] Event: MouseMotion scene=combat
[DEBUG] Event: MouseMotion scene=combat
[DEBUG] Event: MouseMotion scene=combat
[DEBUG] Event: MouseMotion scene=combat
[DEBUG] Event: MouseMotion scene=combat
[DEBUG] Event: MouseMotion scene=combat
[DEBUG] Event: MouseMotion scene=combat
[DEBUG] Event: KeyDown scene=combat
[DEBUG] Event: MouseMotion scene=combat
[DEBUG] Event: MouseMotion scene=combat
[DEBUG] Event: MouseMotion scene=combat
[DEBUG] Event: KeyUp scene=combat
[DEBUG] Event: MouseMotion scene=combat
[DEBUG] Event: MouseMotion scene=combat
[DEBUG] Event: MouseMotion scene=combat
[DEBUG] Event: MouseMotion scene=combat
[DEBUG] Event: MouseMotion scene=combat
[DEBUG] frame=4860 scene=combat fps=61
[DEBUG] Event: MouseMotion scene=combat
[DEBUG] Event: MouseMotion scene=combat
[DEBUG] Event: MouseMotion scene=combat
[DEBUG] Event: MouseMotion scene=combat
[DEBUG] Event: MouseMotion scene=combat
[DEBUG] Event: MouseMotion scene=combat
[DEBUG] Event: MouseMotion scene=combat
[DEBUG] Event: MouseMotion scene=combat
[DEBUG] Event: MouseMotion scene=combat
[DEBUG] Event: MouseMotion scene=combat
[DEBUG] Event: MouseMotion scene=combat
[DEBUG] Event: MouseMotion scene=combat
[DEBUG] Event: MouseMotion scene=combat
[DEBUG] Event: MouseMotion scene=combat
[DEBUG] Event: MouseMotion scene=combat
[DEBUG] Event: MouseMotion scene=combat
[DEBUG] Event: MouseMotion scene=combat
[DEBUG] Event: MouseMotion scene=combat
[DEBUG] Event: MouseMotion scene=combat
[DEBUG] Event: MouseButtonDown scene=combat
[DEBUG] Event: MouseMotion scene=combat
[DEBUG] Event: KeyDown scene=combat
[DEBUG] Event: MouseMotion scene=combat
[DEBUG] Event: MouseButtonUp scene=combat
[DEBUG] Event: MouseMotion scene=combat
[DEBUG] Event: MouseMotion scene=combat
[DEBUG] Event: MouseMotion scene=combat
[DEBUG] Event: MouseMotion scene=combat
[DEBUG] Event: MouseMotion scene=combat
[DEBUG] Event: MouseMotion scene=combat
[DEBUG] Event: MouseMotion scene=combat
[DEBUG] Event: MouseMotion scene=combat
[DEBUG] Event: MouseMotion scene=combat
[DEBUG] Event: MouseMotion scene=combat
[DEBUG] Event: MouseMotion scene=combat
[DEBUG] Event: MouseMotion scene=combat
[DEBUG] Event: MouseMotion scene=combat
[DEBUG] Event: MouseMotion scene=combat
[DEBUG] Event: MouseMotion scene=combat
[DEBUG] Event: MouseMotion scene=combat
[DEBUG] Event: MouseMotion scene=combat
[DEBUG] Event: MouseMotion scene=combat
[DEBUG] Event: MouseMotion scene=combat
[DEBUG] Event: MouseMotion scene=combat
[DEBUG] Event: MouseMotion scene=combat
[DEBUG] Event: MouseMotion scene=combat
[DEBUG] Event: MouseMotion scene=combat
[DEBUG] Event: MouseMotion scene=combat
[DEBUG] Event: MouseMotion scene=combat
[DEBUG] Event: MouseMotion scene=combat
[DEBUG] frame=4920 scene=combat fps=60
[DEBUG] Event: MouseMotion scene=combat
[DEBUG] Event: MouseMotion scene=combat
[DEBUG] Event: MouseMotion scene=combat
[DEBUG] Event: MouseMotion scene=combat
[DEBUG] Event: MouseMotion scene=combat
[DEBUG] Event: MouseMotion scene=combat
[DEBUG] Event: MouseMotion scene=combat
[DEBUG] Event: MouseMotion scene=combat
[DEBUG] Event: MouseMotion scene=combat
[DEBUG] Event: MouseMotion scene=combat
[DEBUG] Event: MouseMotion scene=combat
[DEBUG] Event: MouseMotion scene=combat
[DEBUG] Event: MouseMotion scene=combat
[DEBUG] Event: MouseMotion scene=combat
[DEBUG] Event: MouseMotion scene=combat
[DEBUG] Event: MouseMotion scene=combat
[DEBUG] Event: MouseMotion scene=combat
[DEBUG] Event: MouseMotion scene=combat
[DEBUG] Event: MouseMotion scene=combat
[DEBUG] Event: MouseMotion scene=combat
[DEBUG] Event: MouseMotion scene=combat
[DEBUG] Event: MouseMotion scene=combat
[DEBUG] Event: MouseMotion scene=combat
[DEBUG] Event: MouseMotion scene=combat
[DEBUG] Event: MouseMotion scene=combat
[DEBUG] Event: MouseMotion scene=combat
[DEBUG] Event: MouseMotion scene=combat
[DEBUG] Event: MouseMotion scene=combat
[DEBUG] Event: MouseMotion scene=combat
[DEBUG] Event: MouseMotion scene=combat
[DEBUG] Event: MouseMotion scene=combat
[DEBUG] Event: MouseMotion scene=combat
[DEBUG] Event: MouseMotion scene=combat
[DEBUG] Event: MouseMotion scene=combat
[DEBUG] Event: MouseMotion scene=combat
[DEBUG] Event: MouseMotion scene=combat
[DEBUG] Event: MouseMotion scene=combat
[DEBUG] Event: MouseMotion scene=combat
[DEBUG] Event: MouseMotion scene=combat
[DEBUG] Event: MouseMotion scene=combat
[DEBUG] Event: MouseMotion scene=combat
[DEBUG] Event: MouseButtonDown scene=combat
[DEBUG] Event: MouseMotion scene=combat
[DEBUG] Event: MouseMotion scene=combat
[DEBUG] Event: MouseButtonUp scene=combat
[DEBUG] Event: MouseMotion scene=combat
[DEBUG] Event: MouseMotion scene=combat
[DEBUG] Event: MouseMotion scene=combat
[DEBUG] Event: MouseMotion scene=combat
[DEBUG] Event: MouseMotion scene=combat
[DEBUG] Event: MouseMotion scene=combat
[DEBUG] Event: MouseMotion scene=combat
[DEBUG] Event: MouseMotion scene=combat
[DEBUG] Event: MouseMotion scene=combat
[DEBUG] Event: MouseMotion scene=combat
[DEBUG] Event: MouseMotion scene=combat
[DEBUG] Event: MouseMotion scene=combat
[DEBUG] Event: MouseMotion scene=combat
[DEBUG] Event: MouseMotion scene=combat
[DEBUG] frame=4980 scene=combat fps=61
[DEBUG] Event: MouseMotion scene=combat
[DEBUG] Event: MouseMotion scene=combat
[DEBUG] Event: MouseMotion scene=combat
[DEBUG] Event: KeyUp scene=combat
[DEBUG] Event: MouseMotion scene=combat
[DEBUG] Event: MouseMotion scene=combat
[DEBUG] Event: MouseMotion scene=combat
[DEBUG] Event: MouseMotion scene=combat
[DEBUG] Event: MouseMotion scene=combat
[DEBUG] Event: MouseMotion scene=combat
[DEBUG] Event: MouseMotion scene=combat
[DEBUG] Event: MouseMotion scene=combat
[DEBUG] Event: MouseMotion scene=combat
[DEBUG] Event: MouseMotion scene=combat
[DEBUG] Event: MouseMotion scene=combat
[DEBUG] Event: MouseMotion scene=combat
[DEBUG] Event: MouseMotion scene=combat
[DEBUG] Event: MouseMotion scene=combat
[DEBUG] Event: MouseMotion scene=combat
[DEBUG] Event: MouseMotion scene=combat
[DEBUG] Event: MouseMotion scene=combat
[DEBUG] Event: MouseMotion scene=combat
[DEBUG] Event: MouseMotion scene=combat
[DEBUG] Event: MouseMotion scene=combat
[DEBUG] Event: MouseMotion scene=combat
[DEBUG] Event: MouseMotion scene=combat
[DEBUG] Event: MouseMotion scene=combat
[DEBUG] Event: MouseMotion scene=combat
[DEBUG] Event: MouseMotion scene=combat
[DEBUG] Event: MouseMotion scene=combat
[DEBUG] Event: MouseMotion scene=combat
[DEBUG] Event: MouseMotion scene=combat
[DEBUG] Event: MouseMotion scene=combat
[DEBUG] Event: MouseButtonDown scene=combat
[DEBUG] Event: MouseMotion scene=combat
[DEBUG] Event: MouseButtonUp scene=combat
[DEBUG] Event: MouseMotion scene=combat
[DEBUG] frame=5040 scene=combat fps=61
[DEBUG] Event: MouseMotion scene=combat
[DEBUG] Event: MouseMotion scene=combat
[DEBUG] Event: MouseMotion scene=combat
[DEBUG] Event: MouseMotion scene=combat
[DEBUG] Event: MouseMotion scene=combat
[DEBUG] Event: MouseMotion scene=combat
[DEBUG] Event: MouseMotion scene=combat
[DEBUG] Event: MouseMotion scene=combat
[DEBUG] Event: MouseMotion scene=combat
[DEBUG] Event: MouseMotion scene=combat
[DEBUG] Event: MouseMotion scene=combat
[DEBUG] Event: MouseMotion scene=combat
[DEBUG] Event: MouseMotion scene=combat
[DEBUG] Event: MouseMotion scene=combat
[DEBUG] Event: MouseMotion scene=combat
[DEBUG] Event: KeyUp scene=combat
[DEBUG] Event: KeyDown scene=combat
[DEBUG] Event: MouseMotion scene=combat
[DEBUG] Event: MouseMotion scene=combat
[DEBUG] Event: MouseMotion scene=combat
[DEBUG] Event: MouseMotion scene=combat
[DEBUG] Event: MouseMotion scene=combat
[DEBUG] Event: MouseMotion scene=combat
[DEBUG] Event: MouseMotion scene=combat
[DEBUG] Event: MouseMotion scene=combat
[DEBUG] Event: MouseMotion scene=combat
[DEBUG] Event: MouseMotion scene=combat
[DEBUG] Event: MouseMotion scene=combat
[DEBUG] Event: MouseMotion scene=combat
[DEBUG] Event: MouseMotion scene=combat
[DEBUG] Event: MouseMotion scene=combat
[DEBUG] Event: MouseMotion scene=combat
[DEBUG] Event: MouseMotion scene=combat
[DEBUG] Event: MouseMotion scene=combat
[DEBUG] Event: MouseMotion scene=combat
[DEBUG] Event: MouseMotion scene=combat
[DEBUG] Event: KeyDown scene=combat
[DEBUG] Event: MouseMotion scene=combat
[DEBUG] Event: MouseMotion scene=combat
[DEBUG] Event: MouseMotion scene=combat
[DEBUG] Event: MouseMotion scene=combat
[DEBUG] Event: MouseMotion scene=combat
[DEBUG] Event: MouseMotion scene=combat
[DEBUG] Event: MouseMotion scene=combat
[DEBUG] Event: MouseMotion scene=combat
[DEBUG] frame=5100 scene=combat fps=60
[DEBUG] Event: MouseMotion scene=combat
[DEBUG] Event: MouseMotion scene=combat
[DEBUG] Event: MouseMotion scene=combat
[DEBUG] Event: MouseMotion scene=combat
[DEBUG] Event: MouseMotion scene=combat
[DEBUG] Event: MouseMotion scene=combat
[DEBUG] Event: MouseMotion scene=combat
[DEBUG] Event: MouseMotion scene=combat
[DEBUG] Event: MouseButtonDown scene=combat
[DEBUG] Event: KeyUp scene=combat
[DEBUG] Event: MouseMotion scene=combat
[DEBUG] Event: MouseButtonUp scene=combat
[DEBUG] Event: KeyUp scene=combat
[DEBUG] Event: KeyDown scene=combat
[DEBUG] Event: MouseMotion scene=combat
[DEBUG] Event: MouseMotion scene=combat
[DEBUG] Event: MouseMotion scene=combat
[DEBUG] Event: MouseMotion scene=combat
[DEBUG] Event: MouseMotion scene=combat
[DEBUG] Event: MouseMotion scene=combat
[DEBUG] Event: MouseMotion scene=combat
[DEBUG] Event: MouseMotion scene=combat
[DEBUG] Event: MouseMotion scene=combat
[DEBUG] Event: MouseMotion scene=combat
[DEBUG] Event: MouseMotion scene=combat
[DEBUG] Event: MouseMotion scene=combat
[DEBUG] Event: MouseMotion scene=combat
[DEBUG] Event: MouseMotion scene=combat
[DEBUG] Event: MouseMotion scene=combat
[DEBUG] Event: MouseMotion scene=combat
[DEBUG] Event: MouseMotion scene=combat
[DEBUG] Event: MouseMotion scene=combat
[DEBUG] Event: MouseMotion scene=combat
[DEBUG] Event: MouseMotion scene=combat
[DEBUG] Event: MouseMotion scene=combat
[DEBUG] Event: MouseMotion scene=combat
[DEBUG] Event: MouseMotion scene=combat
[DEBUG] Event: MouseMotion scene=combat
[DEBUG] Event: MouseMotion scene=combat
[DEBUG] Event: MouseMotion scene=combat
[DEBUG] Event: KeyDown scene=combat
[DEBUG] Event: MouseMotion scene=combat
[DEBUG] Event: MouseMotion scene=combat
[DEBUG] Event: KeyUp scene=combat
[DEBUG] Event: MouseMotion scene=combat
[DEBUG] frame=5160 scene=combat fps=60
[DEBUG] Event: MouseMotion scene=combat
[DEBUG] Event: MouseMotion scene=combat
[DEBUG] Event: MouseMotion scene=combat
[DEBUG] Event: MouseMotion scene=combat
[DEBUG] Event: MouseMotion scene=combat
[DEBUG] Event: MouseMotion scene=combat
[DEBUG] Event: MouseButtonDown scene=combat
[DEBUG] Event: MouseMotion scene=combat
[DEBUG] Event: MouseMotion scene=combat
[DEBUG] Event: MouseMotion scene=combat
[DEBUG] Event: MouseMotion scene=combat
[DEBUG] Event: MouseMotion scene=combat
[DEBUG] Event: MouseMotion scene=combat
[DEBUG] Event: MouseMotion scene=combat
[DEBUG] Event: MouseMotion scene=combat
[DEBUG] Event: MouseMotion scene=combat
[DEBUG] Event: MouseMotion scene=combat
[DEBUG] Event: MouseMotion scene=combat
[DEBUG] Event: MouseMotion scene=combat
[DEBUG] Event: MouseButtonUp scene=combat
[DEBUG] Event: MouseMotion scene=combat
[DEBUG] Event: MouseMotion scene=combat
[DEBUG] Event: MouseMotion scene=combat
[DEBUG] Event: MouseMotion scene=combat
[DEBUG] Event: MouseMotion scene=combat
[DEBUG] Event: MouseMotion scene=combat
[DEBUG] Event: MouseMotion scene=combat
[DEBUG] Event: MouseMotion scene=combat
[DEBUG] Event: MouseMotion scene=combat
[DEBUG] Event: MouseMotion scene=combat
[DEBUG] Event: MouseMotion scene=combat
[DEBUG] Event: MouseMotion scene=combat
[DEBUG] Event: MouseMotion scene=combat
[DEBUG] Event: MouseMotion scene=combat
[DEBUG] Event: MouseMotion scene=combat
[DEBUG] Event: MouseMotion scene=combat
[DEBUG] Event: MouseMotion scene=combat
[DEBUG] Event: MouseMotion scene=combat
[DEBUG] Event: MouseMotion scene=combat
[DEBUG] Event: MouseMotion scene=combat
[DEBUG] Event: MouseMotion scene=combat
[DEBUG] Event: MouseMotion scene=combat
[DEBUG] Event: MouseMotion scene=combat
[DEBUG] Event: MouseMotion scene=combat
[DEBUG] Event: MouseMotion scene=combat
[DEBUG] Event: MouseMotion scene=combat
[DEBUG] Event: MouseMotion scene=combat
[DEBUG] Event: MouseMotion scene=combat
[DEBUG] Event: MouseMotion scene=combat
[DEBUG] frame=5220 scene=combat fps=61
[DEBUG] Event: MouseMotion scene=combat
[DEBUG] Event: MouseMotion scene=combat
[DEBUG] Event: MouseMotion scene=combat
[DEBUG] Event: MouseMotion scene=combat
[DEBUG] Event: MouseMotion scene=combat
[DEBUG] Event: MouseMotion scene=combat
[DEBUG] Event: MouseMotion scene=combat
[DEBUG] Event: MouseMotion scene=combat
[DEBUG] Event: MouseMotion scene=combat
[DEBUG] Event: MouseMotion scene=combat
[DEBUG] Event: MouseMotion scene=combat
[DEBUG] Event: MouseMotion scene=combat
[DEBUG] Event: MouseMotion scene=combat
[DEBUG] Event: MouseMotion scene=combat
[DEBUG] Event: MouseMotion scene=combat
[DEBUG] Event: MouseMotion scene=combat
[DEBUG] Event: MouseMotion scene=combat
[DEBUG] Event: MouseMotion scene=combat
[DEBUG] Event: MouseMotion scene=combat
[DEBUG] Event: MouseMotion scene=combat
[DEBUG] Event: MouseButtonDown scene=combat
[DEBUG] Event: MouseMotion scene=combat
[DEBUG] Event: MouseMotion scene=combat
[DEBUG] Event: MouseMotion scene=combat
[DEBUG] Event: MouseMotion scene=combat
[DEBUG] Event: MouseMotion scene=combat
[DEBUG] Event: MouseMotion scene=combat
[DEBUG] Event: MouseMotion scene=combat
[DEBUG] Event: MouseButtonUp scene=combat
[DEBUG] Event: MouseMotion scene=combat
[DEBUG] Event: MouseMotion scene=combat
[DEBUG] Event: MouseMotion scene=combat
[DEBUG] Event: MouseMotion scene=combat
[DEBUG] Event: MouseMotion scene=combat
[DEBUG] Event: MouseMotion scene=combat
[DEBUG] Event: MouseMotion scene=combat
[DEBUG] Event: MouseMotion scene=combat
[DEBUG] Event: MouseMotion scene=combat
[DEBUG] Event: MouseMotion scene=combat
[DEBUG] Event: MouseMotion scene=combat
[DEBUG] Event: MouseMotion scene=combat
[DEBUG] Event: MouseMotion scene=combat
[DEBUG] Event: MouseMotion scene=combat
[DEBUG] Event: MouseMotion scene=combat
[DEBUG] Event: MouseMotion scene=combat
[DEBUG] Event: MouseMotion scene=combat
[DEBUG] Event: MouseMotion scene=combat
[DEBUG] Event: KeyDown scene=combat
[DEBUG] Event: MouseMotion scene=combat
[DEBUG] Event: MouseMotion scene=combat
[DEBUG] Event: MouseMotion scene=combat
[DEBUG] Event: MouseMotion scene=combat
[DEBUG] Event: MouseMotion scene=combat
[DEBUG] Event: MouseMotion scene=combat
[DEBUG] Event: MouseButtonDown scene=combat
[DEBUG] frame=5280 scene=combat fps=60
[DEBUG] Event: MouseButtonUp scene=combat
[DEBUG] Event: KeyUp scene=combat
[DEBUG] Event: MouseMotion scene=combat
[DEBUG] Event: MouseMotion scene=combat
[DEBUG] Event: MouseMotion scene=combat
[DEBUG] Event: MouseMotion scene=combat
[DEBUG] Event: MouseMotion scene=combat
[DEBUG] Event: MouseMotion scene=combat
[DEBUG] Event: MouseMotion scene=combat
[DEBUG] Event: MouseButtonDown scene=combat
[DEBUG] Event: MouseMotion scene=combat
[DEBUG] Event: MouseMotion scene=combat
[DEBUG] Event: MouseMotion scene=combat
[DEBUG] Event: MouseMotion scene=combat
[DEBUG] Event: MouseMotion scene=combat
[DEBUG] Event: MouseButtonUp scene=combat
[DEBUG] Event: MouseMotion scene=combat
[DEBUG] Event: MouseMotion scene=combat
[DEBUG] Event: MouseMotion scene=combat
[DEBUG] Event: MouseMotion scene=combat
[DEBUG] Event: MouseMotion scene=combat
[DEBUG] Event: MouseMotion scene=combat
[DEBUG] Event: MouseMotion scene=combat
[DEBUG] Event: MouseMotion scene=combat
[DEBUG] Event: MouseMotion scene=combat
[DEBUG] Event: MouseMotion scene=combat
[DEBUG] Event: MouseMotion scene=combat
[DEBUG] Event: MouseMotion scene=combat
[DEBUG] Event: MouseMotion scene=combat
[DEBUG] Event: MouseMotion scene=combat
[DEBUG] Event: MouseMotion scene=combat
[DEBUG] Event: MouseMotion scene=combat
[DEBUG] Event: MouseMotion scene=combat
[DEBUG] Event: MouseMotion scene=combat
[DEBUG] Event: MouseButtonDown scene=combat
[DEBUG] Event: MouseButtonUp scene=combat
[DEBUG] frame=5340 scene=combat fps=61
[DEBUG] Event: MouseMotion scene=combat
[DEBUG] Event: MouseMotion scene=combat
[DEBUG] Event: MouseMotion scene=combat
[DEBUG] Event: MouseMotion scene=combat
[DEBUG] Event: MouseMotion scene=combat
[DEBUG] Event: MouseMotion scene=combat
[DEBUG] Event: MouseMotion scene=combat
[DEBUG] Event: MouseMotion scene=combat
[DEBUG] Event: MouseMotion scene=combat
[DEBUG] Event: MouseMotion scene=combat
[DEBUG] Event: MouseMotion scene=combat
[DEBUG] Event: MouseMotion scene=combat
[DEBUG] Event: MouseMotion scene=combat
[DEBUG] Event: MouseMotion scene=combat
[DEBUG] Event: MouseMotion scene=combat
[DEBUG] Event: MouseMotion scene=combat
[DEBUG] Event: MouseMotion scene=combat
[DEBUG] Event: MouseMotion scene=combat
[DEBUG] Event: MouseMotion scene=combat
[DEBUG] Event: MouseMotion scene=combat
[DEBUG] Event: MouseMotion scene=combat
[DEBUG] Event: MouseMotion scene=combat
[DEBUG] Event: MouseMotion scene=combat
[DEBUG] Event: MouseMotion scene=combat
[DEBUG] Event: MouseMotion scene=combat
[DEBUG] Event: MouseMotion scene=combat
[DEBUG] Event: MouseMotion scene=combat
[DEBUG] Event: MouseMotion scene=combat
[DEBUG] Event: MouseMotion scene=combat
[DEBUG] Event: MouseMotion scene=combat
[DEBUG] Event: MouseMotion scene=combat
[DEBUG] Event: MouseMotion scene=combat
[DEBUG] Event: MouseMotion scene=combat
[DEBUG] Event: MouseMotion scene=combat
[DEBUG] Event: MouseMotion scene=combat
[DEBUG] Event: MouseMotion scene=combat
[DEBUG] Event: MouseMotion scene=combat
[DEBUG] Event: MouseMotion scene=combat
[DEBUG] Event: MouseMotion scene=combat
[DEBUG] Event: MouseMotion scene=combat
[DEBUG] Event: MouseMotion scene=combat
[DEBUG] Event: MouseMotion scene=combat
[DEBUG] Event: MouseMotion scene=combat
[DEBUG] Event: MouseMotion scene=combat
[DEBUG] Event: MouseMotion scene=combat
[DEBUG] Event: MouseMotion scene=combat
[DEBUG] Event: MouseMotion scene=combat
[DEBUG] Event: MouseMotion scene=combat
[DEBUG] Event: MouseMotion scene=combat
[DEBUG] frame=5400 scene=combat fps=60
[DEBUG] Event: MouseMotion scene=combat
[DEBUG] Event: MouseMotion scene=combat
[DEBUG] Event: MouseButtonDown scene=combat
[DEBUG] Event: MouseButtonUp scene=combat
[DEBUG] Event: MouseMotion scene=combat
[DEBUG] Event: KeyDown scene=combat
[DEBUG] Event: MouseMotion scene=combat
[DEBUG] Event: MouseMotion scene=combat
[DEBUG] Event: MouseMotion scene=combat
[DEBUG] Event: KeyUp scene=combat
[DEBUG] Event: MouseMotion scene=combat
[DEBUG] Event: MouseMotion scene=combat
[DEBUG] Event: MouseMotion scene=combat
[DEBUG] Event: MouseMotion scene=combat
[DEBUG] Event: MouseMotion scene=combat
[DEBUG] Event: MouseMotion scene=combat
[DEBUG] Event: MouseMotion scene=combat
[DEBUG] Event: MouseMotion scene=combat
[DEBUG] Event: MouseMotion scene=combat
[DEBUG] Event: MouseMotion scene=combat
[DEBUG] Event: MouseMotion scene=combat
[DEBUG] Event: MouseMotion scene=combat
[DEBUG] Event: MouseMotion scene=combat
[DEBUG] Event: MouseMotion scene=combat
[DEBUG] Event: KeyDown scene=combat
[DEBUG] Event: MouseMotion scene=combat
[DEBUG] Event: MouseMotion scene=combat
[DEBUG] Event: MouseMotion scene=combat
[DEBUG] Event: MouseMotion scene=combat
[DEBUG] Event: MouseMotion scene=combat
[DEBUG] Event: MouseMotion scene=combat
[DEBUG] Event: MouseMotion scene=combat
[DEBUG] Event: MouseMotion scene=combat
[DEBUG] Event: MouseMotion scene=combat
[DEBUG] Event: KeyUp scene=combat
[DEBUG] Event: MouseMotion scene=combat
[DEBUG] Event: MouseMotion scene=combat
[DEBUG] Event: MouseMotion scene=combat
[DEBUG] Event: MouseMotion scene=combat
[DEBUG] Event: MouseMotion scene=combat
[DEBUG] Event: MouseMotion scene=combat
[DEBUG] frame=5460 scene=combat fps=61
[DEBUG] Event: MouseMotion scene=combat
[DEBUG] Event: MouseMotion scene=combat
[DEBUG] Event: MouseButtonDown scene=combat
[DEBUG] Event: MouseMotion scene=combat
[DEBUG] Event: MouseButtonUp scene=combat
[DEBUG] Event: MouseMotion scene=combat
[DEBUG] Event: MouseMotion scene=combat
[DEBUG] Event: MouseMotion scene=combat
[DEBUG] Event: MouseMotion scene=combat
[DEBUG] Event: MouseMotion scene=combat
[DEBUG] Event: MouseMotion scene=combat
[DEBUG] Event: MouseMotion scene=combat
[DEBUG] Event: MouseMotion scene=combat
[DEBUG] Event: MouseMotion scene=combat
[DEBUG] Event: MouseMotion scene=combat
[DEBUG] Event: MouseMotion scene=combat
[DEBUG] Event: MouseMotion scene=combat
[DEBUG] Event: MouseMotion scene=combat
[DEBUG] Event: MouseMotion scene=combat
[DEBUG] Event: MouseMotion scene=combat
[DEBUG] Event: MouseMotion scene=combat
[DEBUG] Event: MouseMotion scene=combat
[DEBUG] Event: MouseMotion scene=combat
[DEBUG] Event: MouseMotion scene=combat
[DEBUG] Event: MouseMotion scene=combat
[DEBUG] Event: MouseMotion scene=combat
[DEBUG] Event: MouseMotion scene=combat
[DEBUG] Event: MouseMotion scene=combat
[DEBUG] Event: MouseMotion scene=combat
[DEBUG] Event: MouseMotion scene=combat
[DEBUG] Event: MouseMotion scene=combat
[DEBUG] Event: MouseMotion scene=combat
[DEBUG] Event: MouseMotion scene=combat
[DEBUG] Event: MouseMotion scene=combat
[DEBUG] Event: MouseMotion scene=combat
[DEBUG] Event: MouseMotion scene=combat
[DEBUG] Event: MouseMotion scene=combat
[DEBUG] Event: MouseMotion scene=combat
[DEBUG] Event: MouseMotion scene=combat
[DEBUG] Event: MouseMotion scene=combat
[DEBUG] Event: MouseMotion scene=combat
[DEBUG] Event: MouseMotion scene=combat
[DEBUG] Event: MouseMotion scene=combat
[DEBUG] Event: MouseMotion scene=combat
[DEBUG] Event: MouseMotion scene=combat
[DEBUG] frame=5520 scene=combat fps=61
[DEBUG] Event: MouseMotion scene=combat
[DEBUG] Event: MouseButtonDown scene=combat
[DEBUG] Event: MouseMotion scene=combat
[DEBUG] Event: MouseButtonUp scene=combat
[DEBUG] Event: MouseMotion scene=combat
[DEBUG] Event: MouseMotion scene=combat
[DEBUG] Event: MouseMotion scene=combat
[DEBUG] Event: KeyUp scene=combat
[DEBUG] Event: MouseMotion scene=combat
[DEBUG] Event: MouseMotion scene=combat
[DEBUG] Event: MouseMotion scene=combat
[DEBUG] Event: MouseMotion scene=combat
[DEBUG] Event: MouseButtonDown scene=combat
[DEBUG] Event: MouseMotion scene=combat
[DEBUG] Event: MouseMotion scene=combat
[DEBUG] Event: MouseMotion scene=combat
[DEBUG] Event: MouseMotion scene=combat
[DEBUG] Event: KeyDown scene=combat
[DEBUG] Event: MouseMotion scene=combat
[DEBUG] Event: MouseMotion scene=combat
[DEBUG] Event: MouseButtonUp scene=combat
[DEBUG] Event: KeyDown scene=combat
[DEBUG] Event: KeyUp scene=combat
[DEBUG] frame=5580 scene=combat fps=60
[DEBUG] Event: MouseMotion scene=combat
[DEBUG] Event: MouseMotion scene=combat
[DEBUG] Event: MouseMotion scene=combat
[DEBUG] Event: MouseMotion scene=combat
[DEBUG] Event: MouseMotion scene=combat
[DEBUG] Event: MouseMotion scene=combat
[DEBUG] Event: MouseMotion scene=combat
[DEBUG] Event: MouseMotion scene=combat
[DEBUG] Event: MouseMotion scene=combat
[DEBUG] Event: MouseMotion scene=combat
[DEBUG] Event: MouseMotion scene=combat
[DEBUG] Event: MouseMotion scene=combat
[DEBUG] Event: MouseMotion scene=combat
[DEBUG] Event: MouseMotion scene=combat
[DEBUG] Event: MouseMotion scene=combat
[DEBUG] Event: MouseMotion scene=combat
[DEBUG] Event: MouseMotion scene=combat
[DEBUG] Event: MouseMotion scene=combat
[DEBUG] Event: KeyUp scene=combat
[DEBUG] Event: MouseMotion scene=combat
[DEBUG] Event: MouseButtonDown scene=combat
[DEBUG] Event: KeyDown scene=combat
[DEBUG] Event: MouseButtonUp scene=combat
[DEBUG] frame=5640 scene=combat fps=60
[DEBUG] Event: KeyUp scene=combat
[DEBUG] Event: MouseMotion scene=combat
[DEBUG] Event: KeyDown scene=combat
[DEBUG] Event: MouseMotion scene=combat
[DEBUG] Event: MouseMotion scene=combat
[DEBUG] Event: MouseMotion scene=combat
[DEBUG] Event: MouseMotion scene=combat
[DEBUG] Event: MouseMotion scene=combat
[DEBUG] Event: MouseMotion scene=combat
[DEBUG] Event: MouseMotion scene=combat
[DEBUG] Event: MouseMotion scene=combat
[DEBUG] Event: MouseMotion scene=combat
[DEBUG] Event: MouseMotion scene=combat
[DEBUG] Event: MouseMotion scene=combat
[DEBUG] Event: MouseMotion scene=combat
[DEBUG] Event: MouseMotion scene=combat
[DEBUG] Event: MouseMotion scene=combat
[DEBUG] Event: KeyUp scene=combat
[DEBUG] Event: MouseMotion scene=combat
[DEBUG] Event: MouseButtonDown scene=combat
[DEBUG] Event: KeyDown scene=combat
[DEBUG] Event: MouseButtonUp scene=combat
[DEBUG] Event: MouseMotion scene=combat
[DEBUG] Event: MouseMotion scene=combat
[DEBUG] frame=5700 scene=combat fps=61
[DEBUG] Event: MouseMotion scene=combat
[DEBUG] Event: MouseMotion scene=combat
[DEBUG] Event: MouseMotion scene=combat
[DEBUG] Event: MouseMotion scene=combat
[DEBUG] Event: MouseMotion scene=combat
[DEBUG] Event: MouseMotion scene=combat
[DEBUG] Event: MouseMotion scene=combat
[DEBUG] Event: MouseMotion scene=combat
[DEBUG] Event: MouseMotion scene=combat
[DEBUG] Event: MouseMotion scene=combat
[DEBUG] Event: MouseMotion scene=combat
[DEBUG] Event: KeyUp scene=combat
[DEBUG] Event: MouseMotion scene=combat
[DEBUG] Event: MouseMotion scene=combat
[DEBUG] Event: MouseMotion scene=combat
[DEBUG] Event: MouseMotion scene=combat
[DEBUG] Event: MouseMotion scene=combat
[DEBUG] Event: MouseMotion scene=combat
[DEBUG] Event: KeyDown scene=combat
[DEBUG] Event: MouseMotion scene=combat
[DEBUG] Event: MouseMotion scene=combat
[DEBUG] Event: MouseMotion scene=combat
[DEBUG] Event: MouseButtonDown scene=combat
[DEBUG] Event: MouseButtonUp scene=combat
[DEBUG] Event: MouseButtonDown scene=combat
[DEBUG] Event: KeyDown scene=combat
[DEBUG] Event: KeyUp scene=combat
[DEBUG] Event: MouseMotion scene=combat
[DEBUG] Event: MouseMotion scene=combat
[DEBUG] frame=5760 scene=combat fps=61
[DEBUG] Event: MouseButtonUp scene=combat
[DEBUG] Event: KeyDown scene=combat
[DEBUG] Event: KeyUp scene=combat
[DEBUG] Event: KeyUp scene=combat
[DEBUG] Event: MouseMotion scene=combat
[DEBUG] Event: MouseMotion scene=combat
[DEBUG] Event: MouseMotion scene=combat
[DEBUG] Event: MouseMotion scene=combat
[DEBUG] Event: MouseButtonDown scene=combat
[DEBUG] Event: KeyDown scene=combat
[DEBUG] frame=5820 scene=combat fps=61
[DEBUG] Event: MouseButtonUp scene=combat
[DEBUG] Event: KeyDown scene=combat
[DEBUG] Event: MouseButtonDown scene=combat
[DEBUG] Event: KeyUp scene=combat
[DEBUG] Event: MouseMotion scene=combat
[DEBUG] Event: MouseButtonUp scene=combat
[DEBUG] Event: MouseMotion scene=combat
[DEBUG] Event: MouseMotion scene=combat
[DEBUG] Event: MouseMotion scene=combat
[DEBUG] Event: MouseMotion scene=combat
[DEBUG] Event: MouseMotion scene=combat
[DEBUG] Event: MouseMotion scene=combat
[DEBUG] Event: MouseMotion scene=combat
[DEBUG] Event: KeyUp scene=combat
[DEBUG] Event: MouseMotion scene=combat
[DEBUG] Event: MouseMotion scene=combat
[DEBUG] Event: MouseMotion scene=combat
[DEBUG] Event: MouseMotion scene=combat
[DEBUG] Event: MouseMotion scene=combat
[DEBUG] Event: MouseMotion scene=combat
[DEBUG] Event: MouseMotion scene=combat
[DEBUG] Event: MouseMotion scene=combat
[DEBUG] Event: MouseMotion scene=combat
[DEBUG] Event: KeyDown scene=combat
[DEBUG] Event: MouseMotion scene=combat
[DEBUG] Event: MouseMotion scene=combat
[DEBUG] Event: MouseMotion scene=combat
[DEBUG] Event: MouseMotion scene=combat
[DEBUG] Event: MouseMotion scene=combat
[DEBUG] Event: MouseMotion scene=combat
[DEBUG] Event: MouseMotion scene=combat
[DEBUG] Event: MouseMotion scene=combat
[DEBUG] Event: MouseMotion scene=combat
[DEBUG] Event: MouseMotion scene=combat
[DEBUG] Event: MouseMotion scene=combat
[DEBUG] Event: MouseMotion scene=combat
[DEBUG] Event: KeyDown scene=combat
[DEBUG] Event: MouseMotion scene=combat
[DEBUG] Event: MouseMotion scene=combat
[DEBUG] frame=5880 scene=combat fps=60
[DEBUG] Event: MouseMotion scene=combat
[DEBUG] Event: KeyUp scene=combat
[DEBUG] Event: MouseMotion scene=combat
[DEBUG] Event: MouseMotion scene=combat
[DEBUG] Event: MouseMotion scene=combat
[DEBUG] Event: MouseMotion scene=combat
[DEBUG] Event: MouseMotion scene=combat
[DEBUG] Event: MouseMotion scene=combat
[DEBUG] Event: MouseMotion scene=combat
[DEBUG] Event: MouseMotion scene=combat
[DEBUG] Event: MouseMotion scene=combat
[DEBUG] Event: MouseMotion scene=combat
[DEBUG] Event: MouseButtonDown scene=combat
[DEBUG] Event: MouseMotion scene=combat
[DEBUG] Event: KeyDown scene=combat
[DEBUG] Event: MouseMotion scene=combat
[DEBUG] Event: MouseMotion scene=combat
[DEBUG] Event: KeyUp scene=combat
[DEBUG] Event: MouseButtonUp scene=combat
[DEBUG] Event: MouseMotion scene=combat
[DEBUG] Event: MouseMotion scene=combat
[DEBUG] Event: MouseMotion scene=combat
[DEBUG] Event: MouseMotion scene=combat
[DEBUG] Event: MouseMotion scene=combat
[DEBUG] Event: MouseMotion scene=combat
[DEBUG] Event: MouseMotion scene=combat
[DEBUG] Event: MouseMotion scene=combat
[DEBUG] Event: MouseMotion scene=combat
[DEBUG] Event: MouseMotion scene=combat
[DEBUG] Event: MouseMotion scene=combat
[DEBUG] Event: MouseMotion scene=combat
[DEBUG] Event: MouseMotion scene=combat
[DEBUG] Event: MouseMotion scene=combat
[DEBUG] Event: MouseMotion scene=combat
[DEBUG] Event: MouseMotion scene=combat
[DEBUG] Event: MouseMotion scene=combat
[DEBUG] Event: MouseMotion scene=combat
[DEBUG] Event: MouseMotion scene=combat
[DEBUG] Event: MouseMotion scene=combat
[DEBUG] Event: MouseMotion scene=combat
[DEBUG] Event: MouseMotion scene=combat
[DEBUG] Event: MouseMotion scene=combat
[DEBUG] Event: MouseMotion scene=combat
[DEBUG] Event: MouseMotion scene=combat
[DEBUG] Event: MouseMotion scene=combat
[DEBUG] Event: MouseMotion scene=combat
[DEBUG] Event: MouseMotion scene=combat
[DEBUG] Event: MouseMotion scene=combat
[DEBUG] Event: MouseMotion scene=combat
[DEBUG] Event: MouseMotion scene=combat
[DEBUG] Event: MouseMotion scene=combat
[DEBUG] Event: MouseMotion scene=combat
[DEBUG] Event: MouseMotion scene=combat
[DEBUG] frame=5940 scene=combat fps=61
[DEBUG] Event: MouseMotion scene=combat
[DEBUG] Event: MouseMotion scene=combat
[DEBUG] Event: MouseMotion scene=combat
[DEBUG] Event: MouseMotion scene=combat
[DEBUG] Event: MouseMotion scene=combat
[DEBUG] Event: MouseMotion scene=combat
[DEBUG] Event: MouseMotion scene=combat
[DEBUG] Event: MouseMotion scene=combat
[DEBUG] Event: MouseMotion scene=combat
[DEBUG] Event: MouseMotion scene=combat
[DEBUG] Event: MouseMotion scene=combat
[DEBUG] Event: KeyDown scene=combat
[DEBUG] Event: MouseMotion scene=combat
[DEBUG] Event: MouseMotion scene=combat
[DEBUG] Event: MouseMotion scene=combat
[DEBUG] Event: MouseMotion scene=combat
[DEBUG] Event: MouseMotion scene=combat
[DEBUG] Event: MouseMotion scene=combat
[DEBUG] Event: MouseMotion scene=combat
[DEBUG] Event: MouseMotion scene=combat
[DEBUG] Event: MouseMotion scene=combat
[DEBUG] Event: MouseMotion scene=combat
[DEBUG] Event: MouseMotion scene=combat
[DEBUG] Event: MouseMotion scene=combat
[DEBUG] Event: MouseMotion scene=combat
[DEBUG] Event: MouseMotion scene=combat
[DEBUG] Event: MouseMotion scene=combat
[DEBUG] Event: KeyUp scene=combat
[DEBUG] Event: MouseMotion scene=combat
[DEBUG] Event: MouseMotion scene=combat
[DEBUG] Event: MouseMotion scene=combat
[DEBUG] Event: MouseMotion scene=combat
[DEBUG] Event: MouseMotion scene=combat
[DEBUG] Event: MouseMotion scene=combat
[DEBUG] Event: MouseMotion scene=combat
[DEBUG] Event: MouseMotion scene=combat
[DEBUG] Event: MouseMotion scene=combat
[DEBUG] Event: MouseMotion scene=combat
[DEBUG] Event: MouseMotion scene=combat
[DEBUG] Event: MouseMotion scene=combat
[DEBUG] Event: MouseMotion scene=combat
[DEBUG] Event: MouseMotion scene=combat
[DEBUG] Event: MouseMotion scene=combat
[DEBUG] Event: MouseMotion scene=combat
[DEBUG] Event: MouseMotion scene=combat
[DEBUG] Event: MouseMotion scene=combat
[DEBUG] Event: MouseMotion scene=combat
[DEBUG] Event: MouseMotion scene=combat
[DEBUG] Event: MouseMotion scene=combat
[DEBUG] Event: MouseMotion scene=combat
[DEBUG] Event: MouseMotion scene=combat
[DEBUG] Event: MouseMotion scene=combat
[DEBUG] frame=6000 scene=combat fps=60
[DEBUG] Event: MouseMotion scene=combat
[DEBUG] Event: MouseMotion scene=combat
[DEBUG] Event: MouseMotion scene=combat
[DEBUG] Event: MouseButtonDown scene=combat
[DEBUG] Event: MouseButtonUp scene=combat
[DEBUG] Event: KeyDown scene=combat
[DEBUG] Event: MouseMotion scene=combat
[DEBUG] Event: KeyUp scene=combat
[DEBUG] Event: MouseMotion scene=combat
[DEBUG] Event: MouseMotion scene=combat
[DEBUG] Event: MouseMotion scene=combat
[DEBUG] Event: MouseMotion scene=combat
[DEBUG] Event: MouseMotion scene=combat
[DEBUG] Event: MouseMotion scene=combat
[DEBUG] Event: MouseMotion scene=combat
[DEBUG] Event: MouseMotion scene=combat
[DEBUG] Event: MouseMotion scene=combat
[DEBUG] Event: MouseMotion scene=combat
[DEBUG] Event: MouseMotion scene=combat
[DEBUG] Event: MouseMotion scene=combat
[DEBUG] Event: MouseMotion scene=combat
[DEBUG] Event: MouseMotion scene=combat
[DEBUG] Event: MouseMotion scene=combat
[DEBUG] Event: MouseMotion scene=combat
[DEBUG] Event: MouseMotion scene=combat
[DEBUG] Event: MouseMotion scene=combat
[DEBUG] Event: MouseMotion scene=combat
[DEBUG] Event: MouseMotion scene=combat
[DEBUG] Event: MouseMotion scene=combat
[DEBUG] Event: MouseMotion scene=combat
[DEBUG] Event: MouseMotion scene=combat
[DEBUG] frame=6060 scene=combat fps=61
[DEBUG] Event: MouseMotion scene=combat
[DEBUG] Event: MouseMotion scene=combat
[DEBUG] Event: MouseMotion scene=combat
[DEBUG] Event: MouseMotion scene=combat
[DEBUG] Event: MouseMotion scene=combat
[DEBUG] Event: KeyDown scene=combat
[DEBUG] Event: MouseMotion scene=combat
[DEBUG] Event: MouseMotion scene=combat
[DEBUG] Event: MouseMotion scene=combat
[DEBUG] Event: MouseMotion scene=combat
[DEBUG] Event: MouseMotion scene=combat
[DEBUG] Event: MouseMotion scene=combat
[DEBUG] Event: MouseMotion scene=combat
[DEBUG] Event: MouseMotion scene=combat
[DEBUG] Event: MouseMotion scene=combat
[DEBUG] Event: MouseMotion scene=combat
[DEBUG] Event: MouseMotion scene=combat
[DEBUG] Event: MouseButtonDown scene=combat
[DEBUG] Event: MouseMotion scene=combat
[DEBUG] Event: MouseMotion scene=combat
[DEBUG] Event: MouseButtonUp scene=combat
[DEBUG] Event: MouseMotion scene=combat
[DEBUG] Event: MouseMotion scene=combat
[DEBUG] Event: MouseMotion scene=combat
[DEBUG] Event: MouseMotion scene=combat
[DEBUG] Event: KeyUp scene=combat
[DEBUG] Event: MouseMotion scene=combat
[DEBUG] Event: MouseMotion scene=combat
[DEBUG] Event: MouseMotion scene=combat
[DEBUG] Event: MouseMotion scene=combat
[DEBUG] Event: MouseMotion scene=combat
[DEBUG] Event: KeyDown scene=combat
[DEBUG] Event: MouseMotion scene=combat
[DEBUG] Event: MouseMotion scene=combat
[DEBUG] Event: MouseMotion scene=combat
[DEBUG] Event: MouseMotion scene=combat
[DEBUG] Event: MouseMotion scene=combat
[DEBUG] Event: MouseMotion scene=combat
[DEBUG] Event: MouseMotion scene=combat
[DEBUG] Event: MouseMotion scene=combat
[DEBUG] Event: MouseMotion scene=combat
[DEBUG] Event: MouseMotion scene=combat
[DEBUG] Event: MouseButtonDown scene=combat
[DEBUG] Event: MouseMotion scene=combat
[DEBUG] Event: MouseMotion scene=combat
[DEBUG] Event: KeyUp scene=combat
[DEBUG] Event: MouseMotion scene=combat
[DEBUG] Event: MouseButtonUp scene=combat
[DEBUG] Event: MouseMotion scene=combat
[DEBUG] Event: MouseMotion scene=combat
[DEBUG] Event: MouseMotion scene=combat
[DEBUG] Event: MouseMotion scene=combat
[DEBUG] Event: MouseMotion scene=combat
[DEBUG] Event: MouseMotion scene=combat
[DEBUG] Event: KeyUp scene=combat
[DEBUG] Event: MouseMotion scene=combat
[DEBUG] Event: MouseMotion scene=combat
[DEBUG] Event: MouseMotion scene=combat
[DEBUG] Event: MouseMotion scene=combat
[DEBUG] frame=6120 scene=combat fps=60
[DEBUG] Event: MouseMotion scene=combat
[DEBUG] Event: MouseMotion scene=combat
[DEBUG] Event: MouseMotion scene=combat
[DEBUG] Event: MouseMotion scene=combat
[DEBUG] Event: MouseMotion scene=combat
[DEBUG] Event: KeyDown scene=combat
[DEBUG] Event: MouseMotion scene=combat
[DEBUG] Event: MouseMotion scene=combat
[DEBUG] Event: MouseMotion scene=combat
[DEBUG] Event: MouseButtonDown scene=combat
[DEBUG] Event: MouseMotion scene=combat
[DEBUG] Event: MouseMotion scene=combat
[DEBUG] Event: MouseMotion scene=combat
[DEBUG] Event: MouseMotion scene=combat
[DEBUG] Event: MouseMotion scene=combat
[DEBUG] Event: MouseMotion scene=combat
[DEBUG] Event: MouseMotion scene=combat
[DEBUG] Event: MouseButtonUp scene=combat
[DEBUG] Event: MouseMotion scene=combat
[DEBUG] Event: MouseMotion scene=combat
[DEBUG] Event: MouseMotion scene=combat
[DEBUG] Event: MouseMotion scene=combat
[DEBUG] Event: MouseMotion scene=combat
[DEBUG] Event: MouseMotion scene=combat
[DEBUG] Event: MouseMotion scene=combat
[DEBUG] Event: MouseMotion scene=combat
[DEBUG] Event: MouseMotion scene=combat
[DEBUG] Event: MouseMotion scene=combat
[DEBUG] Event: MouseMotion scene=combat
[DEBUG] Event: MouseMotion scene=combat
[DEBUG] Event: MouseMotion scene=combat
[DEBUG] Event: MouseMotion scene=combat
[DEBUG] Event: MouseButtonDown scene=combat
[DEBUG] Event: MouseMotion scene=combat
[DEBUG] Event: MouseMotion scene=combat
[DEBUG] Event: MouseMotion scene=combat
[DEBUG] Event: MouseMotion scene=combat
[DEBUG] Event: KeyDown scene=combat
[DEBUG] Event: MouseMotion scene=combat
[DEBUG] Event: MouseMotion scene=combat
[DEBUG] Event: MouseMotion scene=combat
[DEBUG] Event: MouseButtonUp scene=combat
[DEBUG] Event: MouseMotion scene=combat
[DEBUG] Event: MouseMotion scene=combat
[DEBUG] Event: MouseMotion scene=combat
[DEBUG] Event: MouseMotion scene=combat
[DEBUG] frame=6180 scene=combat fps=61
[DEBUG] Event: MouseMotion scene=combat
[DEBUG] Event: MouseMotion scene=combat
[DEBUG] Event: KeyUp scene=combat
[DEBUG] Event: MouseMotion scene=combat
[DEBUG] Event: MouseButtonDown scene=combat
[DEBUG] Event: MouseButtonUp scene=combat
[DEBUG] Event: MouseMotion scene=combat
[DEBUG] Event: MouseMotion scene=combat
[DEBUG] Event: MouseMotion scene=combat
[DEBUG] Event: MouseMotion scene=combat
[DEBUG] Event: MouseMotion scene=combat
[DEBUG] Event: MouseMotion scene=combat
[DEBUG] Event: MouseMotion scene=combat
[DEBUG] Event: MouseMotion scene=combat
[DEBUG] Event: MouseMotion scene=combat
[DEBUG] Event: MouseMotion scene=combat
[DEBUG] Event: MouseMotion scene=combat
[DEBUG] Event: KeyDown scene=combat
[DEBUG] Event: MouseMotion scene=combat
[DEBUG] Event: MouseMotion scene=combat
[DEBUG] Event: MouseMotion scene=combat
[DEBUG] Event: MouseMotion scene=combat
[DEBUG] Event: MouseMotion scene=combat
[DEBUG] Event: MouseMotion scene=combat
[DEBUG] Event: MouseMotion scene=combat
[DEBUG] Event: MouseMotion scene=combat
[DEBUG] Event: MouseMotion scene=combat
[DEBUG] Event: MouseMotion scene=combat
[DEBUG] Event: MouseMotion scene=combat
[DEBUG] Event: MouseMotion scene=combat
[DEBUG] Event: MouseMotion scene=combat
[DEBUG] Event: MouseMotion scene=combat
[DEBUG] Event: MouseMotion scene=combat
[DEBUG] Event: MouseMotion scene=combat
[DEBUG] Event: MouseMotion scene=combat
[DEBUG] Event: MouseMotion scene=combat
[DEBUG] Event: MouseMotion scene=combat
[DEBUG] Event: MouseMotion scene=combat
[DEBUG] Event: MouseMotion scene=combat
[DEBUG] Event: MouseMotion scene=combat
[DEBUG] Event: MouseMotion scene=combat
[DEBUG] Event: KeyUp scene=combat
[DEBUG] Event: MouseMotion scene=combat
[DEBUG] Event: MouseMotion scene=combat
[DEBUG] Event: MouseButtonDown scene=combat
[DEBUG] Event: MouseMotion scene=combat
[DEBUG] Event: MouseMotion scene=combat
[DEBUG] Event: MouseMotion scene=combat
[DEBUG] Event: MouseMotion scene=combat
[DEBUG] Event: MouseMotion scene=combat
[DEBUG] Event: MouseMotion scene=combat
[DEBUG] Event: MouseMotion scene=combat
[DEBUG] Event: MouseMotion scene=combat
[DEBUG] Event: MouseMotion scene=combat
[DEBUG] frame=6240 scene=combat fps=61
[DEBUG] Event: MouseMotion scene=combat
[DEBUG] Event: MouseButtonUp scene=combat
[DEBUG] Event: MouseMotion scene=combat
[DEBUG] Event: KeyDown scene=combat
[DEBUG] Event: MouseMotion scene=combat
[DEBUG] Event: MouseMotion scene=combat
[DEBUG] Event: MouseMotion scene=combat
[DEBUG] Event: MouseMotion scene=combat
[DEBUG] Event: MouseMotion scene=combat
[DEBUG] Event: MouseMotion scene=combat
[DEBUG] Event: MouseMotion scene=combat
[DEBUG] Event: MouseMotion scene=combat
[DEBUG] Event: MouseMotion scene=combat
[DEBUG] Event: MouseMotion scene=combat
[DEBUG] Event: MouseMotion scene=combat
[DEBUG] Event: MouseMotion scene=combat
[DEBUG] Event: MouseMotion scene=combat
[DEBUG] Event: KeyUp scene=combat
[DEBUG] Event: KeyUp scene=combat
[DEBUG] Event: MouseMotion scene=combat
[DEBUG] Event: MouseMotion scene=combat
[DEBUG] Event: MouseMotion scene=combat
[DEBUG] Event: MouseMotion scene=combat
[DEBUG] Event: MouseMotion scene=combat
[DEBUG] Event: MouseMotion scene=combat
[DEBUG] Event: MouseMotion scene=combat
[DEBUG] Event: MouseButtonDown scene=combat
[DEBUG] Event: MouseButtonUp scene=combat
[DEBUG] Event: MouseMotion scene=combat
[DEBUG] Event: MouseMotion scene=combat
[DEBUG] Event: MouseMotion scene=combat
[DEBUG] frame=6300 scene=combat fps=61
[DEBUG] Event: MouseMotion scene=combat
[DEBUG] Event: KeyDown scene=combat
[DEBUG] Event: MouseButtonDown scene=combat
[DEBUG] Event: MouseMotion scene=combat
[DEBUG] Event: MouseMotion scene=combat
[DEBUG] Event: MouseMotion scene=combat
[DEBUG] Event: MouseMotion scene=combat
[DEBUG] Event: MouseButtonUp scene=combat
[DEBUG] Event: MouseMotion scene=combat
[DEBUG] Event: MouseMotion scene=combat
[DEBUG] Event: MouseMotion scene=combat
[DEBUG] Event: MouseMotion scene=combat
[DEBUG] Event: MouseMotion scene=combat
[DEBUG] Event: MouseMotion scene=combat
[DEBUG] Event: MouseMotion scene=combat
[DEBUG] Event: MouseMotion scene=combat
[DEBUG] Event: MouseMotion scene=combat
[DEBUG] Event: MouseMotion scene=combat
[DEBUG] Event: MouseMotion scene=combat
[DEBUG] Event: MouseMotion scene=combat
[DEBUG] Event: MouseMotion scene=combat
[DEBUG] Event: MouseMotion scene=combat
[DEBUG] Event: MouseMotion scene=combat
[DEBUG] Event: MouseMotion scene=combat
[DEBUG] Event: MouseMotion scene=combat
[DEBUG] Event: MouseMotion scene=combat
[DEBUG] Event: MouseMotion scene=combat
[DEBUG] Event: MouseMotion scene=combat
[DEBUG] Event: MouseMotion scene=combat
[DEBUG] Event: MouseMotion scene=combat
[DEBUG] Event: MouseMotion scene=combat
[DEBUG] Event: MouseMotion scene=combat
[DEBUG] Event: MouseMotion scene=combat
[DEBUG] Event: MouseMotion scene=combat
[DEBUG] Event: MouseMotion scene=combat
[DEBUG] Event: MouseMotion scene=combat
[DEBUG] Event: MouseMotion scene=combat
[DEBUG] Event: MouseMotion scene=combat
[DEBUG] Event: KeyDown scene=combat
[DEBUG] Event: MouseMotion scene=combat
[DEBUG] Event: MouseMotion scene=combat
[DEBUG] Event: MouseMotion scene=combat
[DEBUG] Event: MouseMotion scene=combat
[DEBUG] frame=6360 scene=combat fps=60
[DEBUG] Event: MouseMotion scene=combat
[DEBUG] Event: MouseMotion scene=combat
[DEBUG] Event: MouseMotion scene=combat
[DEBUG] Event: MouseMotion scene=combat
[DEBUG] Event: MouseButtonDown scene=combat
[DEBUG] Event: MouseMotion scene=combat
[DEBUG] Event: MouseMotion scene=combat
[DEBUG] Event: MouseMotion scene=combat
[DEBUG] Event: MouseMotion scene=combat
[DEBUG] Event: MouseButtonDown scene=combat
[DEBUG] Event: MouseButtonUp scene=combat
[DEBUG] Event: MouseButtonUp scene=combat
[DEBUG] Event: MouseMotion scene=combat
[DEBUG] Event: MouseMotion scene=combat
[DEBUG] Event: KeyUp scene=combat
[DEBUG] Event: MouseMotion scene=combat
[DEBUG] Event: MouseMotion scene=combat
[DEBUG] Event: MouseMotion scene=combat
[DEBUG] Event: MouseMotion scene=combat
[DEBUG] Event: MouseMotion scene=combat
[DEBUG] Event: MouseMotion scene=combat
[DEBUG] Event: MouseMotion scene=combat
[DEBUG] Event: MouseMotion scene=combat
[DEBUG] Event: MouseMotion scene=combat
[DEBUG] Event: MouseMotion scene=combat
[DEBUG] Event: MouseMotion scene=combat
[DEBUG] Event: MouseMotion scene=combat
[DEBUG] Event: MouseMotion scene=combat
[DEBUG] Event: MouseMotion scene=combat
[DEBUG] Event: MouseMotion scene=combat
[DEBUG] Event: MouseMotion scene=combat
[DEBUG] Event: MouseMotion scene=combat
[DEBUG] Event: MouseMotion scene=combat
[DEBUG] Event: MouseMotion scene=combat
[DEBUG] Event: MouseMotion scene=combat
[DEBUG] Event: MouseMotion scene=combat
[DEBUG] Event: MouseMotion scene=combat
[DEBUG] Event: MouseMotion scene=combat
[DEBUG] Event: MouseMotion scene=combat
[DEBUG] Event: MouseMotion scene=combat
[DEBUG] Event: KeyDown scene=combat
[DEBUG] Event: MouseMotion scene=combat
[DEBUG] Event: MouseButtonDown scene=combat
[DEBUG] Event: MouseMotion scene=combat
[DEBUG] Event: KeyUp scene=combat
[DEBUG] Event: MouseMotion scene=combat
[DEBUG] Event: MouseMotion scene=combat
[DEBUG] frame=6420 scene=combat fps=61
[DEBUG] Event: MouseMotion scene=combat
[DEBUG] Event: MouseMotion scene=combat
[DEBUG] Event: MouseMotion scene=combat
[DEBUG] Event: MouseButtonUp scene=combat
[DEBUG] Event: MouseMotion scene=combat
[DEBUG] Event: MouseMotion scene=combat
[DEBUG] Event: MouseMotion scene=combat
[DEBUG] Event: MouseMotion scene=combat
[DEBUG] Event: MouseMotion scene=combat
[DEBUG] Event: MouseMotion scene=combat
[DEBUG] Event: MouseMotion scene=combat
[DEBUG] Event: MouseMotion scene=combat
[DEBUG] Event: MouseMotion scene=combat
[DEBUG] Event: MouseMotion scene=combat
[DEBUG] Event: MouseMotion scene=combat
[DEBUG] Event: MouseMotion scene=combat
[DEBUG] Event: MouseMotion scene=combat
[DEBUG] Event: MouseMotion scene=combat
[DEBUG] Event: MouseMotion scene=combat
[DEBUG] Event: MouseMotion scene=combat
[DEBUG] Event: MouseMotion scene=combat
[DEBUG] Event: MouseMotion scene=combat
[DEBUG] Event: MouseMotion scene=combat
[DEBUG] Event: MouseMotion scene=combat
[DEBUG] Event: MouseMotion scene=combat
[DEBUG] Event: MouseMotion scene=combat
[DEBUG] Event: MouseMotion scene=combat
[DEBUG] Event: MouseMotion scene=combat
[DEBUG] Event: MouseMotion scene=combat
[DEBUG] Event: MouseMotion scene=combat
[DEBUG] Event: MouseMotion scene=combat
[DEBUG] Event: MouseMotion scene=combat
[DEBUG] Event: MouseMotion scene=combat
[DEBUG] Event: MouseMotion scene=combat
[DEBUG] Event: MouseMotion scene=combat
[DEBUG] Event: MouseMotion scene=combat
[DEBUG] Event: MouseMotion scene=combat
[DEBUG] Event: MouseMotion scene=combat
[DEBUG] Event: MouseMotion scene=combat
[DEBUG] Event: MouseMotion scene=combat
[DEBUG] Event: MouseMotion scene=combat
[DEBUG] Event: MouseMotion scene=combat
[DEBUG] Event: MouseMotion scene=combat
[DEBUG] Event: MouseMotion scene=combat
[DEBUG] Event: MouseMotion scene=combat
[DEBUG] Event: MouseMotion scene=combat
[DEBUG] Event: MouseMotion scene=combat
[DEBUG] Event: MouseMotion scene=combat
[DEBUG] Event: MouseMotion scene=combat
[DEBUG] Event: MouseMotion scene=combat
[DEBUG] Event: MouseMotion scene=combat
[DEBUG] Event: MouseMotion scene=combat
[DEBUG] Event: MouseMotion scene=combat
[DEBUG] Event: MouseMotion scene=combat
[DEBUG] Event: MouseMotion scene=combat
[DEBUG] Event: MouseMotion scene=combat
[DEBUG] Event: MouseMotion scene=combat
[DEBUG] Event: MouseMotion scene=combat
[DEBUG] Event: MouseMotion scene=combat
[DEBUG] Event: MouseMotion scene=combat
[DEBUG] Event: MouseMotion scene=combat
[DEBUG] Event: MouseMotion scene=combat
[DEBUG] Event: MouseMotion scene=combat
[DEBUG] Event: MouseMotion scene=combat
[DEBUG] Event: MouseMotion scene=combat
[DEBUG] Event: MouseMotion scene=combat
[DEBUG] Event: MouseMotion scene=combat
[DEBUG] Event: MouseMotion scene=combat
[DEBUG] Event: MouseMotion scene=combat
[DEBUG] Event: MouseMotion scene=combat
[DEBUG] Event: MouseMotion scene=combat
[DEBUG] frame=6480 scene=combat fps=61
[DEBUG] Event: MouseMotion scene=combat
[DEBUG] Event: MouseButtonDown scene=combat
[DEBUG] Event: MouseButtonUp scene=combat
[DEBUG] Event: MouseMotion scene=combat
[DEBUG] Event: MouseMotion scene=combat
[DEBUG] Event: MouseMotion scene=combat
[DEBUG] Event: MouseMotion scene=combat
[DEBUG] Event: MouseMotion scene=combat
[DEBUG] Event: MouseMotion scene=combat
[DEBUG] Event: MouseMotion scene=combat
[DEBUG] Event: MouseMotion scene=combat
[DEBUG] Event: MouseMotion scene=combat
[DEBUG] Event: MouseMotion scene=combat
[DEBUG] Event: MouseMotion scene=combat
[DEBUG] Event: MouseMotion scene=combat
[DEBUG] Event: MouseMotion scene=combat
[DEBUG] Event: MouseMotion scene=combat
[DEBUG] Event: MouseMotion scene=combat
[DEBUG] Event: MouseMotion scene=combat
[DEBUG] Event: MouseMotion scene=combat
[DEBUG] Event: MouseMotion scene=combat
[DEBUG] Event: MouseMotion scene=combat
[DEBUG] Event: MouseMotion scene=combat
[DEBUG] Event: MouseMotion scene=combat
[DEBUG] Event: MouseMotion scene=combat
[DEBUG] Event: MouseMotion scene=combat
[DEBUG] Event: MouseMotion scene=combat
[DEBUG] Event: MouseMotion scene=combat
[DEBUG] Event: MouseMotion scene=combat
[DEBUG] Event: MouseMotion scene=combat
[DEBUG] Event: MouseMotion scene=combat
[DEBUG] Event: MouseMotion scene=combat
[DEBUG] Event: MouseMotion scene=combat
[DEBUG] Event: MouseMotion scene=combat
[DEBUG] Event: MouseMotion scene=combat
[DEBUG] Event: MouseMotion scene=combat
[DEBUG] Event: MouseMotion scene=combat
[DEBUG] Event: MouseMotion scene=combat
[DEBUG] Event: MouseMotion scene=combat
[DEBUG] Event: MouseMotion scene=combat
[DEBUG] Event: MouseMotion scene=combat
[DEBUG] Event: MouseMotion scene=combat
[DEBUG] Event: MouseMotion scene=combat
[DEBUG] Event: MouseMotion scene=combat
[DEBUG] Event: MouseMotion scene=combat
[DEBUG] Event: MouseMotion scene=combat
[DEBUG] Event: MouseMotion scene=combat
[DEBUG] Event: MouseMotion scene=combat
[DEBUG] Event: MouseMotion scene=combat
[DEBUG] Event: MouseMotion scene=combat
[DEBUG] Event: MouseMotion scene=combat
[DEBUG] Event: MouseMotion scene=combat
[DEBUG] frame=6540 scene=combat fps=60
[DEBUG] Event: MouseMotion scene=combat
[DEBUG] Event: MouseButtonDown scene=combat
[DEBUG] Event: KeyUp scene=combat
[DEBUG] Event: MouseButtonUp scene=combat
[DEBUG] Event: MouseMotion scene=combat
[DEBUG] Event: KeyDown scene=combat
[DEBUG] Event: KeyDown scene=combat
[DEBUG] Event: KeyUp scene=combat
[DEBUG] Event: MouseMotion scene=combat
[DEBUG] Event: MouseMotion scene=combat
[DEBUG] Event: MouseMotion scene=combat
[DEBUG] Event: MouseMotion scene=combat
[DEBUG] Event: MouseMotion scene=combat
[DEBUG] Event: MouseMotion scene=combat
[DEBUG] Event: MouseMotion scene=combat
[DEBUG] Event: MouseMotion scene=combat
[DEBUG] Event: MouseMotion scene=combat
[DEBUG] Event: MouseMotion scene=combat
[DEBUG] Event: MouseMotion scene=combat
[DEBUG] Event: MouseMotion scene=combat
[DEBUG] Event: MouseMotion scene=combat
[DEBUG] Event: MouseMotion scene=combat
[DEBUG] Event: MouseMotion scene=combat
[DEBUG] Event: MouseMotion scene=combat
[DEBUG] Event: MouseMotion scene=combat
[DEBUG] Event: MouseMotion scene=combat
[DEBUG] Event: MouseMotion scene=combat
[DEBUG] Event: MouseMotion scene=combat
[DEBUG] Event: MouseMotion scene=combat
[DEBUG] frame=6600 scene=combat fps=61
[DEBUG] Event: MouseMotion scene=combat
[DEBUG] Event: MouseMotion scene=combat
[DEBUG] Event: MouseMotion scene=combat
[DEBUG] Event: MouseMotion scene=combat
[DEBUG] Event: MouseMotion scene=combat
[DEBUG] Event: MouseMotion scene=combat
[DEBUG] Event: MouseMotion scene=combat
[DEBUG] Event: MouseMotion scene=combat
[DEBUG] Event: MouseMotion scene=combat
[DEBUG] Event: MouseMotion scene=combat
[DEBUG] Event: MouseMotion scene=combat
[DEBUG] Event: MouseMotion scene=combat
[DEBUG] Event: MouseButtonDown scene=combat
[DEBUG] Event: MouseButtonUp scene=combat
[DEBUG] Event: MouseMotion scene=combat
[DEBUG] Event: MouseMotion scene=combat
[DEBUG] Event: MouseMotion scene=combat
[DEBUG] Event: MouseMotion scene=combat
[DEBUG] Event: MouseMotion scene=combat
[DEBUG] Event: MouseMotion scene=combat
[DEBUG] Event: MouseMotion scene=combat
[DEBUG] Event: MouseMotion scene=combat
[DEBUG] Event: MouseMotion scene=combat
[DEBUG] Event: MouseMotion scene=combat
[DEBUG] Event: MouseMotion scene=combat
[DEBUG] Event: KeyDown scene=combat
[DEBUG] Event: MouseMotion scene=combat
[DEBUG] Event: MouseMotion scene=combat
[DEBUG] frame=6660 scene=combat fps=61
[DEBUG] Event: KeyUp scene=combat
[DEBUG] Event: KeyDown scene=combat
[DEBUG] Event: KeyUp scene=combat
[DEBUG] Event: MouseMotion scene=combat
[DEBUG] Event: KeyUp scene=combat
[DEBUG] Event: MouseMotion scene=combat
[DEBUG] Event: KeyDown scene=combat
[DEBUG] Event: MouseMotion scene=combat
[DEBUG] Event: KeyDown scene=combat
[DEBUG] frame=6720 scene=combat fps=60
[DEBUG] Event: KeyUp scene=combat
[DEBUG] Event: MouseMotion scene=combat
[DEBUG] Event: KeyDown scene=combat
[DEBUG] Event: MouseMotion scene=combat
[DEBUG] Event: MouseMotion scene=combat
[DEBUG] Event: KeyUp scene=combat
[DEBUG] Event: MouseMotion scene=combat
[DEBUG] Event: MouseMotion scene=combat
[DEBUG] Event: MouseMotion scene=combat
[DEBUG] Event: KeyDown scene=combat
[DEBUG] Event: MouseMotion scene=combat
[DEBUG] Event: MouseMotion scene=combat
[DEBUG] Event: MouseMotion scene=combat
[DEBUG] Event: KeyUp scene=combat
[DEBUG] Event: MouseMotion scene=combat
[DEBUG] Event: MouseMotion scene=combat
[DEBUG] Event: MouseMotion scene=combat
[DEBUG] Event: MouseMotion scene=combat
[DEBUG] Event: MouseMotion scene=combat
[DEBUG] Event: MouseMotion scene=combat
[DEBUG] Event: MouseMotion scene=combat
[DEBUG] Event: MouseMotion scene=combat
[DEBUG] Event: MouseMotion scene=combat
[DEBUG] Event: MouseMotion scene=combat
[DEBUG] Event: MouseMotion scene=combat
[DEBUG] Event: MouseMotion scene=combat
[DEBUG] Event: MouseMotion scene=combat
[DEBUG] Event: MouseMotion scene=combat
[DEBUG] Event: KeyDown scene=combat
[DEBUG] Event: MouseMotion scene=combat
[DEBUG] Event: MouseMotion scene=combat
[DEBUG] Event: MouseMotion scene=combat
[DEBUG] Event: MouseMotion scene=combat
[DEBUG] Event: MouseMotion scene=combat
[DEBUG] Event: MouseMotion scene=combat
[DEBUG] Event: MouseMotion scene=combat
[DEBUG] Event: MouseMotion scene=combat
[DEBUG] Event: MouseMotion scene=combat
[DEBUG] Event: MouseMotion scene=combat
[DEBUG] Event: MouseMotion scene=combat
[DEBUG] Event: KeyUp scene=combat
[DEBUG] Event: MouseMotion scene=combat
[DEBUG] Event: MouseButtonDown scene=combat
[DEBUG] frame=6780 scene=combat fps=61
[DEBUG] Event: MouseButtonUp scene=combat
[DEBUG] Event: MouseMotion scene=combat
[DEBUG] Event: MouseMotion scene=combat
[DEBUG] Event: MouseMotion scene=combat
[DEBUG] Event: MouseMotion scene=combat
[DEBUG] Event: MouseMotion scene=combat
[DEBUG] Event: KeyUp scene=combat
[DEBUG] Event: MouseMotion scene=combat
[DEBUG] Event: MouseMotion scene=combat
[DEBUG] Event: MouseMotion scene=combat
[DEBUG] Event: MouseMotion scene=combat
[DEBUG] Event: MouseMotion scene=combat
[DEBUG] Event: MouseMotion scene=combat
[DEBUG] Event: MouseMotion scene=combat
[DEBUG] Event: KeyDown scene=combat
[DEBUG] Event: MouseMotion scene=combat
[DEBUG] Event: MouseMotion scene=combat
[DEBUG] Event: MouseMotion scene=combat
[DEBUG] Event: MouseMotion scene=combat
[DEBUG] Event: MouseMotion scene=combat
[DEBUG] Event: MouseMotion scene=combat
[DEBUG] Event: MouseMotion scene=combat
[DEBUG] Event: MouseMotion scene=combat
[DEBUG] Event: MouseMotion scene=combat
[DEBUG] Event: KeyDown scene=combat
[DEBUG] Event: MouseMotion scene=combat
[DEBUG] Event: MouseMotion scene=combat
[DEBUG] Event: MouseMotion scene=combat
[DEBUG] Event: MouseMotion scene=combat
[DEBUG] Event: MouseMotion scene=combat
[DEBUG] Event: MouseMotion scene=combat
[DEBUG] Event: MouseMotion scene=combat
[DEBUG] Event: MouseMotion scene=combat
[DEBUG] Event: MouseMotion scene=combat
[DEBUG] Event: MouseMotion scene=combat
[DEBUG] Event: MouseMotion scene=combat
[DEBUG] Event: MouseMotion scene=combat
[DEBUG] Event: MouseMotion scene=combat
[DEBUG] Event: MouseMotion scene=combat
[DEBUG] Event: MouseMotion scene=combat
[DEBUG] Event: MouseMotion scene=combat
[DEBUG] Event: MouseMotion scene=combat
[DEBUG] Event: MouseMotion scene=combat
[DEBUG] Event: KeyUp scene=combat
[DEBUG] Event: MouseMotion scene=combat
[DEBUG] Event: MouseMotion scene=combat
[DEBUG] Event: MouseButtonDown scene=combat
[DEBUG] Event: MouseMotion scene=combat
[DEBUG] Event: MouseMotion scene=combat
[DEBUG] Event: MouseMotion scene=combat
[DEBUG] Event: MouseMotion scene=combat
[DEBUG] Event: MouseMotion scene=combat
[DEBUG] frame=6840 scene=combat fps=60
[DEBUG] Event: MouseMotion scene=combat
[DEBUG] Event: MouseMotion scene=combat
[DEBUG] Event: MouseButtonUp scene=combat
[DEBUG] Event: MouseMotion scene=combat
[DEBUG] Event: MouseMotion scene=combat
[DEBUG] Event: MouseMotion scene=combat
[DEBUG] Event: MouseMotion scene=combat
[DEBUG] Event: MouseMotion scene=combat
[DEBUG] Event: MouseMotion scene=combat
[DEBUG] Event: MouseMotion scene=combat
[DEBUG] Event: MouseMotion scene=combat
[DEBUG] Event: MouseMotion scene=combat
[DEBUG] Event: MouseMotion scene=combat
[DEBUG] Event: MouseMotion scene=combat
[DEBUG] Event: MouseMotion scene=combat
[DEBUG] Event: MouseMotion scene=combat
[DEBUG] Event: MouseMotion scene=combat
[DEBUG] Event: MouseMotion scene=combat
[DEBUG] Event: MouseMotion scene=combat
[DEBUG] Event: MouseMotion scene=combat
[DEBUG] Event: MouseMotion scene=combat
[DEBUG] Event: MouseMotion scene=combat
[DEBUG] Event: MouseMotion scene=combat
[DEBUG] Event: MouseMotion scene=combat
[DEBUG] Event: KeyDown scene=combat
[DEBUG] Event: MouseMotion scene=combat
[DEBUG] Event: MouseMotion scene=combat
[DEBUG] Event: MouseMotion scene=combat
[DEBUG] Event: MouseMotion scene=combat
[DEBUG] Event: MouseMotion scene=combat
[DEBUG] Event: MouseMotion scene=combat
[DEBUG] Event: MouseMotion scene=combat
[DEBUG] Event: MouseMotion scene=combat
[DEBUG] Event: MouseMotion scene=combat
[DEBUG] Event: MouseMotion scene=combat
[DEBUG] Event: MouseMotion scene=combat
[DEBUG] Event: MouseMotion scene=combat
[DEBUG] Event: MouseMotion scene=combat
[DEBUG] Event: MouseMotion scene=combat
[DEBUG] Event: MouseMotion scene=combat
[DEBUG] Event: MouseMotion scene=combat
[DEBUG] Event: MouseMotion scene=combat
[DEBUG] Event: MouseMotion scene=combat
[DEBUG] Event: MouseMotion scene=combat
[DEBUG] Event: MouseMotion scene=combat
[DEBUG] Event: MouseMotion scene=combat
[DEBUG] Event: MouseMotion scene=combat
[DEBUG] Event: MouseMotion scene=combat
[DEBUG] Event: MouseMotion scene=combat
[DEBUG] Event: MouseMotion scene=combat
[DEBUG] Event: MouseMotion scene=combat
[DEBUG] Event: MouseMotion scene=combat
[DEBUG] Event: MouseMotion scene=combat
[DEBUG] frame=6900 scene=combat fps=61
[DEBUG] Event: MouseMotion scene=combat
[DEBUG] Event: MouseMotion scene=combat
[DEBUG] Event: MouseMotion scene=combat
[DEBUG] Event: MouseMotion scene=combat
[DEBUG] Event: MouseMotion scene=combat
[DEBUG] Event: MouseMotion scene=combat
[DEBUG] Event: MouseMotion scene=combat
[DEBUG] Event: MouseMotion scene=combat
[DEBUG] Event: MouseMotion scene=combat
[DEBUG] Event: MouseMotion scene=combat
[DEBUG] Event: MouseMotion scene=combat
[DEBUG] Event: MouseMotion scene=combat
[DEBUG] Event: MouseMotion scene=combat
[DEBUG] Event: MouseMotion scene=combat
[DEBUG] Event: MouseMotion scene=combat
[DEBUG] Event: MouseMotion scene=combat
[DEBUG] Event: MouseMotion scene=combat
[DEBUG] Event: MouseMotion scene=combat
[DEBUG] Event: MouseMotion scene=combat
[DEBUG] Event: MouseMotion scene=combat
[DEBUG] Event: MouseMotion scene=combat
[DEBUG] Event: MouseMotion scene=combat
[DEBUG] Event: MouseMotion scene=combat
[DEBUG] Event: MouseMotion scene=combat
[DEBUG] Event: MouseMotion scene=combat
[DEBUG] Event: MouseMotion scene=combat
[DEBUG] Event: MouseMotion scene=combat
[DEBUG] Event: MouseMotion scene=combat
[DEBUG] Event: MouseMotion scene=combat
[DEBUG] Event: MouseMotion scene=combat
[DEBUG] Event: MouseMotion scene=combat
[DEBUG] Event: MouseMotion scene=combat
[DEBUG] Event: MouseMotion scene=combat
[DEBUG] Event: MouseMotion scene=combat
[DEBUG] Event: MouseMotion scene=combat
[DEBUG] Event: MouseMotion scene=combat
[DEBUG] Event: MouseMotion scene=combat
[DEBUG] Event: MouseMotion scene=combat
[DEBUG] Event: MouseMotion scene=combat
[DEBUG] Event: MouseMotion scene=combat
[DEBUG] Event: KeyUp scene=combat
[DEBUG] Event: MouseMotion scene=combat
[DEBUG] Event: MouseMotion scene=combat
[DEBUG] Event: MouseMotion scene=combat
[DEBUG] Event: MouseMotion scene=combat
[DEBUG] Event: MouseMotion scene=combat
[DEBUG] Event: MouseMotion scene=combat
[DEBUG] Event: MouseButtonDown scene=combat
[DEBUG] Event: MouseMotion scene=combat
[DEBUG] Event: MouseMotion scene=combat
[DEBUG] Event: MouseButtonUp scene=combat
[DEBUG] Event: MouseMotion scene=combat
[DEBUG] Event: MouseMotion scene=combat
[DEBUG] Event: MouseMotion scene=combat
[DEBUG] Event: MouseMotion scene=combat
[DEBUG] Event: MouseMotion scene=combat
[DEBUG] Event: MouseMotion scene=combat
[DEBUG] Event: MouseMotion scene=combat
[DEBUG] frame=6960 scene=combat fps=60
[DEBUG] Event: MouseMotion scene=combat
[DEBUG] Event: MouseMotion scene=combat
[DEBUG] Event: MouseMotion scene=combat
[DEBUG] Event: MouseMotion scene=combat
[DEBUG] Event: MouseMotion scene=combat
[DEBUG] Event: MouseMotion scene=combat
[DEBUG] Event: MouseMotion scene=combat
[DEBUG] Event: MouseMotion scene=combat
[DEBUG] Event: MouseMotion scene=combat
[DEBUG] Event: MouseMotion scene=combat
[DEBUG] Event: MouseMotion scene=combat
[DEBUG] Event: MouseMotion scene=combat
[DEBUG] Event: MouseMotion scene=combat
[DEBUG] Event: MouseMotion scene=combat
[DEBUG] Event: MouseMotion scene=combat
[DEBUG] Event: MouseMotion scene=combat
[DEBUG] Event: MouseMotion scene=combat
[DEBUG] Event: MouseMotion scene=combat
[DEBUG] Event: MouseMotion scene=combat
[DEBUG] Event: MouseMotion scene=combat
[DEBUG] Event: MouseMotion scene=combat
[DEBUG] Event: MouseMotion scene=combat
[DEBUG] Event: MouseMotion scene=combat
[DEBUG] Event: MouseMotion scene=combat
[DEBUG] Event: MouseMotion scene=combat
[DEBUG] Event: MouseMotion scene=combat
[DEBUG] Event: MouseMotion scene=combat
[DEBUG] Event: MouseMotion scene=combat
[DEBUG] Event: MouseMotion scene=combat
[DEBUG] Event: MouseMotion scene=combat
[DEBUG] Event: MouseMotion scene=combat
[DEBUG] Event: MouseMotion scene=combat
[DEBUG] Event: MouseMotion scene=combat
[DEBUG] Event: MouseMotion scene=combat
[DEBUG] Event: MouseMotion scene=combat
[DEBUG] Event: MouseMotion scene=combat
[DEBUG] Event: MouseMotion scene=combat
[DEBUG] Event: KeyDown scene=combat
[DEBUG] Event: MouseMotion scene=combat
[DEBUG] Event: MouseMotion scene=combat
[DEBUG] Event: MouseMotion scene=combat
[DEBUG] Event: MouseMotion scene=combat
[DEBUG] Event: MouseMotion scene=combat
[DEBUG] Event: MouseMotion scene=combat
[DEBUG] Event: MouseMotion scene=combat
[DEBUG] Event: MouseMotion scene=combat
[DEBUG] Event: KeyUp scene=combat
[DEBUG] Event: MouseMotion scene=combat
[DEBUG] Event: MouseMotion scene=combat
[DEBUG] Event: MouseMotion scene=combat
[DEBUG] Event: MouseMotion scene=combat
[DEBUG] Event: MouseButtonDown scene=combat
[DEBUG] Event: MouseMotion scene=combat
[DEBUG] Event: MouseMotion scene=combat
[DEBUG] Event: MouseMotion scene=combat
[DEBUG] Event: MouseMotion scene=combat
[DEBUG] Event: MouseMotion scene=combat
[DEBUG] Event: MouseButtonUp scene=combat
[DEBUG] Event: KeyDown scene=combat
[DEBUG] Event: MouseMotion scene=combat
[DEBUG] Event: MouseMotion scene=combat
[DEBUG] Event: MouseMotion scene=combat
[DEBUG] frame=7020 scene=combat fps=61
[DEBUG] Event: MouseMotion scene=combat
[DEBUG] Event: MouseMotion scene=combat
[DEBUG] Event: MouseMotion scene=combat
[DEBUG] Event: MouseMotion scene=combat
[DEBUG] Event: MouseMotion scene=combat
[DEBUG] Event: MouseMotion scene=combat
[DEBUG] Event: MouseMotion scene=combat
[DEBUG] Event: MouseMotion scene=combat
[DEBUG] Event: MouseMotion scene=combat
[DEBUG] Event: MouseMotion scene=combat
[DEBUG] Event: MouseMotion scene=combat
[DEBUG] Event: MouseMotion scene=combat
[DEBUG] Event: MouseMotion scene=combat
[DEBUG] Event: MouseMotion scene=combat
[DEBUG] Event: MouseMotion scene=combat
[DEBUG] Event: MouseMotion scene=combat
[DEBUG] Event: MouseMotion scene=combat
[DEBUG] Event: MouseButtonDown scene=combat
[DEBUG] Event: KeyUp scene=combat
[DEBUG] Event: MouseMotion scene=combat
[DEBUG] Event: MouseButtonUp scene=combat
[DEBUG] Event: MouseMotion scene=combat
[DEBUG] Event: KeyDown scene=combat
[DEBUG] Event: MouseMotion scene=combat
[DEBUG] Event: MouseMotion scene=combat
[DEBUG] Event: MouseButtonDown scene=combat
[DEBUG] Event: MouseButtonUp scene=combat
[DEBUG] Event: MouseMotion scene=combat
[DEBUG] Event: MouseMotion scene=combat
[DEBUG] Event: MouseMotion scene=combat
[DEBUG] Event: MouseMotion scene=combat
[DEBUG] frame=7080 scene=combat fps=61
[DEBUG] Event: MouseMotion scene=combat
[DEBUG] Event: MouseMotion scene=combat
[DEBUG] Event: MouseMotion scene=combat
[DEBUG] Event: MouseMotion scene=combat
[DEBUG] Event: MouseButtonDown scene=combat
[DEBUG] Event: MouseButtonUp scene=combat
[DEBUG] Event: MouseMotion scene=combat
[DEBUG] Event: MouseMotion scene=combat
[DEBUG] Event: MouseMotion scene=combat
[DEBUG] Event: MouseMotion scene=combat
[DEBUG] Event: MouseMotion scene=combat
[DEBUG] Event: MouseMotion scene=combat
[DEBUG] Event: MouseMotion scene=combat
[DEBUG] Event: MouseMotion scene=combat
[DEBUG] Event: MouseMotion scene=combat
[DEBUG] Event: KeyUp scene=combat
[DEBUG] Event: MouseMotion scene=combat
[DEBUG] Event: MouseMotion scene=combat
[DEBUG] Event: MouseMotion scene=combat
[DEBUG] Event: KeyUp scene=combat
[DEBUG] Event: MouseMotion scene=combat
[DEBUG] Event: MouseMotion scene=combat
[DEBUG] Event: MouseMotion scene=combat
[DEBUG] Event: MouseMotion scene=combat
[DEBUG] Event: MouseMotion scene=combat
[DEBUG] frame=7140 scene=combat fps=61
[DEBUG] Event: MouseMotion scene=combat
[DEBUG] Event: MouseMotion scene=combat
[DEBUG] Event: MouseMotion scene=combat
[DEBUG] Event: KeyDown scene=combat
[DEBUG] Event: MouseMotion scene=combat
[DEBUG] Event: MouseMotion scene=combat
[DEBUG] Event: MouseMotion scene=combat
[DEBUG] Event: MouseMotion scene=combat
[DEBUG] Event: MouseMotion scene=combat
[DEBUG] Event: MouseMotion scene=combat
[DEBUG] Event: MouseMotion scene=combat
[DEBUG] Event: MouseMotion scene=combat
[DEBUG] Event: MouseMotion scene=combat
[DEBUG] Event: MouseMotion scene=combat
[DEBUG] Event: MouseButtonDown scene=combat
[DEBUG] Event: MouseMotion scene=combat
[DEBUG] Event: MouseButtonUp scene=combat
[DEBUG] Event: MouseMotion scene=combat
[DEBUG] Event: MouseMotion scene=combat
[DEBUG] Event: MouseMotion scene=combat
[DEBUG] Event: MouseMotion scene=combat
[DEBUG] Event: MouseMotion scene=combat
[DEBUG] Event: MouseMotion scene=combat
[DEBUG] Event: MouseMotion scene=combat
[DEBUG] Event: MouseMotion scene=combat
[DEBUG] Event: KeyUp scene=combat
[DEBUG] Event: MouseMotion scene=combat
[DEBUG] Event: MouseMotion scene=combat
[DEBUG] Event: MouseMotion scene=combat
[DEBUG] Event: MouseMotion scene=combat
[DEBUG] Event: KeyDown scene=combat
[DEBUG] Event: MouseMotion scene=combat
[DEBUG] Event: MouseMotion scene=combat
[DEBUG] Event: MouseMotion scene=combat
[DEBUG] Event: MouseMotion scene=combat
[DEBUG] Event: MouseMotion scene=combat
[DEBUG] Event: MouseMotion scene=combat
[DEBUG] Event: MouseMotion scene=combat
[DEBUG] Event: MouseMotion scene=combat
[DEBUG] Event: MouseMotion scene=combat
[DEBUG] Event: MouseMotion scene=combat
[DEBUG] Event: MouseMotion scene=combat
[DEBUG] Event: MouseMotion scene=combat
[DEBUG] Event: MouseMotion scene=combat
[DEBUG] Event: MouseMotion scene=combat
[DEBUG] Event: MouseMotion scene=combat
[DEBUG] Event: MouseMotion scene=combat
[DEBUG] Event: MouseMotion scene=combat
[DEBUG] frame=7200 scene=combat fps=61
[DEBUG] Event: MouseMotion scene=combat
[DEBUG] Event: MouseMotion scene=combat
[DEBUG] Event: MouseMotion scene=combat
[DEBUG] Event: KeyDown scene=combat
[DEBUG] Event: MouseMotion scene=combat
[DEBUG] Event: MouseMotion scene=combat
[DEBUG] Event: MouseMotion scene=combat
[DEBUG] Event: MouseMotion scene=combat
[DEBUG] Event: KeyUp scene=combat
[DEBUG] Event: MouseMotion scene=combat
[DEBUG] Event: MouseMotion scene=combat
[DEBUG] Event: MouseMotion scene=combat
[DEBUG] Event: MouseMotion scene=combat
[DEBUG] Event: MouseMotion scene=combat
[DEBUG] Event: MouseMotion scene=combat
[DEBUG] Event: MouseMotion scene=combat
[DEBUG] Event: MouseMotion scene=combat
[DEBUG] Event: MouseMotion scene=combat
[DEBUG] Event: MouseMotion scene=combat
[DEBUG] Event: MouseMotion scene=combat
[DEBUG] Event: MouseMotion scene=combat
[DEBUG] Event: MouseMotion scene=combat
[DEBUG] Event: MouseMotion scene=combat
[DEBUG] Event: MouseMotion scene=combat
[DEBUG] Event: MouseMotion scene=combat
[DEBUG] Event: MouseMotion scene=combat
[DEBUG] Event: MouseMotion scene=combat
[DEBUG] Event: KeyDown scene=combat
[DEBUG] Event: MouseMotion scene=combat
[DEBUG] Event: MouseMotion scene=combat
[DEBUG] Event: MouseButtonDown scene=combat
[DEBUG] Event: MouseMotion scene=combat
[DEBUG] Event: MouseMotion scene=combat
[DEBUG] Event: MouseMotion scene=combat
[DEBUG] Event: MouseMotion scene=combat
[DEBUG] Event: KeyUp scene=combat
[DEBUG] Event: MouseMotion scene=combat
[DEBUG] Event: MouseButtonUp scene=combat
[DEBUG] Event: MouseMotion scene=combat
[DEBUG] Event: MouseMotion scene=combat
[DEBUG] Event: MouseMotion scene=combat
[DEBUG] frame=7260 scene=combat fps=61
[DEBUG] Event: MouseMotion scene=combat
[DEBUG] Event: MouseMotion scene=combat
[DEBUG] Event: MouseMotion scene=combat
[DEBUG] Event: MouseMotion scene=combat
[DEBUG] Event: MouseMotion scene=combat
[DEBUG] Event: MouseMotion scene=combat
[DEBUG] Event: MouseMotion scene=combat
[DEBUG] Event: KeyDown scene=combat
[DEBUG] Event: KeyUp scene=combat
[DEBUG] Event: KeyDown scene=combat
[DEBUG] Event: MouseMotion scene=combat
[DEBUG] Event: KeyUp scene=combat
[DEBUG] frame=7320 scene=combat fps=60
[DEBUG] Event: KeyUp scene=combat
[DEBUG] Event: MouseMotion scene=combat
[DEBUG] Event: MouseMotion scene=combat
[DEBUG] Event: MouseMotion scene=combat
[DEBUG] Event: MouseMotion scene=combat
[DEBUG] Event: MouseMotion scene=combat
[DEBUG] Event: MouseMotion scene=combat
[DEBUG] Event: MouseMotion scene=combat
[DEBUG] Event: MouseMotion scene=combat
[DEBUG] Event: MouseMotion scene=combat
[DEBUG] Event: MouseMotion scene=combat
[DEBUG] Event: MouseMotion scene=combat
[DEBUG] Event: MouseMotion scene=combat
[DEBUG] Event: MouseMotion scene=combat
[DEBUG] Event: MouseMotion scene=combat
[DEBUG] Event: KeyDown scene=combat
[DEBUG] Event: MouseMotion scene=combat
[DEBUG] Event: MouseButtonDown scene=combat
[DEBUG] Event: MouseMotion scene=combat
[DEBUG] Event: MouseMotion scene=combat
[DEBUG] Event: MouseMotion scene=combat
[DEBUG] Event: MouseMotion scene=combat
[DEBUG] Event: MouseMotion scene=combat
[DEBUG] Event: MouseMotion scene=combat
[DEBUG] Event: MouseButtonUp scene=combat
[DEBUG] Event: MouseMotion scene=combat
[DEBUG] Event: KeyDown scene=combat
[DEBUG] Event: MouseMotion scene=combat
[DEBUG] Event: MouseMotion scene=combat
[DEBUG] Event: MouseMotion scene=combat
[DEBUG] Event: MouseMotion scene=combat
[DEBUG] Event: MouseMotion scene=combat
[DEBUG] Event: MouseMotion scene=combat
[DEBUG] Event: MouseMotion scene=combat
[DEBUG] Event: MouseMotion scene=combat
[DEBUG] Event: MouseMotion scene=combat
[DEBUG] Event: MouseMotion scene=combat
[DEBUG] Event: MouseMotion scene=combat
[DEBUG] frame=7380 scene=combat fps=61
[DEBUG] Event: KeyUp scene=combat
[DEBUG] Event: MouseMotion scene=combat
[DEBUG] Event: MouseMotion scene=combat
[DEBUG] Event: MouseMotion scene=combat
[DEBUG] Event: MouseMotion scene=combat
[DEBUG] Event: MouseMotion scene=combat
[DEBUG] Event: MouseMotion scene=combat
[DEBUG] Event: MouseMotion scene=combat
[DEBUG] Event: MouseMotion scene=combat
[DEBUG] Event: MouseMotion scene=combat
[DEBUG] Event: MouseMotion scene=combat
[DEBUG] Event: MouseMotion scene=combat
[DEBUG] Event: MouseMotion scene=combat
[DEBUG] Event: KeyDown scene=combat
[DEBUG] Event: MouseMotion scene=combat
[DEBUG] Event: MouseMotion scene=combat
[DEBUG] Event: MouseMotion scene=combat
[DEBUG] Event: MouseMotion scene=combat
[DEBUG] Event: MouseMotion scene=combat
[DEBUG] Event: KeyUp scene=combat
[DEBUG] Event: MouseMotion scene=combat
[DEBUG] Event: MouseMotion scene=combat
[DEBUG] Event: MouseMotion scene=combat
[DEBUG] Event: MouseButtonDown scene=combat
[DEBUG] Event: MouseMotion scene=combat
[DEBUG] Event: MouseMotion scene=combat
[DEBUG] Event: KeyDown scene=combat
[DEBUG] Event: MouseMotion scene=combat
[DEBUG] Event: MouseMotion scene=combat
[DEBUG] Event: MouseButtonUp scene=combat
[DEBUG] Event: MouseMotion scene=combat
[DEBUG] Event: MouseMotion scene=combat
[DEBUG] Event: MouseMotion scene=combat
[DEBUG] Event: MouseMotion scene=combat
[DEBUG] Event: MouseMotion scene=combat
[DEBUG] Event: MouseMotion scene=combat
[DEBUG] Event: KeyUp scene=combat
[DEBUG] frame=7440 scene=combat fps=61
[DEBUG] Event: KeyDown scene=combat
[DEBUG] Event: MouseMotion scene=combat
[DEBUG] Event: KeyUp scene=combat
[DEBUG] Event: MouseMotion scene=combat
[DEBUG] Event: MouseMotion scene=combat
[DEBUG] Event: MouseMotion scene=combat
[DEBUG] Event: MouseMotion scene=combat
[DEBUG] Event: MouseMotion scene=combat
[DEBUG] Event: KeyUp scene=combat
[DEBUG] Event: KeyDown scene=combat
[DEBUG] Event: MouseMotion scene=combat
[DEBUG] Event: KeyUp scene=combat
[DEBUG] Event: MouseMotion scene=combat
[DEBUG] Event: KeyDown scene=combat
[DEBUG] Event: MouseButtonDown scene=combat
[DEBUG] Event: MouseMotion scene=combat
[DEBUG] Event: MouseMotion scene=combat
[DEBUG] Event: MouseMotion scene=combat
[DEBUG] Event: MouseButtonUp scene=combat
[DEBUG] Event: MouseMotion scene=combat
[DEBUG] Event: MouseMotion scene=combat
[DEBUG] Event: MouseMotion scene=combat
[DEBUG] Event: MouseMotion scene=combat
[DEBUG] Event: KeyUp scene=combat
[DEBUG] Event: MouseMotion scene=combat
[DEBUG] Event: MouseMotion scene=combat
[DEBUG] Event: MouseMotion scene=combat
[DEBUG] Event: MouseMotion scene=combat
[DEBUG] Event: MouseButtonDown scene=combat
[DEBUG] Event: MouseMotion scene=combat
[DEBUG] Event: KeyDown scene=combat
[DEBUG] Event: MouseMotion scene=combat
[DEBUG] Event: MouseButtonUp scene=combat
[DEBUG] Event: MouseMotion scene=combat
[DEBUG] Event: MouseMotion scene=combat
[DEBUG] Event: MouseMotion scene=combat
[DEBUG] Event: MouseMotion scene=combat
[DEBUG] frame=7500 scene=combat fps=62
[DEBUG] Event: MouseMotion scene=combat
[DEBUG] Event: MouseMotion scene=combat
[DEBUG] Event: MouseMotion scene=combat
[DEBUG] Event: MouseMotion scene=combat
[DEBUG] Event: MouseMotion scene=combat
[DEBUG] Event: MouseMotion scene=combat
[DEBUG] Event: MouseMotion scene=combat
[DEBUG] Event: MouseMotion scene=combat
[DEBUG] Event: MouseMotion scene=combat
[DEBUG] Event: MouseMotion scene=combat
[DEBUG] Event: MouseMotion scene=combat
[DEBUG] Event: MouseMotion scene=combat
[DEBUG] Event: MouseMotion scene=combat
[DEBUG] Event: MouseMotion scene=combat
[DEBUG] Event: MouseMotion scene=combat
[DEBUG] Event: KeyDown scene=combat
[DEBUG] Event: MouseMotion scene=combat
[DEBUG] Event: MouseMotion scene=combat
[DEBUG] Event: KeyUp scene=combat
[DEBUG] Event: MouseMotion scene=combat
[DEBUG] Event: MouseMotion scene=combat
[DEBUG] Event: MouseMotion scene=combat
[DEBUG] Event: MouseMotion scene=combat
[DEBUG] Event: MouseMotion scene=combat
[DEBUG] Event: KeyDown scene=combat
[DEBUG] Event: KeyUp scene=combat
[DEBUG] Event: KeyUp scene=combat
[DEBUG] Event: KeyDown scene=combat
[DEBUG] Event: KeyUp scene=combat
[DEBUG] frame=7560 scene=combat fps=61
[DEBUG] Event: KeyDown scene=combat
[DEBUG] Event: MouseMotion scene=combat
[DEBUG] Event: MouseMotion scene=combat
[DEBUG] Event: MouseMotion scene=combat
[DEBUG] Event: MouseMotion scene=combat
[DEBUG] Event: MouseMotion scene=combat
[DEBUG] Event: KeyDown scene=combat
[DEBUG] Event: MouseMotion scene=combat
[DEBUG] Event: MouseMotion scene=combat
[DEBUG] Event: MouseMotion scene=combat
[DEBUG] Event: MouseMotion scene=combat
[DEBUG] Event: MouseMotion scene=combat
[DEBUG] Event: MouseMotion scene=combat
[DEBUG] Event: MouseMotion scene=combat
[DEBUG] Event: MouseMotion scene=combat
[DEBUG] Event: MouseMotion scene=combat
[DEBUG] Event: MouseMotion scene=combat
[DEBUG] Event: MouseMotion scene=combat
[DEBUG] Event: MouseMotion scene=combat
[DEBUG] Event: KeyUp scene=combat
[DEBUG] Event: MouseMotion scene=combat
[DEBUG] Event: KeyUp scene=combat
[DEBUG] Event: MouseMotion scene=combat
[DEBUG] Event: MouseMotion scene=combat
[DEBUG] Event: MouseMotion scene=combat
[DEBUG] Event: MouseMotion scene=combat
[DEBUG] Event: MouseMotion scene=combat
[DEBUG] Event: MouseMotion scene=combat
[DEBUG] Event: MouseMotion scene=combat
[DEBUG] Event: MouseButtonDown scene=combat
[DEBUG] Event: MouseMotion scene=combat
[DEBUG] Event: MouseMotion scene=combat
[DEBUG] Event: MouseMotion scene=combat
[DEBUG] Event: MouseMotion scene=combat
[DEBUG] Event: MouseMotion scene=combat
[DEBUG] Event: MouseMotion scene=combat
[DEBUG] Event: MouseMotion scene=combat
[DEBUG] Event: MouseMotion scene=combat
[DEBUG] Event: MouseMotion scene=combat
[DEBUG] Event: MouseMotion scene=combat
[DEBUG] Event: MouseButtonUp scene=combat
[DEBUG] Event: MouseMotion scene=combat
[DEBUG] Event: MouseMotion scene=combat
[DEBUG] Event: MouseMotion scene=combat
[DEBUG] Event: MouseMotion scene=combat
[DEBUG] frame=7620 scene=combat fps=61
[DEBUG] Event: MouseMotion scene=combat
[DEBUG] Event: MouseMotion scene=combat
[DEBUG] Event: MouseMotion scene=combat
[DEBUG] Event: MouseMotion scene=combat
[DEBUG] Event: MouseMotion scene=combat
[DEBUG] Event: MouseMotion scene=combat
[DEBUG] Event: MouseMotion scene=combat
[DEBUG] Event: MouseMotion scene=combat
[DEBUG] Event: MouseMotion scene=combat
[DEBUG] Event: MouseMotion scene=combat
[DEBUG] Event: MouseMotion scene=combat
[DEBUG] Event: MouseMotion scene=combat
[DEBUG] Event: MouseMotion scene=combat
[DEBUG] Event: MouseMotion scene=combat
[DEBUG] Event: MouseMotion scene=combat
[DEBUG] Event: MouseMotion scene=combat
[DEBUG] Event: MouseMotion scene=combat
[DEBUG] Event: MouseMotion scene=combat
[DEBUG] Event: MouseMotion scene=combat
[DEBUG] Event: MouseMotion scene=combat
[DEBUG] Event: MouseMotion scene=combat
[DEBUG] Event: KeyDown scene=combat
[DEBUG] Event: MouseMotion scene=combat
[DEBUG] Event: MouseMotion scene=combat
[DEBUG] Event: MouseMotion scene=combat
[DEBUG] Event: MouseMotion scene=combat
[DEBUG] Event: MouseMotion scene=combat
[DEBUG] Event: MouseMotion scene=combat
[DEBUG] Event: MouseMotion scene=combat
[DEBUG] Event: KeyDown scene=combat
[DEBUG] Event: KeyUp scene=combat
[DEBUG] Event: MouseMotion scene=combat
[DEBUG] Event: MouseMotion scene=combat
[DEBUG] Event: MouseMotion scene=combat
[DEBUG] frame=7680 scene=combat fps=61
[DEBUG] Event: MouseMotion scene=combat
[DEBUG] Event: MouseMotion scene=combat
[DEBUG] Event: MouseMotion scene=combat
[DEBUG] Event: MouseMotion scene=combat
[DEBUG] Event: MouseButtonDown scene=combat
[DEBUG] Event: MouseMotion scene=combat
[DEBUG] Event: MouseButtonUp scene=combat
[DEBUG] Event: KeyUp scene=combat
[DEBUG] Event: MouseMotion scene=combat
[DEBUG] Event: KeyDown scene=combat
[DEBUG] Event: MouseMotion scene=combat
[DEBUG] Event: MouseMotion scene=combat
[DEBUG] Event: MouseMotion scene=combat
[DEBUG] Event: MouseMotion scene=combat
[DEBUG] Event: MouseMotion scene=combat
[DEBUG] Event: MouseMotion scene=combat
[DEBUG] Event: MouseMotion scene=combat
[DEBUG] Event: MouseMotion scene=combat
[DEBUG] Event: MouseMotion scene=combat
[DEBUG] Event: MouseMotion scene=combat
[DEBUG] Event: KeyDown scene=combat
[DEBUG] Event: MouseMotion scene=combat
[DEBUG] Event: MouseMotion scene=combat
[DEBUG] Event: MouseMotion scene=combat
[DEBUG] Event: KeyUp scene=combat
[DEBUG] Event: MouseMotion scene=combat
[DEBUG] Event: MouseMotion scene=combat
[DEBUG] Event: MouseMotion scene=combat
[DEBUG] Event: MouseMotion scene=combat
[DEBUG] Event: MouseMotion scene=combat
[DEBUG] Event: MouseMotion scene=combat
[DEBUG] Event: MouseMotion scene=combat
[DEBUG] Event: MouseMotion scene=combat
[DEBUG] Event: KeyDown scene=combat
[DEBUG] Event: MouseMotion scene=combat
[DEBUG] Event: MouseMotion scene=combat
[DEBUG] Event: MouseMotion scene=combat
[DEBUG] Event: MouseMotion scene=combat
[DEBUG] Event: MouseMotion scene=combat
[DEBUG] Event: MouseMotion scene=combat
[DEBUG] Event: MouseMotion scene=combat
[DEBUG] Event: MouseMotion scene=combat
[DEBUG] Event: MouseMotion scene=combat
[DEBUG] Event: MouseMotion scene=combat
[DEBUG] Event: KeyUp scene=combat
[DEBUG] Event: MouseMotion scene=combat
[DEBUG] Event: MouseMotion scene=combat
[DEBUG] Event: MouseMotion scene=combat
[DEBUG] Event: MouseMotion scene=combat
[DEBUG] Event: MouseMotion scene=combat
[DEBUG] Event: MouseMotion scene=combat
[DEBUG] Event: MouseMotion scene=combat
[DEBUG] Event: MouseMotion scene=combat
[DEBUG] Event: MouseMotion scene=combat
[DEBUG] Event: MouseMotion scene=combat
[DEBUG] frame=7740 scene=combat fps=61
[DEBUG] Event: MouseMotion scene=combat
[DEBUG] Event: MouseMotion scene=combat
[DEBUG] Event: MouseMotion scene=combat
[DEBUG] Event: MouseButtonDown scene=combat
[DEBUG] Event: MouseMotion scene=combat
[DEBUG] Event: MouseMotion scene=combat
[DEBUG] Event: MouseMotion scene=combat
[DEBUG] Event: KeyDown scene=combat
[DEBUG] Event: MouseMotion scene=combat
[DEBUG] Event: MouseMotion scene=combat
[DEBUG] Event: MouseMotion scene=combat
[DEBUG] Event: MouseMotion scene=combat
[DEBUG] Event: MouseButtonUp scene=combat
[DEBUG] Event: MouseMotion scene=combat
[DEBUG] Event: MouseMotion scene=combat
[DEBUG] Event: MouseMotion scene=combat
[DEBUG] Event: MouseMotion scene=combat
[DEBUG] Event: MouseMotion scene=combat
[DEBUG] Event: MouseMotion scene=combat
[DEBUG] Event: MouseMotion scene=combat
[DEBUG] Event: MouseMotion scene=combat
[DEBUG] Event: MouseButtonDown scene=combat
[DEBUG] Event: MouseMotion scene=combat
[DEBUG] Event: MouseMotion scene=combat
[DEBUG] Event: MouseMotion scene=combat
[DEBUG] Event: MouseButtonUp scene=combat
[DEBUG] Event: MouseMotion scene=combat
[DEBUG] Event: MouseMotion scene=combat
[DEBUG] Event: MouseMotion scene=combat
[DEBUG] Event: MouseMotion scene=combat
[DEBUG] Event: MouseMotion scene=combat
[DEBUG] Event: MouseMotion scene=combat
[DEBUG] Event: MouseMotion scene=combat
[DEBUG] Event: MouseMotion scene=combat
[DEBUG] Event: KeyUp scene=combat
[DEBUG] Event: MouseMotion scene=combat
[DEBUG] Event: MouseMotion scene=combat
[DEBUG] Event: MouseMotion scene=combat
[DEBUG] Event: MouseMotion scene=combat
[DEBUG] Event: MouseMotion scene=combat
[DEBUG] Event: MouseMotion scene=combat
[DEBUG] Event: MouseMotion scene=combat
[DEBUG] Event: MouseMotion scene=combat
[DEBUG] Event: MouseMotion scene=combat
[DEBUG] Event: MouseMotion scene=combat
[DEBUG] Event: MouseMotion scene=combat
[DEBUG] Event: MouseMotion scene=combat
[DEBUG] Event: MouseMotion scene=combat
[DEBUG] Event: MouseMotion scene=combat
[DEBUG] Event: KeyUp scene=combat
[DEBUG] Event: MouseMotion scene=combat
[DEBUG] Event: MouseMotion scene=combat
[DEBUG] frame=7800 scene=combat fps=60
[DEBUG] Event: MouseMotion scene=combat
[DEBUG] Event: MouseMotion scene=combat
[DEBUG] Event: MouseMotion scene=combat
[DEBUG] Event: MouseMotion scene=combat
[DEBUG] Event: MouseMotion scene=combat
[DEBUG] Event: MouseMotion scene=combat
[DEBUG] Event: MouseMotion scene=combat
[DEBUG] Event: MouseMotion scene=combat
[DEBUG] Event: MouseMotion scene=combat
[DEBUG] Event: KeyDown scene=combat
[DEBUG] Event: MouseMotion scene=combat
[DEBUG] Event: MouseButtonDown scene=combat
[DEBUG] Event: MouseMotion scene=combat
[DEBUG] Event: MouseMotion scene=combat
[DEBUG] Event: MouseButtonUp scene=combat
[DEBUG] Event: KeyUp scene=combat
[DEBUG] Event: MouseButtonDown scene=combat
[DEBUG] Event: KeyDown scene=combat
[DEBUG] Event: MouseButtonUp scene=combat
[DEBUG] Event: MouseMotion scene=combat
[DEBUG] Event: MouseMotion scene=combat
[DEBUG] Event: MouseMotion scene=combat
[DEBUG] Event: MouseMotion scene=combat
[DEBUG] Event: MouseMotion scene=combat
[DEBUG] Event: MouseMotion scene=combat
[DEBUG] Event: MouseMotion scene=combat
[DEBUG] Event: MouseMotion scene=combat
[DEBUG] Event: KeyUp scene=combat
[DEBUG] Event: MouseMotion scene=combat
[DEBUG] Event: KeyDown scene=combat
[DEBUG] Event: MouseMotion scene=combat
[DEBUG] Event: MouseMotion scene=combat
[DEBUG] Event: MouseMotion scene=combat
[DEBUG] Event: MouseMotion scene=combat
[DEBUG] frame=7860 scene=combat fps=60
[DEBUG] Event: MouseMotion scene=combat
[DEBUG] Event: MouseMotion scene=combat
[DEBUG] Event: MouseMotion scene=combat
[DEBUG] Event: MouseMotion scene=combat
[DEBUG] Event: MouseMotion scene=combat
[DEBUG] Event: MouseMotion scene=combat
[DEBUG] Event: MouseMotion scene=combat
[DEBUG] Event: MouseMotion scene=combat
[DEBUG] Event: MouseMotion scene=combat
[DEBUG] Event: MouseMotion scene=combat
[DEBUG] Event: MouseMotion scene=combat
[DEBUG] Event: MouseMotion scene=combat
[DEBUG] Event: MouseMotion scene=combat
[DEBUG] Event: MouseMotion scene=combat
[DEBUG] Event: MouseMotion scene=combat
[DEBUG] Event: MouseMotion scene=combat
[DEBUG] Event: MouseMotion scene=combat
[DEBUG] Event: MouseMotion scene=combat
[DEBUG] Event: MouseMotion scene=combat
[DEBUG] Event: MouseMotion scene=combat
[DEBUG] Event: MouseMotion scene=combat
[DEBUG] Event: MouseMotion scene=combat
[DEBUG] Event: MouseMotion scene=combat
[DEBUG] Event: MouseMotion scene=combat
[DEBUG] Event: MouseMotion scene=combat
[DEBUG] Event: MouseMotion scene=combat
[DEBUG] Event: MouseMotion scene=combat
[DEBUG] Event: MouseMotion scene=combat
[DEBUG] Event: MouseMotion scene=combat
[DEBUG] Event: MouseMotion scene=combat
[DEBUG] Event: MouseMotion scene=combat
[DEBUG] Event: MouseMotion scene=combat
[DEBUG] Event: MouseMotion scene=combat
[DEBUG] Event: MouseMotion scene=combat
[DEBUG] Event: MouseMotion scene=combat
[DEBUG] Event: MouseMotion scene=combat
[DEBUG] Event: MouseMotion scene=combat
[DEBUG] Event: MouseMotion scene=combat
[DEBUG] Event: MouseMotion scene=combat
[DEBUG] Event: MouseMotion scene=combat
[DEBUG] Event: MouseMotion scene=combat
[DEBUG] Event: MouseMotion scene=combat
[DEBUG] Event: MouseMotion scene=combat
[DEBUG] Event: MouseMotion scene=combat
[DEBUG] Event: MouseMotion scene=combat
[DEBUG] Event: MouseMotion scene=combat
[DEBUG] Event: MouseMotion scene=combat
[DEBUG] Event: MouseMotion scene=combat
[DEBUG] Event: MouseMotion scene=combat
[DEBUG] Event: MouseMotion scene=combat
[DEBUG] Event: MouseMotion scene=combat
[DEBUG] Event: MouseMotion scene=combat
[DEBUG] Event: MouseMotion scene=combat
[DEBUG] Event: MouseMotion scene=combat
[DEBUG] Event: KeyDown scene=combat
[DEBUG] Event: MouseMotion scene=combat
[DEBUG] Event: MouseMotion scene=combat
[DEBUG] Event: MouseMotion scene=combat
[DEBUG] Event: MouseMotion scene=combat
[DEBUG] Event: MouseMotion scene=combat
[DEBUG] frame=7920 scene=combat fps=60
[DEBUG] Event: MouseMotion scene=combat
[DEBUG] Event: MouseMotion scene=combat
[DEBUG] Event: MouseMotion scene=combat
[DEBUG] Event: KeyUp scene=combat
[DEBUG] Event: MouseMotion scene=combat
[DEBUG] Event: MouseMotion scene=combat
[DEBUG] Event: MouseMotion scene=combat
[DEBUG] Event: MouseMotion scene=combat
[DEBUG] Event: MouseMotion scene=combat
[DEBUG] Event: MouseMotion scene=combat
[DEBUG] Event: MouseMotion scene=combat
[DEBUG] Event: MouseButtonDown scene=combat
[DEBUG] Event: MouseMotion scene=combat
[DEBUG] Event: MouseMotion scene=combat
[DEBUG] Event: MouseMotion scene=combat
[DEBUG] Event: MouseMotion scene=combat
[DEBUG] Event: MouseButtonUp scene=combat
[DEBUG] Event: MouseMotion scene=combat
[DEBUG] Event: KeyDown scene=combat
[DEBUG] Event: MouseMotion scene=combat
[DEBUG] Event: MouseMotion scene=combat
[DEBUG] Event: MouseMotion scene=combat
[DEBUG] Event: MouseMotion scene=combat
[DEBUG] Event: MouseMotion scene=combat
[DEBUG] Event: MouseMotion scene=combat
[DEBUG] Event: MouseMotion scene=combat
[DEBUG] Event: MouseMotion scene=combat
[DEBUG] Event: MouseMotion scene=combat
[DEBUG] Event: MouseMotion scene=combat
[DEBUG] Event: MouseMotion scene=combat
[DEBUG] Event: MouseMotion scene=combat
[DEBUG] Event: MouseMotion scene=combat
[DEBUG] Event: MouseMotion scene=combat
[DEBUG] Event: MouseMotion scene=combat
[DEBUG] Event: MouseMotion scene=combat
[DEBUG] Event: MouseMotion scene=combat
[DEBUG] Event: MouseMotion scene=combat
[DEBUG] Event: MouseMotion scene=combat
[DEBUG] Event: MouseMotion scene=combat
[DEBUG] Event: KeyUp scene=combat
[DEBUG] Event: MouseMotion scene=combat
[DEBUG] Event: KeyDown scene=combat
[DEBUG] Event: MouseMotion scene=combat
[DEBUG] Event: MouseMotion scene=combat
[DEBUG] Event: MouseMotion scene=combat
[DEBUG] frame=7980 scene=combat fps=60
[DEBUG] Event: KeyUp scene=combat
[DEBUG] Event: MouseMotion scene=combat
[DEBUG] Event: MouseMotion scene=combat
[DEBUG] Event: MouseMotion scene=combat
[DEBUG] Event: MouseMotion scene=combat
[DEBUG] Event: MouseMotion scene=combat
[DEBUG] Event: MouseMotion scene=combat
[DEBUG] Event: MouseMotion scene=combat
[DEBUG] Event: MouseMotion scene=combat
[DEBUG] Event: MouseMotion scene=combat
[DEBUG] Event: MouseMotion scene=combat
[DEBUG] Event: MouseMotion scene=combat
[DEBUG] Event: MouseMotion scene=combat
[DEBUG] Event: MouseMotion scene=combat
[DEBUG] Event: MouseMotion scene=combat
[DEBUG] Event: MouseMotion scene=combat
[DEBUG] Event: MouseMotion scene=combat
[DEBUG] Event: MouseMotion scene=combat
[DEBUG] Event: MouseMotion scene=combat
[DEBUG] Event: MouseMotion scene=combat
[DEBUG] Event: MouseMotion scene=combat
[DEBUG] Event: MouseMotion scene=combat
[DEBUG] Event: MouseMotion scene=combat
[DEBUG] Event: MouseButtonDown scene=combat
[DEBUG] Event: MouseMotion scene=combat
[DEBUG] Event: MouseMotion scene=combat
[DEBUG] Event: KeyDown scene=combat
[DEBUG] Event: MouseMotion scene=combat
[DEBUG] Event: KeyUp scene=combat
[DEBUG] Event: MouseMotion scene=combat
[DEBUG] Event: MouseMotion scene=combat
[DEBUG] Event: MouseMotion scene=combat
[DEBUG] Event: MouseMotion scene=combat
[DEBUG] Event: MouseMotion scene=combat
[DEBUG] Event: MouseButtonUp scene=combat
[DEBUG] Event: MouseMotion scene=combat
[DEBUG] Event: MouseMotion scene=combat
[DEBUG] Event: MouseMotion scene=combat
[DEBUG] Event: MouseMotion scene=combat
[DEBUG] Event: MouseMotion scene=combat
[DEBUG] Event: MouseMotion scene=combat
[DEBUG] Event: MouseMotion scene=combat
[DEBUG] Event: MouseMotion scene=combat
[DEBUG] Event: MouseMotion scene=combat
[DEBUG] Event: MouseMotion scene=combat
[DEBUG] Event: MouseButtonDown scene=combat
[DEBUG] Event: MouseMotion scene=combat
[DEBUG] Event: MouseMotion scene=combat
[DEBUG] Event: MouseMotion scene=combat
[DEBUG] Event: MouseMotion scene=combat
[DEBUG] Event: MouseMotion scene=combat
[DEBUG] Event: MouseMotion scene=combat
[DEBUG] Event: MouseMotion scene=combat
[DEBUG] Event: MouseMotion scene=combat
[DEBUG] Event: MouseButtonUp scene=combat
[DEBUG] Event: MouseMotion scene=combat
[DEBUG] Event: MouseMotion scene=combat
[DEBUG] Event: MouseMotion scene=combat
[DEBUG] frame=8040 scene=combat fps=60
[DEBUG] Event: MouseMotion scene=combat
[DEBUG] Event: MouseMotion scene=combat
[DEBUG] Event: MouseMotion scene=combat
[DEBUG] Event: MouseButtonDown scene=combat
[DEBUG] Event: KeyUp scene=combat
[DEBUG] Event: KeyDown scene=combat
[DEBUG] Event: MouseButtonUp scene=combat
[DEBUG] Event: MouseMotion scene=combat
[DEBUG] Event: MouseMotion scene=combat
[DEBUG] Event: MouseMotion scene=combat
[DEBUG] Event: MouseMotion scene=combat
[DEBUG] Event: MouseMotion scene=combat
[DEBUG] Event: MouseMotion scene=combat
[DEBUG] Event: MouseMotion scene=combat
[DEBUG] Event: MouseMotion scene=combat
[DEBUG] Event: MouseButtonDown scene=combat
[DEBUG] Event: MouseMotion scene=combat
[DEBUG] Event: MouseMotion scene=combat
[DEBUG] Event: MouseMotion scene=combat
[DEBUG] Event: KeyUp scene=combat
[DEBUG] Event: MouseMotion scene=combat
[DEBUG] Event: MouseMotion scene=combat
[DEBUG] Event: MouseMotion scene=combat
[DEBUG] Event: KeyDown scene=combat
[DEBUG] Event: MouseMotion scene=combat
[DEBUG] Event: MouseButtonUp scene=combat
[DEBUG] Event: MouseMotion scene=combat
[DEBUG] Event: MouseMotion scene=combat
[DEBUG] Event: MouseMotion scene=combat
[DEBUG] Event: MouseMotion scene=combat
[DEBUG] Event: MouseMotion scene=combat
[DEBUG] Event: MouseMotion scene=combat
[DEBUG] Event: MouseMotion scene=combat
[DEBUG] Event: MouseButtonDown scene=combat
[DEBUG] Event: MouseMotion scene=combat
[DEBUG] Event: MouseMotion scene=combat
[DEBUG] Event: MouseMotion scene=combat
[DEBUG] Event: MouseMotion scene=combat
[DEBUG] Event: MouseMotion scene=combat
[DEBUG] Event: MouseMotion scene=combat
[DEBUG] Event: MouseMotion scene=combat
[DEBUG] Event: MouseButtonUp scene=combat
[DEBUG] Event: MouseMotion scene=combat
[DEBUG] Event: MouseMotion scene=combat
[DEBUG] Event: MouseMotion scene=combat
[DEBUG] Event: MouseMotion scene=combat
[DEBUG] Event: MouseMotion scene=combat
[DEBUG] Event: MouseMotion scene=combat
[DEBUG] Event: MouseMotion scene=combat
[DEBUG] Event: MouseMotion scene=combat
[DEBUG] Event: MouseMotion scene=combat
[DEBUG] Event: MouseMotion scene=combat
[DEBUG] Event: MouseMotion scene=combat
[DEBUG] frame=8100 scene=combat fps=62
[DEBUG] Event: MouseButtonDown scene=combat
[DEBUG] Event: MouseMotion scene=combat
[DEBUG] Event: MouseMotion scene=combat
[DEBUG] Event: MouseMotion scene=combat
[DEBUG] Event: MouseButtonUp scene=combat
[DEBUG] Event: MouseMotion scene=combat
[DEBUG] Event: MouseMotion scene=combat
[DEBUG] Event: MouseMotion scene=combat
[DEBUG] Event: MouseMotion scene=combat
[DEBUG] Event: MouseMotion scene=combat
[DEBUG] Event: MouseMotion scene=combat
[DEBUG] Event: MouseMotion scene=combat
[DEBUG] Event: MouseMotion scene=combat
[DEBUG] Event: MouseMotion scene=combat
[DEBUG] Event: MouseMotion scene=combat
[DEBUG] Event: MouseButtonDown scene=combat
[DEBUG] Event: MouseMotion scene=combat
[DEBUG] Event: MouseMotion scene=combat
[DEBUG] Event: MouseMotion scene=combat
[DEBUG] Event: KeyUp scene=combat
[DEBUG] Event: MouseMotion scene=combat
[DEBUG] Event: MouseMotion scene=combat
[DEBUG] Event: MouseMotion scene=combat
[DEBUG] Event: KeyDown scene=combat
[DEBUG] Event: MouseMotion scene=combat
[DEBUG] Event: MouseMotion scene=combat
[DEBUG] Event: MouseButtonUp scene=combat
[DEBUG] Event: MouseMotion scene=combat
[DEBUG] Event: MouseMotion scene=combat
[DEBUG] Event: MouseMotion scene=combat
[DEBUG] Event: MouseMotion scene=combat
[DEBUG] Event: MouseMotion scene=combat
[DEBUG] Event: MouseMotion scene=combat
[DEBUG] Event: MouseMotion scene=combat
[DEBUG] Event: MouseMotion scene=combat
[DEBUG] Event: MouseMotion scene=combat
[DEBUG] Event: MouseButtonDown scene=combat
[DEBUG] Event: MouseMotion scene=combat
[DEBUG] Event: MouseMotion scene=combat
[DEBUG] Event: MouseMotion scene=combat
[DEBUG] Event: MouseMotion scene=combat
[DEBUG] Event: MouseMotion scene=combat
[DEBUG] Event: MouseButtonUp scene=combat
[DEBUG] Event: MouseMotion scene=combat
[DEBUG] Event: MouseMotion scene=combat
[DEBUG] Event: MouseMotion scene=combat
[DEBUG] Event: MouseMotion scene=combat
[DEBUG] Event: MouseMotion scene=combat
[DEBUG] Event: MouseMotion scene=combat
[DEBUG] Event: MouseMotion scene=combat
[DEBUG] Event: MouseMotion scene=combat
[DEBUG] Event: MouseMotion scene=combat
[DEBUG] Event: MouseMotion scene=combat
[DEBUG] Event: MouseMotion scene=combat
[DEBUG] Event: MouseMotion scene=combat
[DEBUG] Event: MouseMotion scene=combat
[DEBUG] Event: MouseMotion scene=combat
[DEBUG] frame=8160 scene=combat fps=61
[DEBUG] Event: MouseMotion scene=combat
[DEBUG] Event: MouseMotion scene=combat
[DEBUG] Event: MouseMotion scene=combat
[DEBUG] Event: KeyUp scene=combat
[DEBUG] Event: MouseMotion scene=combat
[DEBUG] Event: MouseMotion scene=combat
[DEBUG] Event: MouseMotion scene=combat
[DEBUG] Event: MouseButtonDown scene=combat
[DEBUG] Event: MouseMotion scene=combat
[DEBUG] Event: MouseMotion scene=combat
[DEBUG] Event: MouseMotion scene=combat
[DEBUG] Event: MouseMotion scene=combat
[DEBUG] Event: KeyDown scene=combat
[DEBUG] Event: MouseMotion scene=combat
[DEBUG] Event: MouseButtonUp scene=combat
[DEBUG] Event: MouseMotion scene=combat
[DEBUG] Event: MouseMotion scene=combat
[DEBUG] Event: MouseMotion scene=combat
[DEBUG] Event: MouseMotion scene=combat
[DEBUG] Event: MouseMotion scene=combat
[DEBUG] Event: KeyDown scene=combat
[DEBUG] Event: MouseMotion scene=combat
[DEBUG] Event: MouseMotion scene=combat
[DEBUG] Event: MouseButtonDown scene=combat
[DEBUG] Event: MouseButtonUp scene=combat
[DEBUG] Event: KeyUp scene=combat
[DEBUG] Event: MouseMotion scene=combat
[DEBUG] Event: MouseMotion scene=combat
[DEBUG] Event: MouseMotion scene=combat
[DEBUG] Event: MouseMotion scene=combat
[DEBUG] Event: MouseMotion scene=combat
[DEBUG] Event: MouseMotion scene=combat
[DEBUG] Event: MouseMotion scene=combat
[DEBUG] Event: MouseMotion scene=combat
[DEBUG] Event: MouseMotion scene=combat
[DEBUG] Event: MouseMotion scene=combat
[DEBUG] Event: MouseMotion scene=combat
[DEBUG] Event: MouseMotion scene=combat
[DEBUG] Event: MouseMotion scene=combat
[DEBUG] Event: MouseMotion scene=combat
[DEBUG] Event: MouseMotion scene=combat
[DEBUG] Event: MouseMotion scene=combat
[DEBUG] Event: MouseMotion scene=combat
[DEBUG] Event: MouseMotion scene=combat
[DEBUG] Event: MouseMotion scene=combat
[DEBUG] Event: MouseMotion scene=combat
[DEBUG] Event: MouseMotion scene=combat
[DEBUG] Event: MouseMotion scene=combat
[DEBUG] Event: MouseMotion scene=combat
[DEBUG] Event: MouseMotion scene=combat
[DEBUG] Event: MouseMotion scene=combat
[DEBUG] Event: MouseMotion scene=combat
[DEBUG] Event: MouseMotion scene=combat
[DEBUG] Event: MouseMotion scene=combat
[DEBUG] Event: MouseMotion scene=combat
[DEBUG] Event: MouseMotion scene=combat
[DEBUG] frame=8220 scene=combat fps=60
[DEBUG] Event: MouseMotion scene=combat
[DEBUG] Event: MouseMotion scene=combat
[DEBUG] Event: MouseMotion scene=combat
[DEBUG] Event: MouseMotion scene=combat
[DEBUG] Event: MouseMotion scene=combat
[DEBUG] Event: MouseMotion scene=combat
[DEBUG] Event: MouseMotion scene=combat
[DEBUG] Event: MouseMotion scene=combat
[DEBUG] Event: MouseMotion scene=combat
[DEBUG] Event: MouseMotion scene=combat
[DEBUG] Event: MouseMotion scene=combat
[DEBUG] Event: MouseMotion scene=combat
[DEBUG] Event: MouseMotion scene=combat
[DEBUG] Event: MouseMotion scene=combat
[DEBUG] Event: MouseMotion scene=combat
[DEBUG] Event: MouseMotion scene=combat
[DEBUG] Event: MouseMotion scene=combat
[DEBUG] Event: MouseMotion scene=combat
[DEBUG] Event: MouseMotion scene=combat
[DEBUG] Event: MouseMotion scene=combat
[DEBUG] Event: MouseMotion scene=combat
[DEBUG] Event: MouseMotion scene=combat
[DEBUG] Event: MouseMotion scene=combat
[DEBUG] Event: MouseMotion scene=combat
[DEBUG] Event: MouseMotion scene=combat
[DEBUG] Event: MouseMotion scene=combat
[DEBUG] Event: MouseButtonDown scene=combat
[DEBUG] Event: MouseMotion scene=combat
[DEBUG] Event: MouseMotion scene=combat
[DEBUG] Event: MouseMotion scene=combat
[DEBUG] Event: MouseButtonUp scene=combat
[DEBUG] Event: MouseMotion scene=combat
[DEBUG] Event: MouseMotion scene=combat
[DEBUG] Event: MouseMotion scene=combat
[DEBUG] Event: MouseMotion scene=combat
[DEBUG] Event: MouseMotion scene=combat
[DEBUG] Event: MouseMotion scene=combat
[DEBUG] Event: MouseMotion scene=combat
[DEBUG] Event: MouseMotion scene=combat
[DEBUG] Event: MouseMotion scene=combat
[DEBUG] Event: MouseMotion scene=combat
[DEBUG] Event: MouseMotion scene=combat
[DEBUG] Event: MouseMotion scene=combat
[DEBUG] frame=8280 scene=combat fps=60
[DEBUG] Event: MouseMotion scene=combat
[DEBUG] Event: MouseMotion scene=combat
[DEBUG] Event: MouseMotion scene=combat
[DEBUG] Event: MouseMotion scene=combat
[DEBUG] Event: MouseMotion scene=combat
[DEBUG] Event: MouseMotion scene=combat
[DEBUG] Event: MouseMotion scene=combat
[DEBUG] Event: MouseMotion scene=combat
[DEBUG] Event: MouseMotion scene=combat
[DEBUG] Event: MouseMotion scene=combat
[DEBUG] Event: MouseMotion scene=combat
[DEBUG] Event: MouseMotion scene=combat
[DEBUG] Event: MouseMotion scene=combat
[DEBUG] Event: MouseMotion scene=combat
[DEBUG] Event: MouseMotion scene=combat
[DEBUG] Event: MouseMotion scene=combat
[DEBUG] Event: MouseMotion scene=combat
[DEBUG] Event: MouseMotion scene=combat
[DEBUG] Event: MouseMotion scene=combat
[DEBUG] Event: MouseMotion scene=combat
[DEBUG] Event: MouseMotion scene=combat
[DEBUG] Event: MouseMotion scene=combat
[DEBUG] Event: MouseMotion scene=combat
[DEBUG] Event: MouseMotion scene=combat
[DEBUG] Event: MouseMotion scene=combat
[DEBUG] Event: MouseMotion scene=combat
[DEBUG] Event: MouseMotion scene=combat
[DEBUG] Event: MouseMotion scene=combat
[DEBUG] Event: MouseMotion scene=combat
[DEBUG] Event: MouseMotion scene=combat
[DEBUG] Event: MouseMotion scene=combat
[DEBUG] Event: MouseMotion scene=combat
[DEBUG] Event: MouseMotion scene=combat
[DEBUG] Event: MouseMotion scene=combat
[DEBUG] Event: MouseMotion scene=combat
[DEBUG] Event: MouseButtonDown scene=combat
[DEBUG] Event: MouseMotion scene=combat
[DEBUG] Event: MouseMotion scene=combat
[DEBUG] Event: MouseMotion scene=combat
[DEBUG] Event: MouseMotion scene=combat
[DEBUG] Event: MouseMotion scene=combat
[DEBUG] Event: MouseMotion scene=combat
[DEBUG] Event: MouseMotion scene=combat
[DEBUG] Event: MouseMotion scene=combat
[DEBUG] Event: MouseButtonUp scene=combat
[DEBUG] Event: MouseMotion scene=combat
[DEBUG] frame=8340 scene=combat fps=60
[DEBUG] Event: MouseMotion scene=combat
[DEBUG] Event: MouseMotion scene=combat
[DEBUG] Event: MouseMotion scene=combat
[DEBUG] Event: MouseMotion scene=combat
[DEBUG] Event: MouseMotion scene=combat
[DEBUG] Event: KeyDown scene=combat
[DEBUG] Event: MouseMotion scene=combat
[DEBUG] Event: MouseMotion scene=combat
[DEBUG] Event: MouseMotion scene=combat
[DEBUG] Event: KeyUp scene=combat
[DEBUG] Event: MouseMotion scene=combat
[DEBUG] Event: MouseMotion scene=combat
[DEBUG] Event: MouseMotion scene=combat
[DEBUG] Event: MouseMotion scene=combat
[DEBUG] Event: MouseMotion scene=combat
[DEBUG] Event: MouseMotion scene=combat
[DEBUG] Event: MouseMotion scene=combat
[DEBUG] Event: KeyUp scene=combat
[DEBUG] Event: MouseMotion scene=combat
[DEBUG] Event: MouseMotion scene=combat
[DEBUG] Event: MouseMotion scene=combat
[DEBUG] Event: MouseMotion scene=combat
[DEBUG] Event: MouseMotion scene=combat
[DEBUG] Event: MouseMotion scene=combat
[DEBUG] Event: MouseMotion scene=combat
[DEBUG] Event: MouseMotion scene=combat
[DEBUG] Event: MouseMotion scene=combat
[DEBUG] Event: MouseMotion scene=combat
[DEBUG] Event: MouseMotion scene=combat
[DEBUG] frame=8400 scene=combat fps=60
[DEBUG] Event: MouseMotion scene=combat
[DEBUG] Event: MouseMotion scene=combat
[DEBUG] Event: MouseMotion scene=combat
[DEBUG] Event: MouseMotion scene=combat
[DEBUG] Event: MouseButtonDown scene=combat
[DEBUG] Event: MouseButtonUp scene=combat
[DEBUG] Event: MouseMotion scene=combat
[DEBUG] Event: MouseMotion scene=combat
[DEBUG] Event: MouseMotion scene=combat
[DEBUG] Event: MouseMotion scene=combat
[DEBUG] Event: MouseMotion scene=combat
[DEBUG] Event: MouseMotion scene=combat
[DEBUG] Event: MouseMotion scene=combat
[DEBUG] Event: MouseMotion scene=combat
[DEBUG] Event: MouseMotion scene=combat
[DEBUG] Event: MouseMotion scene=combat
[DEBUG] Event: MouseMotion scene=combat
[DEBUG] Event: MouseMotion scene=combat
[DEBUG] Event: MouseMotion scene=combat
[DEBUG] Event: MouseMotion scene=combat
[DEBUG] Event: MouseMotion scene=combat
[DEBUG] Event: MouseMotion scene=combat
[DEBUG] Event: MouseMotion scene=combat
[DEBUG] Event: MouseMotion scene=combat
[DEBUG] Event: MouseMotion scene=combat
[DEBUG] Event: MouseMotion scene=combat
[DEBUG] frame=8460 scene=combat fps=60
[DEBUG] Event: MouseMotion scene=combat
[DEBUG] Event: MouseMotion scene=combat
[DEBUG] Event: MouseMotion scene=combat
[DEBUG] Event: MouseMotion scene=combat
[DEBUG] Event: MouseMotion scene=combat
[DEBUG] Event: MouseMotion scene=combat
[DEBUG] Event: MouseMotion scene=combat
[DEBUG] Event: MouseMotion scene=combat
[DEBUG] Event: MouseMotion scene=combat
[DEBUG] Event: MouseMotion scene=combat
[DEBUG] Event: MouseMotion scene=combat
[DEBUG] Event: MouseMotion scene=combat
[DEBUG] Event: MouseMotion scene=combat
[DEBUG] Event: MouseMotion scene=combat
[DEBUG] Event: MouseMotion scene=combat
[DEBUG] Event: MouseButtonDown scene=combat
[DEBUG] Event: MouseMotion scene=combat
[DEBUG] Event: MouseMotion scene=combat
[DEBUG] Event: MouseMotion scene=combat
[DEBUG] Event: MouseMotion scene=combat
[DEBUG] Event: MouseMotion scene=combat
[DEBUG] Event: MouseMotion scene=combat
[DEBUG] Event: MouseMotion scene=combat
[DEBUG] Event: MouseButtonUp scene=combat
[DEBUG] Event: MouseMotion scene=combat
[DEBUG] Event: MouseMotion scene=combat
[DEBUG] Event: MouseMotion scene=combat
[DEBUG] Event: MouseMotion scene=combat
[DEBUG] frame=8520 scene=combat fps=60
[DEBUG] Event: MouseMotion scene=combat
[DEBUG] Event: MouseMotion scene=combat
[DEBUG] Event: MouseMotion scene=combat
[DEBUG] Event: MouseMotion scene=combat
[DEBUG] Event: MouseMotion scene=combat
[DEBUG] Event: MouseMotion scene=combat
[DEBUG] Event: MouseMotion scene=combat
[DEBUG] Event: MouseMotion scene=combat
[DEBUG] Event: MouseMotion scene=combat
[DEBUG] Event: MouseMotion scene=combat
[DEBUG] Event: MouseMotion scene=combat
[DEBUG] Event: MouseMotion scene=combat
[DEBUG] Event: MouseMotion scene=combat
[DEBUG] Event: MouseMotion scene=combat
[DEBUG] Event: MouseMotion scene=combat
[DEBUG] Event: MouseMotion scene=combat
[DEBUG] Event: MouseMotion scene=combat
[DEBUG] Event: MouseMotion scene=combat
[DEBUG] Event: MouseMotion scene=combat
[DEBUG] Event: MouseMotion scene=combat
[DEBUG] Event: MouseMotion scene=combat
[DEBUG] Event: MouseMotion scene=combat
[DEBUG] Event: MouseMotion scene=combat
[DEBUG] Event: MouseMotion scene=combat
[DEBUG] Event: MouseMotion scene=combat
[DEBUG] Event: MouseMotion scene=combat
[DEBUG] Event: MouseMotion scene=combat
[DEBUG] Event: MouseMotion scene=combat
[DEBUG] Event: MouseMotion scene=combat
[DEBUG] Event: MouseMotion scene=combat
[DEBUG] Event: MouseMotion scene=combat
[DEBUG] Event: MouseMotion scene=combat
[DEBUG] Event: MouseMotion scene=combat
[DEBUG] Event: MouseMotion scene=combat
[DEBUG] Event: MouseMotion scene=combat
[DEBUG] Event: MouseMotion scene=combat
[DEBUG] Event: MouseButtonDown scene=combat
[DEBUG] Event: MouseMotion scene=combat
[DEBUG] Event: MouseButtonUp scene=combat
[DEBUG] Event: MouseMotion scene=combat
[DEBUG] Event: MouseMotion scene=combat
[DEBUG] Event: MouseMotion scene=combat
[DEBUG] Event: MouseMotion scene=combat
[DEBUG] Event: MouseMotion scene=combat
[DEBUG] Event: MouseMotion scene=combat
[DEBUG] Event: MouseMotion scene=combat
[DEBUG] frame=8580 scene=combat fps=61
[DEBUG] Event: MouseMotion scene=combat
[DEBUG] Event: MouseMotion scene=combat
[DEBUG] Event: MouseMotion scene=combat
[DEBUG] Event: MouseMotion scene=combat
[DEBUG] Event: MouseMotion scene=combat
[DEBUG] Event: MouseMotion scene=combat
[DEBUG] Event: MouseMotion scene=combat
[DEBUG] Event: MouseMotion scene=combat
[DEBUG] Event: MouseMotion scene=combat
[DEBUG] Event: MouseMotion scene=combat
[DEBUG] Event: MouseMotion scene=combat
[DEBUG] Event: MouseMotion scene=combat
[DEBUG] Event: MouseMotion scene=combat
[DEBUG] Event: MouseMotion scene=combat
[DEBUG] Event: MouseMotion scene=combat
[DEBUG] Event: MouseMotion scene=combat
[DEBUG] Event: MouseMotion scene=combat
[DEBUG] Event: MouseMotion scene=combat
[DEBUG] Event: MouseMotion scene=combat
[DEBUG] Event: MouseMotion scene=combat
[DEBUG] Event: MouseMotion scene=combat
[DEBUG] Event: MouseMotion scene=combat
[DEBUG] Event: MouseMotion scene=combat
[DEBUG] Event: MouseMotion scene=combat
[DEBUG] Event: MouseMotion scene=combat
[DEBUG] Event: MouseMotion scene=combat
[DEBUG] Event: MouseMotion scene=combat
[DEBUG] Event: MouseMotion scene=combat
[DEBUG] Event: MouseMotion scene=combat
[DEBUG] Event: MouseMotion scene=combat
[DEBUG] Event: MouseMotion scene=combat
[DEBUG] Event: MouseMotion scene=combat
[DEBUG] Event: MouseMotion scene=combat
[DEBUG] Event: MouseMotion scene=combat
[DEBUG] Event: MouseMotion scene=combat
[DEBUG] Event: MouseMotion scene=combat
[DEBUG] Event: MouseMotion scene=combat
[DEBUG] Event: MouseButtonDown scene=combat
[DEBUG] frame=8640 scene=combat fps=61
[DEBUG] Event: MouseMotion scene=combat
[DEBUG] Event: MouseMotion scene=combat
[DEBUG] Event: MouseMotion scene=combat
[DEBUG] Event: MouseMotion scene=combat
[DEBUG] Event: MouseButtonUp scene=combat
[DEBUG] Event: MouseMotion scene=combat
[DEBUG] Event: MouseMotion scene=combat
[DEBUG] Event: MouseMotion scene=combat
[DEBUG] Event: MouseMotion scene=combat
[DEBUG] Event: MouseMotion scene=combat
[DEBUG] Event: MouseMotion scene=combat
[DEBUG] Event: MouseMotion scene=combat
[DEBUG] Event: MouseMotion scene=combat
[DEBUG] Event: MouseMotion scene=combat
[DEBUG] Event: MouseMotion scene=combat
[DEBUG] Event: MouseMotion scene=combat
[DEBUG] Event: MouseMotion scene=combat
[DEBUG] Event: MouseMotion scene=combat
[DEBUG] Event: MouseMotion scene=combat
[DEBUG] Event: MouseMotion scene=combat
[DEBUG] Event: MouseMotion scene=combat
[DEBUG] Event: MouseMotion scene=combat
[DEBUG] Event: MouseMotion scene=combat
[DEBUG] Event: MouseMotion scene=combat
[DEBUG] Event: MouseMotion scene=combat
[DEBUG] Event: MouseMotion scene=combat
[DEBUG] Event: MouseMotion scene=combat
[DEBUG] Event: MouseMotion scene=combat
[DEBUG] Event: MouseMotion scene=combat
[DEBUG] frame=8700 scene=combat fps=60
[DEBUG] Event: MouseButtonDown scene=combat
[DEBUG] Event: MouseMotion scene=combat
[DEBUG] Event: MouseMotion scene=combat
[DEBUG] Event: MouseMotion scene=combat
[DEBUG] Event: MouseMotion scene=combat
[DEBUG] Event: MouseMotion scene=combat
[DEBUG] Event: MouseMotion scene=combat
[DEBUG] Event: MouseMotion scene=combat
[DEBUG] Event: MouseButtonUp scene=combat
[DEBUG] Event: MouseMotion scene=combat
[DEBUG] Event: MouseMotion scene=combat
[DEBUG] Event: MouseMotion scene=combat
[DEBUG] Event: MouseMotion scene=combat
[DEBUG] Event: MouseMotion scene=combat
[DEBUG] Event: MouseMotion scene=combat
[DEBUG] Event: MouseMotion scene=combat
[DEBUG] Event: MouseMotion scene=combat
[DEBUG] Event: MouseMotion scene=combat
[DEBUG] Event: MouseMotion scene=combat
[DEBUG] Event: MouseMotion scene=combat
[DEBUG] Event: MouseMotion scene=combat
[DEBUG] Event: MouseMotion scene=combat
[DEBUG] Event: MouseMotion scene=combat
[DEBUG] frame=8760 scene=combat fps=60
[DEBUG] Event: MouseButtonDown scene=combat
[DEBUG] Event: MouseButtonUp scene=combat
[DEBUG] Event: MouseMotion scene=combat
[DEBUG] Event: MouseMotion scene=combat
[DEBUG] Event: MouseMotion scene=combat
[DEBUG] Event: MouseMotion scene=combat
[DEBUG] Event: MouseMotion scene=combat
[DEBUG] Event: MouseMotion scene=combat
[DEBUG] Event: MouseMotion scene=combat
[DEBUG] Event: MouseMotion scene=combat
[DEBUG] Event: MouseMotion scene=combat
[DEBUG] Event: MouseMotion scene=combat
[DEBUG] Event: MouseMotion scene=combat
[DEBUG] Event: MouseMotion scene=combat
[DEBUG] Event: MouseMotion scene=combat
[DEBUG] Event: MouseMotion scene=combat
[DEBUG] Event: MouseMotion scene=combat
[DEBUG] Event: MouseMotion scene=combat
[DEBUG] Event: MouseMotion scene=combat
[DEBUG] Event: MouseMotion scene=combat
[DEBUG] Event: MouseMotion scene=combat
[DEBUG] frame=8820 scene=combat fps=61
[DEBUG] Event: MouseMotion scene=combat
[DEBUG] Event: MouseMotion scene=combat
[DEBUG] Event: MouseMotion scene=combat
[DEBUG] Event: MouseMotion scene=combat
[DEBUG] Event: MouseMotion scene=combat
[DEBUG] Event: MouseMotion scene=combat
[DEBUG] Event: MouseMotion scene=combat
[DEBUG] Event: MouseMotion scene=combat
[DEBUG] Event: MouseMotion scene=combat
[DEBUG] Event: MouseMotion scene=combat
[DEBUG] Event: MouseMotion scene=combat
[DEBUG] Event: MouseMotion scene=combat
[DEBUG] Event: MouseMotion scene=combat
[DEBUG] Event: MouseMotion scene=combat
[DEBUG] Event: MouseMotion scene=combat
[DEBUG] Event: MouseMotion scene=combat
[DEBUG] Event: MouseMotion scene=combat
[DEBUG] Event: MouseMotion scene=combat
[DEBUG] Event: MouseMotion scene=combat
[DEBUG] Event: MouseMotion scene=combat
[DEBUG] Event: MouseMotion scene=combat
[DEBUG] Event: MouseMotion scene=combat
[DEBUG] Event: MouseMotion scene=combat
[DEBUG] Event: MouseButtonDown scene=combat
[DEBUG] Event: MouseMotion scene=combat
[DEBUG] Event: MouseMotion scene=combat
[DEBUG] Event: MouseMotion scene=combat
[DEBUG] Event: MouseMotion scene=combat
[DEBUG] Event: MouseMotion scene=combat
[DEBUG] Event: MouseMotion scene=combat
[DEBUG] Event: MouseMotion scene=combat
[DEBUG] Event: MouseMotion scene=combat
[DEBUG] Event: MouseMotion scene=combat
[DEBUG] Event: MouseMotion scene=combat
[DEBUG] Event: MouseMotion scene=combat
[DEBUG] Event: MouseButtonUp scene=combat
[DEBUG] Event: MouseMotion scene=combat
[DEBUG] Event: MouseMotion scene=combat
[DEBUG] Event: MouseMotion scene=combat
[DEBUG] Event: MouseMotion scene=combat
[DEBUG] Event: MouseMotion scene=combat
[DEBUG] Event: MouseMotion scene=combat
[DEBUG] Event: MouseMotion scene=combat
[DEBUG] Event: MouseMotion scene=combat
[DEBUG] Event: MouseMotion scene=combat
[DEBUG] Event: MouseMotion scene=combat
[DEBUG] Event: MouseMotion scene=combat
[DEBUG] Event: MouseMotion scene=combat
[DEBUG] Event: MouseMotion scene=combat
[DEBUG] Event: MouseMotion scene=combat
[DEBUG] Event: MouseMotion scene=combat
[DEBUG] Event: MouseMotion scene=combat
[DEBUG] Event: MouseMotion scene=combat
[DEBUG] frame=8880 scene=combat fps=61
[DEBUG] Event: MouseMotion scene=combat
[DEBUG] Event: MouseMotion scene=combat
[DEBUG] Event: MouseMotion scene=combat
[DEBUG] Event: MouseMotion scene=combat
[DEBUG] Event: MouseMotion scene=combat
[DEBUG] Event: MouseMotion scene=combat
[DEBUG] Event: MouseMotion scene=combat
[DEBUG] Event: MouseMotion scene=combat
[DEBUG] Event: MouseMotion scene=combat
[DEBUG] Event: MouseMotion scene=combat
[DEBUG] Event: MouseMotion scene=combat
[DEBUG] Event: MouseMotion scene=combat
[DEBUG] Event: MouseMotion scene=combat
[DEBUG] Event: MouseMotion scene=combat
[DEBUG] Event: MouseMotion scene=combat
[DEBUG] Event: MouseMotion scene=combat
[DEBUG] Event: MouseMotion scene=combat
[DEBUG] Event: MouseMotion scene=combat
[DEBUG] Event: MouseMotion scene=combat
[DEBUG] Event: MouseMotion scene=combat
[DEBUG] Event: MouseMotion scene=combat
[DEBUG] Event: MouseMotion scene=combat
[DEBUG] Event: MouseMotion scene=combat
[DEBUG] Event: MouseMotion scene=combat
[DEBUG] Event: MouseMotion scene=combat
[DEBUG] Event: MouseMotion scene=combat
[DEBUG] Event: MouseMotion scene=combat
[DEBUG] Event: MouseMotion scene=combat
[DEBUG] Event: MouseMotion scene=combat
[DEBUG] Event: MouseButtonDown scene=combat
[DEBUG] Event: MouseMotion scene=combat
[DEBUG] Event: MouseMotion scene=combat
[DEBUG] Event: MouseMotion scene=combat
[DEBUG] Event: MouseMotion scene=combat
[DEBUG] Event: MouseMotion scene=combat
[DEBUG] Event: MouseMotion scene=combat
[DEBUG] Event: MouseMotion scene=combat
[DEBUG] Event: MouseMotion scene=combat
[DEBUG] Event: MouseMotion scene=combat
[DEBUG] Event: MouseMotion scene=combat
[DEBUG] Event: MouseButtonUp scene=combat
[DEBUG] Event: MouseMotion scene=combat
[DEBUG] Event: MouseMotion scene=combat
[DEBUG] Event: MouseMotion scene=combat
[DEBUG] Event: MouseMotion scene=combat
[DEBUG] Event: MouseMotion scene=combat
[DEBUG] Event: MouseMotion scene=combat
[DEBUG] Event: MouseMotion scene=combat
[DEBUG] Event: MouseMotion scene=combat
[DEBUG] Event: MouseMotion scene=combat
[DEBUG] Event: MouseMotion scene=combat
[DEBUG] Event: MouseMotion scene=combat
[DEBUG] Event: MouseMotion scene=combat
[DEBUG] Event: MouseMotion scene=combat
[DEBUG] Event: MouseMotion scene=combat
[DEBUG] Event: MouseMotion scene=combat
[DEBUG] frame=8940 scene=combat fps=60
[DEBUG] Event: KeyDown scene=combat
[DEBUG] Event: MouseMotion scene=combat
[DEBUG] Event: MouseMotion scene=combat
[DEBUG] Event: MouseMotion scene=combat
[DEBUG] Event: MouseMotion scene=combat
[DEBUG] Event: MouseMotion scene=combat
[DEBUG] Event: MouseMotion scene=combat
[DEBUG] Event: MouseMotion scene=combat
[DEBUG] Event: MouseMotion scene=combat
[DEBUG] Event: MouseMotion scene=combat
[DEBUG] Event: MouseMotion scene=combat
[DEBUG] Event: MouseMotion scene=combat
[DEBUG] Event: MouseMotion scene=combat
[DEBUG] Event: MouseMotion scene=combat
[DEBUG] Event: MouseMotion scene=combat
[DEBUG] Event: MouseMotion scene=combat
[DEBUG] Event: MouseMotion scene=combat
[DEBUG] Event: MouseMotion scene=combat
[DEBUG] Event: MouseMotion scene=combat
[DEBUG] Event: MouseMotion scene=combat
[DEBUG] Event: MouseMotion scene=combat
[DEBUG] Event: MouseMotion scene=combat
[DEBUG] Event: MouseMotion scene=combat
[DEBUG] Event: KeyDown scene=combat
[DEBUG] Event: MouseMotion scene=combat
[DEBUG] Event: MouseMotion scene=combat
[DEBUG] Event: MouseMotion scene=combat
[DEBUG] Event: MouseMotion scene=combat
[DEBUG] Event: MouseMotion scene=combat
[DEBUG] Event: MouseMotion scene=combat
[DEBUG] Event: MouseMotion scene=combat
[DEBUG] Event: MouseMotion scene=combat
[DEBUG] Event: MouseMotion scene=combat
[DEBUG] Event: KeyUp scene=combat
[DEBUG] Event: MouseMotion scene=combat
[DEBUG] Event: MouseMotion scene=combat
[DEBUG] Event: MouseMotion scene=combat
[DEBUG] Event: MouseMotion scene=combat
[DEBUG] Event: MouseMotion scene=combat
[DEBUG] Event: MouseMotion scene=combat
[DEBUG] Event: MouseMotion scene=combat
[DEBUG] Event: MouseMotion scene=combat
[DEBUG] Event: MouseMotion scene=combat
[DEBUG] Event: MouseMotion scene=combat
[DEBUG] Event: MouseMotion scene=combat
[DEBUG] Event: MouseMotion scene=combat
[DEBUG] Event: MouseMotion scene=combat
[DEBUG] Event: MouseMotion scene=combat
[DEBUG] Event: MouseMotion scene=combat
[DEBUG] Event: MouseMotion scene=combat
[DEBUG] Event: MouseMotion scene=combat
[DEBUG] Event: MouseMotion scene=combat
[DEBUG] frame=9000 scene=combat fps=60
[DEBUG] Event: MouseMotion scene=combat
[DEBUG] Event: MouseMotion scene=combat
[DEBUG] Event: MouseMotion scene=combat
[DEBUG] Event: MouseMotion scene=combat
[DEBUG] Event: MouseMotion scene=combat
[DEBUG] Event: MouseMotion scene=combat
[DEBUG] Event: MouseButtonDown scene=combat
[DEBUG] Event: MouseMotion scene=combat
[DEBUG] Event: MouseMotion scene=combat
[DEBUG] Event: MouseMotion scene=combat
[DEBUG] Event: MouseButtonUp scene=combat
[DEBUG] Event: MouseMotion scene=combat
[DEBUG] Event: KeyUp scene=combat
[DEBUG] Event: MouseMotion scene=combat
[DEBUG] Event: MouseMotion scene=combat
[DEBUG] Event: MouseMotion scene=combat
[DEBUG] Event: MouseMotion scene=combat
[DEBUG] Event: MouseMotion scene=combat
[DEBUG] Event: MouseButtonDown scene=combat
[DEBUG] Event: MouseMotion scene=combat
[DEBUG] Event: MouseMotion scene=combat
[DEBUG] Event: MouseMotion scene=combat
[DEBUG] Event: MouseButtonUp scene=combat
[DEBUG] Event: MouseMotion scene=combat
[DEBUG] Event: MouseMotion scene=combat
[DEBUG] Event: KeyDown scene=combat
[DEBUG] Event: MouseMotion scene=combat
[DEBUG] Event: MouseButtonDown scene=combat
[DEBUG] Event: MouseMotion scene=combat
[DEBUG] Event: MouseMotion scene=combat
[DEBUG] Event: MouseMotion scene=combat
[DEBUG] Event: MouseMotion scene=combat
[DEBUG] Event: MouseMotion scene=combat
[DEBUG] Event: MouseMotion scene=combat
[DEBUG] Event: MouseButtonUp scene=combat
[DEBUG] Event: MouseButtonDown scene=combat
[DEBUG] Event: MouseButtonUp scene=combat
[DEBUG] Event: MouseMotion scene=combat
[DEBUG] Event: MouseButtonDown scene=combat
[DEBUG] Event: MouseButtonUp scene=combat
[DEBUG] Event: MouseMotion scene=combat
[DEBUG] Event: MouseButtonDown scene=combat
[DEBUG] Event: MouseMotion scene=combat
[DEBUG] frame=9060 scene=combat fps=60
[DEBUG] Event: KeyDown scene=combat
[DEBUG] Event: MouseButtonUp scene=combat
[DEBUG] Event: KeyUp scene=combat
[DEBUG] Event: KeyDown scene=combat
[DEBUG] Event: MouseMotion scene=combat
[DEBUG] Event: MouseMotion scene=combat
[DEBUG] Event: MouseButtonDown scene=combat
[DEBUG] Event: MouseButtonUp scene=combat
[DEBUG] Event: MouseMotion scene=combat
[DEBUG] Event: MouseMotion scene=combat
[DEBUG] Event: MouseMotion scene=combat
[DEBUG] Event: MouseMotion scene=combat
[DEBUG] Event: MouseButtonDown scene=combat
[DEBUG] Event: MouseMotion scene=combat
[DEBUG] Event: MouseMotion scene=combat
[DEBUG] Event: MouseMotion scene=combat
[DEBUG] Event: MouseMotion scene=combat
[DEBUG] Event: MouseButtonUp scene=combat
[DEBUG] Event: KeyDown scene=combat
[DEBUG] Event: MouseMotion scene=combat
[DEBUG] Event: MouseButtonDown scene=combat
[DEBUG] Event: KeyUp scene=combat
[DEBUG] Event: KeyUp scene=combat
[DEBUG] Event: MouseMotion scene=combat
[DEBUG] Event: MouseMotion scene=combat
[DEBUG] Event: MouseMotion scene=combat
[DEBUG] Event: MouseMotion scene=combat
[DEBUG] Event: MouseMotion scene=combat
[DEBUG] Event: MouseButtonUp scene=combat
[DEBUG] Event: MouseMotion scene=combat
[DEBUG] Event: MouseMotion scene=combat
[DEBUG] Event: MouseMotion scene=combat
[DEBUG] Event: MouseMotion scene=combat
[DEBUG] Event: MouseMotion scene=combat
[DEBUG] Event: MouseMotion scene=combat
[DEBUG] Event: MouseMotion scene=combat
[DEBUG] Event: MouseMotion scene=combat
[DEBUG] Event: MouseMotion scene=combat
[DEBUG] Event: MouseMotion scene=combat
[DEBUG] Event: MouseMotion scene=combat
[DEBUG] Event: MouseMotion scene=combat
[DEBUG] Event: MouseMotion scene=combat
[DEBUG] Event: MouseMotion scene=combat
[DEBUG] Event: MouseMotion scene=combat
[DEBUG] Event: MouseMotion scene=combat
[DEBUG] Event: MouseMotion scene=combat
[DEBUG] Event: KeyUp scene=combat
[DEBUG] Event: MouseMotion scene=combat
[DEBUG] Event: MouseMotion scene=combat
[DEBUG] Event: MouseMotion scene=combat
[DEBUG] Event: MouseMotion scene=combat
[DEBUG] frame=9120 scene=combat fps=61
[DEBUG] Event: MouseMotion scene=combat
[DEBUG] Event: MouseMotion scene=combat
[DEBUG] Event: MouseMotion scene=combat
[DEBUG] Event: MouseButtonDown scene=combat
[DEBUG] Event: KeyDown scene=combat
[DEBUG] Event: MouseButtonUp scene=combat
[DEBUG] Event: MouseMotion scene=combat
[DEBUG] Event: MouseMotion scene=combat
[DEBUG] Event: MouseMotion scene=combat
[DEBUG] Event: MouseMotion scene=combat
[DEBUG] Event: MouseMotion scene=combat
[DEBUG] Event: MouseMotion scene=combat
[DEBUG] Event: MouseMotion scene=combat
[DEBUG] Event: MouseMotion scene=combat
[DEBUG] Event: MouseMotion scene=combat
[DEBUG] Event: MouseMotion scene=combat
[DEBUG] Event: MouseMotion scene=combat
[DEBUG] Event: MouseMotion scene=combat
[DEBUG] Event: MouseMotion scene=combat
[DEBUG] Event: MouseMotion scene=combat
[DEBUG] Event: MouseMotion scene=combat
[DEBUG] Event: MouseMotion scene=combat
[DEBUG] Event: MouseButtonDown scene=combat
[DEBUG] Event: MouseMotion scene=combat
[DEBUG] Event: MouseMotion scene=combat
[DEBUG] Event: KeyDown scene=combat
[DEBUG] Event: MouseMotion scene=combat
[DEBUG] Event: MouseMotion scene=combat
[DEBUG] Event: MouseButtonUp scene=combat
[DEBUG] Event: MouseMotion scene=combat
[DEBUG] Event: MouseMotion scene=combat
[DEBUG] Event: MouseMotion scene=combat
[DEBUG] Event: MouseMotion scene=combat
[DEBUG] Event: MouseMotion scene=combat
[DEBUG] Event: KeyUp scene=combat
[DEBUG] Event: MouseButtonDown scene=combat
[DEBUG] Event: MouseMotion scene=combat
[DEBUG] Event: MouseMotion scene=combat
[DEBUG] Event: KeyDown scene=combat
[DEBUG] Event: MouseMotion scene=combat
[DEBUG] Event: KeyUp scene=combat
[DEBUG] Event: KeyDown scene=combat
[DEBUG] Event: MouseButtonUp scene=combat
[DEBUG] Event: MouseMotion scene=combat
[DEBUG] Event: MouseMotion scene=combat
[DEBUG] Event: MouseMotion scene=combat
[DEBUG] Event: KeyUp scene=combat
[DEBUG] Event: MouseButtonDown scene=combat
[DEBUG] Event: MouseButtonUp scene=combat
[DEBUG] Event: MouseMotion scene=combat
[DEBUG] Event: MouseMotion scene=combat
[DEBUG] frame=9180 scene=combat fps=61
[DEBUG] Event: MouseButtonDown scene=combat
[DEBUG] Event: MouseButtonUp scene=combat
[DEBUG] Event: MouseMotion scene=combat
[DEBUG] Event: MouseMotion scene=combat
[DEBUG] Event: MouseMotion scene=combat
[DEBUG] Event: MouseMotion scene=combat
[DEBUG] Event: MouseButtonDown scene=combat
[DEBUG] Event: KeyDown scene=combat
[DEBUG] Event: MouseMotion scene=combat
[DEBUG] Event: MouseMotion scene=combat
[DEBUG] Event: MouseMotion scene=combat
[DEBUG] Event: MouseMotion scene=combat
[DEBUG] Event: MouseButtonUp scene=combat
[DEBUG] Event: MouseMotion scene=combat
[DEBUG] Event: MouseMotion scene=combat
[DEBUG] Event: MouseMotion scene=combat
[DEBUG] Event: MouseMotion scene=combat
[DEBUG] Event: MouseButtonDown scene=combat
[DEBUG] Event: MouseMotion scene=combat
[DEBUG] Event: MouseMotion scene=combat
[DEBUG] Event: MouseMotion scene=combat
[DEBUG] Event: MouseMotion scene=combat
[DEBUG] Event: MouseButtonUp scene=combat
[DEBUG] Event: MouseMotion scene=combat
[DEBUG] Event: MouseMotion scene=combat
[DEBUG] Event: MouseMotion scene=combat
[DEBUG] Event: MouseButtonDown scene=combat
[DEBUG] Event: KeyUp scene=combat
[DEBUG] Event: MouseMotion scene=combat
[DEBUG] Event: MouseButtonUp scene=combat
[DEBUG] Event: MouseMotion scene=combat
[DEBUG] Event: MouseMotion scene=combat
[DEBUG] Event: KeyUp scene=combat
[DEBUG] Event: MouseMotion scene=combat
[DEBUG] Event: MouseMotion scene=combat
[DEBUG] Event: MouseButtonDown scene=combat
[DEBUG] Event: MouseButtonUp scene=combat
[DEBUG] Event: MouseMotion scene=combat
[DEBUG] Event: MouseMotion scene=combat
[DEBUG] Event: MouseMotion scene=combat
[DEBUG] Event: MouseMotion scene=combat
[DEBUG] Event: MouseMotion scene=combat
[DEBUG] Event: MouseMotion scene=combat
[DEBUG] Event: KeyDown scene=combat
[DEBUG] Event: MouseMotion scene=combat
[DEBUG] Event: MouseButtonDown scene=combat
[DEBUG] frame=9240 scene=combat fps=61
[DEBUG] Event: MouseMotion scene=combat
[DEBUG] Event: MouseMotion scene=combat
[DEBUG] Event: MouseMotion scene=combat
[DEBUG] Event: MouseMotion scene=combat
[DEBUG] Event: MouseMotion scene=combat
[DEBUG] Event: MouseMotion scene=combat
[DEBUG] Event: MouseButtonUp scene=combat
[DEBUG] Event: MouseMotion scene=combat
[DEBUG] Event: MouseMotion scene=combat
[DEBUG] Event: MouseMotion scene=combat
[DEBUG] Event: MouseMotion scene=combat
[DEBUG] Event: MouseMotion scene=combat
[DEBUG] Event: MouseMotion scene=combat
[DEBUG] Event: MouseButtonDown scene=combat
[DEBUG] Event: MouseMotion scene=combat
[DEBUG] Event: KeyUp scene=combat
[DEBUG] Event: KeyDown scene=combat
[DEBUG] Event: MouseButtonUp scene=combat
[DEBUG] Event: MouseMotion scene=combat
[DEBUG] Event: MouseButtonDown scene=combat
[DEBUG] Event: MouseMotion scene=combat
[DEBUG] Event: MouseMotion scene=combat
[DEBUG] Event: MouseButtonUp scene=combat
[DEBUG] Event: MouseMotion scene=combat
[DEBUG] Event: MouseMotion scene=combat
[DEBUG] Event: MouseMotion scene=combat
[DEBUG] Event: MouseMotion scene=combat
[DEBUG] Event: MouseMotion scene=combat
[DEBUG] Event: MouseMotion scene=combat
[DEBUG] Event: KeyUp scene=combat
[DEBUG] Event: MouseMotion scene=combat
[DEBUG] Event: MouseMotion scene=combat
[DEBUG] Event: MouseButtonDown scene=combat
[DEBUG] Event: KeyDown scene=combat
[DEBUG] Event: MouseMotion scene=combat
[DEBUG] Event: MouseMotion scene=combat
[DEBUG] Event: MouseMotion scene=combat
[DEBUG] Event: MouseMotion scene=combat
[DEBUG] Event: MouseMotion scene=combat
[DEBUG] Event: MouseMotion scene=combat
[DEBUG] Event: MouseButtonUp scene=combat
[DEBUG] Event: MouseMotion scene=combat
[DEBUG] Event: MouseMotion scene=combat
[DEBUG] Event: MouseMotion scene=combat
[DEBUG] Event: MouseButtonDown scene=combat
[DEBUG] Event: MouseMotion scene=combat
[DEBUG] Event: KeyUp scene=combat
[DEBUG] Event: MouseMotion scene=combat
[DEBUG] Event: MouseMotion scene=combat
[DEBUG] Event: MouseMotion scene=combat
[DEBUG] Event: MouseMotion scene=combat
[DEBUG] Event: MouseMotion scene=combat
[DEBUG] Event: MouseButtonUp scene=combat
[DEBUG] Event: MouseMotion scene=combat
[DEBUG] Event: MouseMotion scene=combat
[DEBUG] Event: MouseMotion scene=combat
[DEBUG] Event: MouseMotion scene=combat
[DEBUG] Event: MouseMotion scene=combat
[DEBUG] Event: MouseMotion scene=combat
[DEBUG] Event: MouseButtonDown scene=combat
[DEBUG] Event: MouseMotion scene=combat
[DEBUG] Event: MouseMotion scene=combat
[DEBUG] Event: KeyDown scene=combat
[DEBUG] Event: MouseMotion scene=combat
[DEBUG] Event: MouseMotion scene=combat
[DEBUG] Event: MouseMotion scene=combat
[DEBUG] frame=9300 scene=combat fps=61
[DEBUG] Event: MouseMotion scene=combat
[DEBUG] Event: MouseButtonUp scene=combat
[DEBUG] Event: MouseMotion scene=combat
[DEBUG] Event: MouseMotion scene=combat
[DEBUG] Event: MouseMotion scene=combat
[DEBUG] Event: MouseButtonDown scene=combat
[DEBUG] Event: MouseMotion scene=combat
[DEBUG] Event: MouseMotion scene=combat
[DEBUG] Event: MouseMotion scene=combat
[DEBUG] Event: MouseMotion scene=combat
[DEBUG] Event: MouseMotion scene=combat
[DEBUG] Event: MouseButtonUp scene=combat
[DEBUG] Event: MouseMotion scene=combat
[DEBUG] Event: MouseMotion scene=combat
[DEBUG] Event: MouseMotion scene=combat
[DEBUG] Event: MouseMotion scene=combat
[DEBUG] Event: MouseButtonDown scene=combat
[DEBUG] Event: KeyDown scene=combat
[DEBUG] Event: MouseMotion scene=combat
[DEBUG] Event: MouseMotion scene=combat
[DEBUG] Event: KeyUp scene=combat
[DEBUG] Event: MouseMotion scene=combat
[DEBUG] Event: MouseMotion scene=combat
[DEBUG] Event: MouseMotion scene=combat
[DEBUG] Event: MouseMotion scene=combat
[DEBUG] Event: MouseButtonUp scene=combat
[DEBUG] Event: MouseMotion scene=combat
[DEBUG] Event: MouseMotion scene=combat
[DEBUG] Event: MouseMotion scene=combat
[DEBUG] Event: MouseButtonDown scene=combat
[DEBUG] Event: MouseMotion scene=combat
[DEBUG] Event: MouseMotion scene=combat
[DEBUG] Event: MouseMotion scene=combat
[DEBUG] Event: KeyUp scene=combat
[DEBUG] Event: MouseMotion scene=combat
[DEBUG] Event: MouseButtonUp scene=combat
[DEBUG] Event: MouseMotion scene=combat
[DEBUG] Event: MouseMotion scene=combat
[DEBUG] Event: MouseButtonDown scene=combat
[DEBUG] Event: KeyDown scene=combat
[DEBUG] Event: MouseButtonUp scene=combat
[DEBUG] Event: MouseMotion scene=combat
[DEBUG] Event: MouseMotion scene=combat
[DEBUG] Event: MouseMotion scene=combat
[DEBUG] Event: KeyUp scene=combat
[DEBUG] Event: MouseMotion scene=combat
[DEBUG] Event: MouseMotion scene=combat
[DEBUG] Event: MouseMotion scene=combat
[DEBUG] Event: MouseMotion scene=combat
[DEBUG] Event: MouseMotion scene=combat
[DEBUG] Event: MouseButtonDown scene=combat
[DEBUG] frame=9360 scene=combat fps=62
[DEBUG] Event: MouseMotion scene=combat
[DEBUG] Event: MouseMotion scene=combat
[DEBUG] Event: MouseMotion scene=combat
[DEBUG] Event: MouseButtonUp scene=combat
[DEBUG] Event: MouseMotion scene=combat
[DEBUG] Event: MouseMotion scene=combat
[DEBUG] Event: MouseMotion scene=combat
[DEBUG] Event: MouseMotion scene=combat
[DEBUG] Event: MouseMotion scene=combat
[DEBUG] Event: KeyDown scene=combat
[DEBUG] Event: MouseMotion scene=combat
[DEBUG] Event: MouseMotion scene=combat
[DEBUG] Event: MouseMotion scene=combat
[DEBUG] Event: MouseMotion scene=combat
[DEBUG] Event: MouseMotion scene=combat
[DEBUG] Event: MouseMotion scene=combat
[DEBUG] Event: KeyDown scene=combat
[DEBUG] Event: MouseMotion scene=combat
[DEBUG] Event: MouseMotion scene=combat
[DEBUG] Event: KeyUp scene=combat
[DEBUG] Event: MouseMotion scene=combat
[DEBUG] Event: MouseMotion scene=combat
[DEBUG] Event: MouseMotion scene=combat
[DEBUG] Event: MouseMotion scene=combat
[DEBUG] Event: MouseMotion scene=combat
[DEBUG] Event: MouseMotion scene=combat
[DEBUG] Event: MouseMotion scene=combat
[DEBUG] Event: MouseMotion scene=combat
[DEBUG] Event: MouseMotion scene=combat
[DEBUG] Event: MouseMotion scene=combat
[DEBUG] Event: MouseMotion scene=combat
[DEBUG] Event: MouseMotion scene=combat
[DEBUG] Event: MouseMotion scene=combat
[DEBUG] Event: MouseMotion scene=combat
[DEBUG] Event: KeyDown scene=combat
[DEBUG] Event: MouseMotion scene=combat
[DEBUG] Event: MouseMotion scene=combat
[DEBUG] frame=9420 scene=combat fps=60
[DEBUG] Event: MouseMotion scene=combat
[DEBUG] Event: MouseMotion scene=combat
[DEBUG] Event: MouseMotion scene=combat
[DEBUG] Event: MouseMotion scene=combat
[DEBUG] Event: MouseMotion scene=combat
[DEBUG] Event: MouseMotion scene=combat
[DEBUG] Event: MouseMotion scene=combat
[DEBUG] Event: MouseMotion scene=combat
[DEBUG] Event: MouseMotion scene=combat
[DEBUG] Event: MouseMotion scene=combat
[DEBUG] Event: MouseMotion scene=combat
[DEBUG] Event: MouseMotion scene=combat
[DEBUG] Event: MouseMotion scene=combat
[DEBUG] Event: MouseMotion scene=combat
[DEBUG] Event: MouseMotion scene=combat
[DEBUG] Event: KeyUp scene=combat
[DEBUG] Event: MouseMotion scene=combat
[DEBUG] Event: MouseMotion scene=combat
[DEBUG] Event: KeyDown scene=combat
[DEBUG] Event: MouseMotion scene=combat
[DEBUG] Event: MouseMotion scene=combat
[DEBUG] Event: MouseMotion scene=combat
[DEBUG] Event: KeyUp scene=combat
[DEBUG] Event: MouseMotion scene=combat
[DEBUG] Event: MouseMotion scene=combat
[DEBUG] Event: MouseMotion scene=combat
[DEBUG] Event: MouseMotion scene=combat
[DEBUG] Event: MouseMotion scene=combat
[DEBUG] Event: MouseMotion scene=combat
[DEBUG] frame=9480 scene=combat fps=61
[DEBUG] Event: MouseMotion scene=combat
[DEBUG] Event: MouseMotion scene=combat
[DEBUG] Event: MouseMotion scene=combat
[DEBUG] Event: MouseMotion scene=combat
[DEBUG] Event: KeyDown scene=combat
[DEBUG] Event: KeyUp scene=combat
[DEBUG] frame=9540 scene=combat fps=60
[DEBUG] Event: KeyDown scene=combat
[DEBUG] Event: KeyUp scene=combat
[DEBUG] frame=9600 scene=combat fps=60
[DEBUG] Event: KeyUp scene=combat
[DEBUG] Event: KeyDown scene=combat
[DEBUG] Event: KeyUp scene=combat
[DEBUG] Event: KeyDown scene=combat
[DEBUG] frame=9660 scene=combat fps=62
[DEBUG] Event: KeyUp scene=combat
[DEBUG] Event: KeyDown scene=combat
[DEBUG] Event: KeyUp scene=backpack
[DEBUG] Event: MouseMotion scene=backpack
[DEBUG] Event: MouseMotion scene=backpack
[DEBUG] Event: MouseMotion scene=backpack
[DEBUG] Event: MouseMotion scene=backpack
[DEBUG] Event: MouseMotion scene=backpack
[DEBUG] Event: MouseMotion scene=backpack
[DEBUG] Event: MouseMotion scene=backpack
[DEBUG] Event: MouseMotion scene=backpack
[DEBUG] Event: MouseMotion scene=backpack
[DEBUG] Event: MouseMotion scene=backpack
[DEBUG] Event: MouseMotion scene=backpack
[DEBUG] Event: MouseMotion scene=backpack
[DEBUG] Event: MouseMotion scene=backpack
[DEBUG] Event: MouseMotion scene=backpack
[DEBUG] Event: MouseMotion scene=backpack
[DEBUG] Event: MouseMotion scene=backpack
[DEBUG] Event: MouseMotion scene=backpack
[DEBUG] Event: MouseMotion scene=backpack
[DEBUG] Event: MouseMotion scene=backpack
[DEBUG] Event: MouseMotion scene=backpack
[DEBUG] Event: MouseMotion scene=backpack
[DEBUG] Event: MouseMotion scene=backpack
[DEBUG] Event: MouseMotion scene=backpack
[DEBUG] Event: MouseMotion scene=backpack
[DEBUG] Event: MouseMotion scene=backpack
[DEBUG] Event: MouseMotion scene=backpack
[DEBUG] Event: MouseMotion scene=backpack
[DEBUG] Event: MouseMotion scene=backpack
[DEBUG] Event: MouseMotion scene=backpack
[DEBUG] Event: MouseMotion scene=backpack
[DEBUG] Event: MouseMotion scene=backpack
[DEBUG] Event: MouseMotion scene=backpack
[DEBUG] Event: MouseMotion scene=backpack
[DEBUG] Event: MouseMotion scene=backpack
[DEBUG] Event: MouseMotion scene=backpack
[DEBUG] frame=9720 scene=backpack fps=61
[DEBUG] Event: MouseMotion scene=backpack
[DEBUG] Event: MouseMotion scene=backpack
[DEBUG] Event: MouseMotion scene=backpack
[DEBUG] Event: MouseMotion scene=backpack
[DEBUG] Event: MouseMotion scene=backpack
[DEBUG] Event: MouseMotion scene=backpack
[DEBUG] Event: MouseMotion scene=backpack
[DEBUG] Event: MouseMotion scene=backpack
[DEBUG] Event: MouseMotion scene=backpack
[DEBUG] Event: MouseMotion scene=backpack
[DEBUG] Event: MouseMotion scene=backpack
[DEBUG] Event: MouseMotion scene=backpack
[DEBUG] Event: MouseMotion scene=backpack
[DEBUG] Event: MouseMotion scene=backpack
[DEBUG] Event: MouseMotion scene=backpack
[DEBUG] Event: MouseMotion scene=backpack
[DEBUG] Event: MouseMotion scene=backpack
[DEBUG] Event: MouseMotion scene=backpack
[DEBUG] Event: MouseMotion scene=backpack
[DEBUG] Event: MouseMotion scene=backpack
[DEBUG] Event: MouseMotion scene=backpack
[DEBUG] Event: MouseMotion scene=backpack
[DEBUG] Event: MouseMotion scene=backpack
[DEBUG] Event: MouseButtonDown scene=backpack
[DEBUG] Event: MouseMotion scene=backpack
[DEBUG] Event: MouseButtonUp scene=backpack
[DEBUG] Event: MouseMotion scene=backpack
[DEBUG] Event: MouseMotion scene=backpack
[DEBUG] Event: MouseMotion scene=backpack
[DEBUG] Event: MouseMotion scene=backpack
[DEBUG] Event: MouseMotion scene=backpack
[DEBUG] Event: MouseMotion scene=backpack
[DEBUG] Event: MouseMotion scene=backpack
[DEBUG] Event: MouseMotion scene=backpack
[DEBUG] Event: MouseMotion scene=backpack
[DEBUG] Event: MouseMotion scene=backpack
[DEBUG] Event: MouseMotion scene=backpack
[DEBUG] Event: MouseMotion scene=backpack
[DEBUG] Event: MouseMotion scene=backpack
[DEBUG] Event: MouseMotion scene=backpack
[DEBUG] Event: MouseMotion scene=backpack
[DEBUG] Event: MouseMotion scene=backpack
[DEBUG] Event: MouseMotion scene=backpack
[DEBUG] Event: MouseMotion scene=backpack
[DEBUG] Event: MouseMotion scene=backpack
[DEBUG] frame=9780 scene=backpack fps=61
[DEBUG] Event: MouseMotion scene=backpack
[DEBUG] Event: MouseMotion scene=backpack
[DEBUG] Event: MouseButtonDown scene=backpack
[DEBUG] Event: MouseButtonUp scene=backpack
[DEBUG] Event: MouseMotion scene=backpack
[DEBUG] Event: MouseMotion scene=backpack
[DEBUG] Event: KeyDown scene=backpack
[DEBUG] Event: KeyUp scene=combat
[DEBUG] Event: MouseMotion scene=combat
[DEBUG] Event: MouseMotion scene=combat
[DEBUG] Event: KeyDown scene=combat
[DEBUG] Event: MouseMotion scene=combat
[DEBUG] Event: MouseMotion scene=combat
[DEBUG] Event: MouseMotion scene=combat
[DEBUG] Event: MouseMotion scene=combat
[DEBUG] Event: MouseMotion scene=combat
[DEBUG] Event: MouseMotion scene=combat
[DEBUG] Event: MouseMotion scene=combat
[DEBUG] Event: MouseMotion scene=combat
[DEBUG] frame=9840 scene=combat fps=59
[DEBUG] Event: MouseMotion scene=combat
[DEBUG] Event: MouseMotion scene=combat
[DEBUG] Event: MouseMotion scene=combat
[DEBUG] Event: MouseMotion scene=combat
[DEBUG] Event: MouseMotion scene=combat
[DEBUG] Event: KeyDown scene=combat
[DEBUG] Event: MouseMotion scene=combat
[DEBUG] Event: MouseMotion scene=combat
[DEBUG] Event: MouseMotion scene=combat
[DEBUG] Event: MouseMotion scene=combat
[DEBUG] Event: MouseMotion scene=combat
[DEBUG] Event: MouseMotion scene=combat
[DEBUG] Event: MouseMotion scene=combat
[DEBUG] Event: MouseMotion scene=combat
[DEBUG] Event: MouseMotion scene=combat
[DEBUG] Event: MouseMotion scene=combat
[DEBUG] Event: MouseMotion scene=combat
[DEBUG] Event: MouseMotion scene=combat
[DEBUG] Event: MouseMotion scene=combat
[DEBUG] Event: MouseMotion scene=combat
[DEBUG] Event: MouseMotion scene=combat
[DEBUG] Event: MouseMotion scene=combat
[DEBUG] Event: MouseMotion scene=combat
[DEBUG] Event: MouseMotion scene=combat
[DEBUG] Event: MouseMotion scene=combat
[DEBUG] Event: MouseMotion scene=combat
[DEBUG] Event: MouseMotion scene=combat
[DEBUG] frame=9900 scene=combat fps=60
[DEBUG] Event: MouseMotion scene=combat
[DEBUG] Event: MouseMotion scene=combat
[DEBUG] Event: MouseMotion scene=combat
[DEBUG] Event: MouseMotion scene=combat
[DEBUG] Event: MouseMotion scene=combat
[DEBUG] Event: MouseMotion scene=combat
[DEBUG] Event: MouseMotion scene=combat
[DEBUG] Event: MouseMotion scene=combat
[DEBUG] Event: MouseMotion scene=combat
[DEBUG] Event: MouseMotion scene=combat
[DEBUG] Event: MouseMotion scene=combat
[DEBUG] Event: MouseMotion scene=combat
[DEBUG] Event: MouseMotion scene=combat
[DEBUG] Event: MouseMotion scene=combat
[DEBUG] Event: MouseMotion scene=combat
[DEBUG] Event: MouseMotion scene=combat
[DEBUG] Event: MouseMotion scene=combat
[DEBUG] Event: MouseMotion scene=combat
[DEBUG] Event: MouseMotion scene=combat
[DEBUG] Event: MouseMotion scene=combat
[DEBUG] Event: MouseMotion scene=combat
[DEBUG] Event: MouseMotion scene=combat
[DEBUG] frame=9960 scene=combat fps=62
[DEBUG] Event: MouseMotion scene=combat
[DEBUG] Event: MouseMotion scene=combat
[DEBUG] Event: KeyUp scene=combat
[DEBUG] Event: MouseMotion scene=combat
[DEBUG] Event: KeyUp scene=combat
[DEBUG] Event: MouseMotion scene=combat
[DEBUG] Event: MouseMotion scene=combat
[DEBUG] Event: KeyDown scene=combat
[DEBUG] Event: KeyUp scene=combat
[DEBUG] frame=10020 scene=combat fps=60
[DEBUG] Event: KeyDown scene=combat
[DEBUG] Event: KeyUp scene=combat
[DEBUG] Event: MouseMotion scene=combat
[DEBUG] Event: MouseMotion scene=combat
[DEBUG] Event: MouseMotion scene=combat
[DEBUG] Event: MouseMotion scene=combat
[DEBUG] Event: MouseMotion scene=combat
[DEBUG] Event: MouseMotion scene=combat
[DEBUG] Event: MouseMotion scene=combat
[DEBUG] Event: MouseMotion scene=combat
[DEBUG] Event: MouseMotion scene=combat
[DEBUG] Event: MouseMotion scene=combat
[DEBUG] Event: MouseMotion scene=combat
[DEBUG] Event: MouseMotion scene=combat
[DEBUG] Event: MouseMotion scene=combat
[DEBUG] Event: MouseMotion scene=combat
[DEBUG] Event: MouseMotion scene=combat
[DEBUG] Event: MouseMotion scene=combat
[DEBUG] Event: MouseMotion scene=combat
[DEBUG] Event: MouseMotion scene=combat
[DEBUG] Event: MouseMotion scene=combat
[DEBUG] Event: MouseMotion scene=combat
[DEBUG] frame=10080 scene=combat fps=61
[DEBUG] frame=10140 scene=combat fps=61
[DEBUG] frame=10200 scene=combat fps=61
[DEBUG] Event: MouseMotion scene=combat
[DEBUG] Event: MouseMotion scene=combat
[DEBUG] Event: MouseMotion scene=combat
[DEBUG] Event: MouseMotion scene=combat
[DEBUG] Event: MouseMotion scene=combat
[DEBUG] Event: MouseMotion scene=combat
[DEBUG] Event: MouseMotion scene=combat
[DEBUG] Event: MouseMotion scene=combat
[DEBUG] Event: MouseMotion scene=combat
[DEBUG] Event: MouseMotion scene=combat
[DEBUG] Event: MouseMotion scene=combat
[DEBUG] Event: MouseMotion scene=combat
[DEBUG] Event: MouseMotion scene=combat
[DEBUG] Event: MouseMotion scene=combat
[DEBUG] Event: MouseMotion scene=combat
[DEBUG] Event: MouseMotion scene=combat
[DEBUG] Event: MouseMotion scene=combat
[DEBUG] frame=10260 scene=combat fps=61
[DEBUG] Event: MouseMotion scene=combat
[DEBUG] Event: MouseMotion scene=combat
[DEBUG] Event: MouseMotion scene=combat
[DEBUG] Event: MouseMotion scene=combat
[DEBUG] Event: MouseMotion scene=combat
[DEBUG] Event: MouseMotion scene=combat
[DEBUG] Event: MouseMotion scene=combat
[DEBUG] Event: MouseMotion scene=combat
[DEBUG] Event: MouseMotion scene=combat
[DEBUG] Event: MouseMotion scene=combat
[DEBUG] Event: MouseMotion scene=combat
[DEBUG] Event: MouseMotion scene=combat
[DEBUG] Event: MouseMotion scene=combat
[DEBUG] Event: MouseMotion scene=combat
[DEBUG] Event: MouseMotion scene=combat
[DEBUG] Event: MouseMotion scene=combat
[DEBUG] Event: MouseMotion scene=combat
[DEBUG] Event: MouseMotion scene=combat
[DEBUG] Event: MouseMotion scene=combat
[DEBUG] Event: MouseMotion scene=combat
[DEBUG] Event: MouseMotion scene=combat
[DEBUG] Event: MouseMotion scene=combat
[DEBUG] Event: MouseMotion scene=combat
[DEBUG] Event: MouseMotion scene=combat
[DEBUG] Event: MouseMotion scene=combat
[DEBUG] Event: MouseMotion scene=combat
[DEBUG] Event: MouseMotion scene=combat
[DEBUG] Event: MouseMotion scene=combat
[DEBUG] Event: MouseMotion scene=combat
[DEBUG] Event: MouseMotion scene=combat
[DEBUG] Event: MouseMotion scene=combat
[DEBUG] Event: MouseMotion scene=combat
[DEBUG] Event: MouseMotion scene=combat
[DEBUG] Event: MouseMotion scene=combat
[DEBUG] Event: MouseMotion scene=combat
[DEBUG] Event: MouseMotion scene=combat
[DEBUG] Event: MouseMotion scene=combat
[DEBUG] Event: MouseMotion scene=combat
[DEBUG] Event: MouseMotion scene=combat
[DEBUG] Event: MouseMotion scene=combat
[DEBUG] Event: MouseMotion scene=combat
[DEBUG] Event: MouseMotion scene=combat
[DEBUG] frame=10320 scene=combat fps=60
[DEBUG] Event: MouseMotion scene=combat
[DEBUG] Event: MouseMotion scene=combat
[DEBUG] Event: MouseMotion scene=combat
[DEBUG] Event: MouseMotion scene=combat
[DEBUG] Event: MouseMotion scene=combat
[DEBUG] Event: MouseMotion scene=combat
[DEBUG] Event: MouseMotion scene=combat
[DEBUG] Event: KeyDown scene=combat
[DEBUG] Event: MouseMotion scene=combat
[DEBUG] Event: MouseMotion scene=combat
[DEBUG] Event: MouseMotion scene=combat
[DEBUG] Event: MouseMotion scene=combat
[DEBUG] Event: MouseMotion scene=combat
[DEBUG] Event: MouseMotion scene=combat
[DEBUG] Event: MouseMotion scene=combat
[DEBUG] Event: MouseMotion scene=combat
[DEBUG] Event: MouseMotion scene=combat
[DEBUG] Event: MouseMotion scene=combat
[DEBUG] Event: MouseMotion scene=combat
[DEBUG] Event: MouseMotion scene=combat
[DEBUG] Event: MouseMotion scene=combat
[DEBUG] Event: MouseMotion scene=combat
[DEBUG] Event: MouseMotion scene=combat
[DEBUG] Event: MouseMotion scene=combat
[DEBUG] Event: MouseMotion scene=combat
[DEBUG] Event: MouseMotion scene=combat
[DEBUG] Event: MouseMotion scene=combat
[DEBUG] Event: MouseMotion scene=combat
[DEBUG] Event: MouseMotion scene=combat
[DEBUG] Event: MouseMotion scene=combat
[DEBUG] Event: MouseMotion scene=combat
[DEBUG] Event: MouseMotion scene=combat
[DEBUG] Event: MouseMotion scene=combat
[DEBUG] Event: MouseMotion scene=combat
[DEBUG] Event: MouseMotion scene=combat
[DEBUG] Event: KeyDown scene=combat
[DEBUG] Event: MouseMotion scene=combat
[DEBUG] frame=10380 scene=combat fps=60
[DEBUG] Event: MouseMotion scene=combat
[DEBUG] Event: MouseMotion scene=combat
[DEBUG] Event: MouseMotion scene=combat
[DEBUG] Event: MouseMotion scene=combat
[DEBUG] Event: MouseMotion scene=combat
[DEBUG] Event: MouseMotion scene=combat
[DEBUG] Event: MouseMotion scene=combat
[DEBUG] Event: MouseMotion scene=combat
[DEBUG] Event: MouseMotion scene=combat
[DEBUG] Event: MouseMotion scene=combat
[DEBUG] Event: MouseMotion scene=combat
[DEBUG] Event: MouseMotion scene=combat
[DEBUG] Event: MouseMotion scene=combat
[DEBUG] Event: MouseMotion scene=combat
[DEBUG] Event: MouseMotion scene=combat
[DEBUG] Event: KeyUp scene=combat
[DEBUG] Event: KeyDown scene=combat
[DEBUG] Event: KeyUp scene=combat
[DEBUG] Event: MouseMotion scene=combat
[DEBUG] Event: MouseMotion scene=combat
[DEBUG] Event: KeyUp scene=combat
[DEBUG] frame=10440 scene=combat fps=60
[DEBUG] Event: MouseMotion scene=combat
[DEBUG] Event: MouseMotion scene=combat
[DEBUG] Event: KeyDown scene=combat
[DEBUG] Event: MouseMotion scene=combat
[DEBUG] Event: MouseMotion scene=combat
[DEBUG] Event: MouseMotion scene=combat
[DEBUG] Event: MouseMotion scene=combat
[DEBUG] Event: MouseMotion scene=combat
[DEBUG] Event: KeyUp scene=combat
[DEBUG] Event: MouseMotion scene=combat
[DEBUG] Event: MouseMotion scene=combat
[DEBUG] Event: KeyDown scene=combat
[DEBUG] Event: KeyUp scene=combat
[DEBUG] Event: KeyDown scene=combat
[DEBUG] frame=10500 scene=combat fps=61
[DEBUG] Event: KeyDown scene=combat
[DEBUG] Event: KeyUp scene=combat
[DEBUG] Event: MouseMotion scene=combat
[DEBUG] Event: KeyDown scene=combat
[DEBUG] Event: KeyUp scene=combat
[DEBUG] Event: MouseMotion scene=combat
[DEBUG] frame=10560 scene=combat fps=60
[DEBUG] Event: KeyUp scene=combat
[DEBUG] Event: MouseMotion scene=combat
[DEBUG] Event: KeyDown scene=combat
[DEBUG] Event: KeyUp scene=combat
[DEBUG] frame=10620 scene=combat fps=61
[DEBUG] Event: MouseMotion scene=combat
[DEBUG] Event: MouseMotion scene=combat
[DEBUG] Event: MouseMotion scene=combat
[DEBUG] Event: MouseMotion scene=combat
[DEBUG] Event: MouseMotion scene=combat
[DEBUG] Event: MouseMotion scene=combat
[DEBUG] Event: MouseMotion scene=combat
[DEBUG] Event: MouseMotion scene=combat
[DEBUG] Event: MouseMotion scene=combat
[DEBUG] Event: MouseMotion scene=combat
[DEBUG] Event: MouseMotion scene=combat
[DEBUG] Event: MouseMotion scene=combat
[DEBUG] Event: MouseMotion scene=combat
[DEBUG] Event: MouseMotion scene=combat
[DEBUG] Event: ActiveEvent scene=combat
[DEBUG] Event: WindowLeave scene=combat
[DEBUG] Event: ActiveEvent scene=combat
[DEBUG] Event: WindowEnter scene=combat
[DEBUG] Event: MouseMotion scene=combat
[DEBUG] Event: MouseMotion scene=combat
[DEBUG] Event: MouseMotion scene=combat
[DEBUG] Event: MouseMotion scene=combat
[DEBUG] Event: MouseMotion scene=combat
[DEBUG] Event: MouseMotion scene=combat
[DEBUG] Event: MouseMotion scene=combat
[DEBUG] Event: MouseMotion scene=combat
[DEBUG] Event: MouseMotion scene=combat
[DEBUG] Event: MouseMotion scene=combat
[DEBUG] Event: MouseMotion scene=combat
[DEBUG] Event: MouseMotion scene=combat
[DEBUG] Event: MouseMotion scene=combat
[DEBUG] Event: MouseMotion scene=combat
[DEBUG] Event: MouseMotion scene=combat
[DEBUG] Event: MouseMotion scene=combat
[DEBUG] Event: MouseMotion scene=combat
[DEBUG] Event: MouseMotion scene=combat
[DEBUG] Event: MouseMotion scene=combat
[DEBUG] Event: MouseMotion scene=combat
[DEBUG] Event: MouseMotion scene=combat
[DEBUG] Event: MouseMotion scene=combat
[DEBUG] Event: MouseMotion scene=combat
[DEBUG] Event: MouseMotion scene=combat
[DEBUG] Event: MouseMotion scene=combat
[DEBUG] Event: MouseMotion scene=combat
[DEBUG] frame=10680 scene=combat fps=61
[DEBUG] Event: MouseMotion scene=combat
[DEBUG] Event: MouseMotion scene=combat
[DEBUG] Event: MouseMotion scene=combat
[DEBUG] Event: MouseMotion scene=combat
[DEBUG] Event: MouseMotion scene=combat
[DEBUG] Event: MouseMotion scene=combat
[DEBUG] Event: MouseMotion scene=combat
[DEBUG] Event: MouseMotion scene=combat
[DEBUG] Event: MouseMotion scene=combat
[DEBUG] Event: MouseMotion scene=combat
[DEBUG] Event: MouseMotion scene=combat
[DEBUG] Event: MouseMotion scene=combat
[DEBUG] Event: MouseMotion scene=combat
[DEBUG] Event: MouseMotion scene=combat
[DEBUG] Event: MouseMotion scene=combat
[DEBUG] Event: MouseMotion scene=combat
[DEBUG] Event: MouseMotion scene=combat
[DEBUG] Event: MouseMotion scene=combat
[DEBUG] Event: MouseMotion scene=combat
[DEBUG] Event: MouseMotion scene=combat
[DEBUG] Event: MouseMotion scene=combat
[DEBUG] Event: MouseMotion scene=combat
[DEBUG] Event: MouseMotion scene=combat
[DEBUG] Event: MouseMotion scene=combat
[DEBUG] Event: MouseMotion scene=combat
[DEBUG] Event: MouseMotion scene=combat
[DEBUG] Event: MouseMotion scene=combat
[DEBUG] Event: MouseMotion scene=combat
[DEBUG] Event: MouseMotion scene=combat
[DEBUG] Event: MouseMotion scene=combat
[DEBUG] Event: MouseMotion scene=combat
[DEBUG] Event: MouseMotion scene=combat
[DEBUG] Event: MouseMotion scene=combat
[DEBUG] Event: MouseMotion scene=combat
[DEBUG] Event: MouseMotion scene=combat
[DEBUG] Event: MouseMotion scene=combat
[DEBUG] Event: MouseMotion scene=combat
[DEBUG] Event: MouseMotion scene=combat
[DEBUG] Event: MouseMotion scene=combat
[DEBUG] Event: MouseMotion scene=combat
[DEBUG] Event: MouseMotion scene=combat
[DEBUG] Event: MouseMotion scene=combat
[DEBUG] Event: MouseMotion scene=combat
[DEBUG] Event: MouseMotion scene=combat
[DEBUG] Event: MouseMotion scene=combat
[DEBUG] Event: MouseMotion scene=combat
[DEBUG] Event: MouseMotion scene=combat
[DEBUG] Event: MouseMotion scene=combat
[DEBUG] Event: MouseMotion scene=combat
[DEBUG] Event: MouseMotion scene=combat
[DEBUG] Event: MouseMotion scene=combat
[DEBUG] Event: MouseMotion scene=combat
[DEBUG] Event: MouseMotion scene=combat
[DEBUG] Event: MouseMotion scene=combat
[DEBUG] Event: MouseMotion scene=combat
[DEBUG] Event: MouseMotion scene=combat
[DEBUG] frame=10740 scene=combat fps=61
[DEBUG] Event: MouseMotion scene=combat
[DEBUG] Event: MouseMotion scene=combat
[DEBUG] Event: MouseMotion scene=combat
[DEBUG] Event: MouseMotion scene=combat
[DEBUG] Event: MouseMotion scene=combat
[DEBUG] Event: MouseMotion scene=combat
[DEBUG] Event: MouseMotion scene=combat
[DEBUG] Event: MouseMotion scene=combat
[DEBUG] Event: MouseMotion scene=combat
[DEBUG] Event: MouseMotion scene=combat
[DEBUG] Event: MouseMotion scene=combat
[DEBUG] Event: MouseMotion scene=combat
[DEBUG] Event: MouseMotion scene=combat
[DEBUG] Event: MouseMotion scene=combat
[DEBUG] Event: MouseMotion scene=combat
[DEBUG] Event: MouseMotion scene=combat
[DEBUG] Event: MouseMotion scene=combat
[DEBUG] Event: MouseMotion scene=combat
[DEBUG] Event: MouseMotion scene=combat
[DEBUG] Event: MouseMotion scene=combat
[DEBUG] Event: MouseMotion scene=combat
[DEBUG] Event: MouseMotion scene=combat
[DEBUG] Event: MouseMotion scene=combat
[DEBUG] Event: MouseMotion scene=combat
[DEBUG] Event: MouseMotion scene=combat
[DEBUG] Event: MouseMotion scene=combat
[DEBUG] Event: MouseMotion scene=combat
[DEBUG] frame=10800 scene=combat fps=60
[DEBUG] Event: MouseMotion scene=combat
[DEBUG] Event: MouseMotion scene=combat
[DEBUG] Event: MouseMotion scene=combat
[DEBUG] Event: MouseMotion scene=combat
[DEBUG] Event: MouseMotion scene=combat
[DEBUG] Event: MouseMotion scene=combat
[DEBUG] Event: MouseMotion scene=combat
[DEBUG] Event: MouseMotion scene=combat
[DEBUG] Event: MouseMotion scene=combat
[DEBUG] Event: MouseMotion scene=combat
[DEBUG] frame=10860 scene=combat fps=61
[DEBUG] Event: MouseMotion scene=combat
[DEBUG] Event: MouseMotion scene=combat
[DEBUG] Event: MouseMotion scene=combat
[DEBUG] Event: MouseMotion scene=combat
[DEBUG] Event: KeyDown scene=combat
[DEBUG] Event: MouseMotion scene=combat
[DEBUG] Event: MouseMotion scene=combat
[DEBUG] Event: MouseMotion scene=combat
[DEBUG] Event: MouseMotion scene=combat
[DEBUG] Event: MouseMotion scene=combat
[DEBUG] Event: MouseMotion scene=combat
[DEBUG] Event: MouseMotion scene=combat
[DEBUG] Event: MouseMotion scene=combat
[DEBUG] Event: MouseMotion scene=combat
[DEBUG] Event: KeyDown scene=combat
[DEBUG] Event: MouseMotion scene=combat
[DEBUG] Event: MouseMotion scene=combat
[DEBUG] Event: MouseMotion scene=combat
[DEBUG] Event: MouseMotion scene=combat
[DEBUG] Event: MouseMotion scene=combat
[DEBUG] Event: KeyUp scene=combat
[DEBUG] Event: KeyDown scene=combat
[DEBUG] Event: KeyUp scene=combat
[DEBUG] Event: KeyDown scene=combat
[DEBUG] Event: MouseMotion scene=combat
[DEBUG] Event: MouseMotion scene=combat
[DEBUG] Event: MouseMotion scene=combat
[DEBUG] Event: MouseMotion scene=combat
[DEBUG] Event: MouseMotion scene=combat
[DEBUG] Event: MouseMotion scene=combat
[DEBUG] Event: MouseMotion scene=combat
[DEBUG] Event: MouseMotion scene=combat
[DEBUG] Event: MouseMotion scene=combat
[DEBUG] Event: MouseMotion scene=combat
[DEBUG] Event: MouseMotion scene=combat
[DEBUG] Event: MouseMotion scene=combat
[DEBUG] Event: MouseMotion scene=combat
[DEBUG] Event: MouseMotion scene=combat
[DEBUG] frame=10920 scene=combat fps=60
[DEBUG] Event: MouseMotion scene=combat
[DEBUG] Event: MouseMotion scene=combat
[DEBUG] Event: MouseMotion scene=combat
[DEBUG] Event: MouseMotion scene=combat
[DEBUG] Event: MouseMotion scene=combat
[DEBUG] Event: MouseMotion scene=combat
[DEBUG] Event: MouseMotion scene=combat
[DEBUG] Event: MouseMotion scene=combat
[DEBUG] Event: MouseMotion scene=combat
[DEBUG] Event: MouseMotion scene=combat
[DEBUG] Event: MouseMotion scene=combat
[DEBUG] Event: MouseMotion scene=combat
[DEBUG] Event: MouseMotion scene=combat
[DEBUG] Event: MouseMotion scene=combat
[DEBUG] Event: MouseMotion scene=combat
[DEBUG] Event: MouseMotion scene=combat
[DEBUG] Event: MouseMotion scene=combat
[DEBUG] Event: MouseMotion scene=combat
[DEBUG] Event: MouseMotion scene=combat
[DEBUG] Event: MouseMotion scene=combat
[DEBUG] Event: MouseMotion scene=combat
[DEBUG] Event: MouseMotion scene=combat
[DEBUG] Event: MouseMotion scene=combat
[DEBUG] Event: MouseMotion scene=combat
[DEBUG] Event: MouseMotion scene=combat
[DEBUG] Event: MouseMotion scene=combat
[DEBUG] Event: MouseMotion scene=combat
[DEBUG] Event: MouseMotion scene=combat
[DEBUG] Event: MouseMotion scene=combat
[DEBUG] Event: MouseMotion scene=combat
[DEBUG] Event: MouseMotion scene=combat
[DEBUG] Event: MouseMotion scene=combat
[DEBUG] Event: MouseMotion scene=combat
[DEBUG] Event: KeyUp scene=combat
[DEBUG] Event: MouseMotion scene=combat
[DEBUG] Event: MouseMotion scene=combat
[DEBUG] Event: MouseMotion scene=combat
[DEBUG] Event: MouseMotion scene=combat
[DEBUG] Event: MouseMotion scene=combat
[DEBUG] Event: MouseMotion scene=combat
[DEBUG] Event: MouseMotion scene=combat
[DEBUG] Event: MouseMotion scene=combat
[DEBUG] Event: MouseMotion scene=combat
[DEBUG] Event: MouseMotion scene=combat
[DEBUG] Event: MouseButtonDown scene=combat
[DEBUG] Event: KeyDown scene=combat
[DEBUG] Event: MouseMotion scene=combat
[DEBUG] Event: MouseButtonUp scene=combat
[DEBUG] Event: MouseMotion scene=combat
[DEBUG] frame=10980 scene=combat fps=61
[DEBUG] Event: KeyUp scene=combat
[DEBUG] Event: MouseMotion scene=combat
[DEBUG] Event: MouseMotion scene=combat
[DEBUG] Event: MouseMotion scene=combat
[DEBUG] Event: KeyDown scene=combat
[DEBUG] Event: MouseMotion scene=combat
[DEBUG] Event: MouseMotion scene=combat
[DEBUG] Event: MouseMotion scene=combat
[DEBUG] Event: MouseMotion scene=combat
[DEBUG] Event: MouseMotion scene=combat
[DEBUG] Event: MouseMotion scene=combat
[DEBUG] Event: KeyUp scene=combat
[DEBUG] Event: MouseMotion scene=combat
[DEBUG] Event: KeyDown scene=combat
[DEBUG] Event: MouseMotion scene=combat
[DEBUG] Event: MouseMotion scene=combat
[DEBUG] Event: MouseMotion scene=combat
[DEBUG] Event: MouseMotion scene=combat
[DEBUG] Event: MouseMotion scene=combat
[DEBUG] Event: MouseMotion scene=combat
[DEBUG] Event: MouseMotion scene=combat
[DEBUG] Event: MouseMotion scene=combat
[DEBUG] Event: MouseMotion scene=combat
[DEBUG] Event: MouseMotion scene=combat
[DEBUG] Event: MouseMotion scene=combat
[DEBUG] Event: KeyUp scene=combat
[DEBUG] Event: MouseMotion scene=combat
[DEBUG] Event: MouseMotion scene=combat
[DEBUG] Event: MouseMotion scene=combat
[DEBUG] Event: MouseMotion scene=combat
[DEBUG] Event: MouseMotion scene=combat
[DEBUG] Event: MouseMotion scene=combat
[DEBUG] Event: KeyUp scene=combat
[DEBUG] Event: MouseMotion scene=combat
[DEBUG] Event: KeyDown scene=combat
[DEBUG] Event: MouseMotion scene=combat
[DEBUG] Event: MouseMotion scene=combat
[DEBUG] Event: MouseMotion scene=combat
[DEBUG] Event: MouseMotion scene=combat
[DEBUG] Event: MouseMotion scene=combat
[DEBUG] Event: MouseMotion scene=combat
[DEBUG] Event: MouseMotion scene=combat
[DEBUG] Event: MouseMotion scene=combat
[DEBUG] Event: MouseMotion scene=combat
[DEBUG] Event: MouseMotion scene=combat
[DEBUG] Event: MouseMotion scene=combat
[DEBUG] Event: MouseMotion scene=combat
[DEBUG] Event: MouseMotion scene=combat
[DEBUG] Event: MouseMotion scene=combat
[DEBUG] Event: MouseMotion scene=combat
[DEBUG] Event: MouseMotion scene=combat
[DEBUG] Event: MouseButtonDown scene=combat
[DEBUG] Event: MouseMotion scene=combat
[DEBUG] frame=11040 scene=combat fps=60
[DEBUG] Event: MouseButtonUp scene=combat
[DEBUG] Event: MouseMotion scene=combat
[DEBUG] Event: MouseMotion scene=combat
[DEBUG] Event: MouseMotion scene=combat
[DEBUG] Event: MouseMotion scene=combat
[DEBUG] Event: KeyUp scene=combat
[DEBUG] Event: MouseMotion scene=combat
[DEBUG] Event: MouseMotion scene=combat
[DEBUG] Event: KeyDown scene=combat
[DEBUG] Event: MouseMotion scene=combat
[DEBUG] Event: MouseMotion scene=combat
[DEBUG] Event: KeyUp scene=combat
[DEBUG] Event: KeyDown scene=combat
[DEBUG] Event: MouseMotion scene=combat
[DEBUG] Event: MouseMotion scene=combat
[DEBUG] Event: MouseMotion scene=combat
[DEBUG] Event: MouseMotion scene=combat
[DEBUG] Event: MouseMotion scene=combat
[DEBUG] Event: MouseMotion scene=combat
[DEBUG] Event: KeyUp scene=combat
[DEBUG] frame=11100 scene=combat fps=60
[DEBUG] Event: MouseButtonDown scene=combat
[DEBUG] Event: KeyDown scene=combat
[DEBUG] Event: MouseButtonUp scene=combat
[DEBUG] Event: KeyUp scene=combat
[DEBUG] Event: KeyDown scene=combat
[DEBUG] Event: KeyUp scene=combat
[DEBUG] Event: MouseMotion scene=combat
[DEBUG] Event: KeyDown scene=combat
[DEBUG] frame=11160 scene=combat fps=61
[DEBUG] Event: KeyUp scene=combat
[DEBUG] Event: MouseButtonDown scene=combat
[DEBUG] Event: MouseMotion scene=combat
[DEBUG] Event: MouseButtonUp scene=combat
[DEBUG] Event: MouseMotion scene=combat
[DEBUG] Event: MouseMotion scene=combat
[DEBUG] Event: KeyDown scene=combat
[DEBUG] Event: MouseMotion scene=combat
[DEBUG] Event: MouseMotion scene=combat
[DEBUG] Event: MouseMotion scene=combat
[DEBUG] Event: MouseMotion scene=combat
[DEBUG] Event: MouseMotion scene=combat
[DEBUG] Event: MouseMotion scene=combat
[DEBUG] Event: MouseMotion scene=combat
[DEBUG] Event: MouseMotion scene=combat
[DEBUG] Event: KeyUp scene=combat
[DEBUG] Event: MouseMotion scene=combat
[DEBUG] Event: MouseMotion scene=combat
[DEBUG] Event: MouseMotion scene=combat
[DEBUG] Event: MouseMotion scene=combat
[DEBUG] Event: MouseMotion scene=combat
[DEBUG] Event: MouseMotion scene=combat
[DEBUG] Event: KeyDown scene=combat
[DEBUG] Event: MouseMotion scene=combat
[DEBUG] Event: MouseMotion scene=combat
[DEBUG] Event: MouseMotion scene=combat
[DEBUG] Event: MouseMotion scene=combat
[DEBUG] Event: MouseMotion scene=combat
[DEBUG] Event: MouseMotion scene=combat
[DEBUG] frame=11220 scene=combat fps=61
[DEBUG] Event: MouseMotion scene=combat
[DEBUG] Event: MouseMotion scene=combat
[DEBUG] Event: MouseMotion scene=combat
[DEBUG] Event: MouseMotion scene=combat
[DEBUG] Event: MouseMotion scene=combat
[DEBUG] Event: MouseMotion scene=combat
[DEBUG] Event: MouseButtonDown scene=combat
[DEBUG] Event: MouseMotion scene=combat
[DEBUG] Event: MouseButtonUp scene=combat
[DEBUG] Event: MouseMotion scene=combat
[DEBUG] Event: MouseButtonDown scene=combat
[DEBUG] Event: MouseMotion scene=combat
[DEBUG] Event: MouseMotion scene=combat
[DEBUG] Event: MouseMotion scene=combat
[DEBUG] Event: MouseMotion scene=combat
[DEBUG] Event: MouseMotion scene=combat
[DEBUG] Event: MouseMotion scene=combat
[DEBUG] Event: MouseMotion scene=combat
[DEBUG] Event: MouseMotion scene=combat
[DEBUG] Event: MouseMotion scene=combat
[DEBUG] Event: MouseMotion scene=combat
[DEBUG] Event: MouseMotion scene=combat
[DEBUG] Event: MouseMotion scene=combat
[DEBUG] Event: MouseMotion scene=combat
[DEBUG] Event: MouseButtonUp scene=combat
[DEBUG] Event: MouseMotion scene=combat
[DEBUG] Event: MouseMotion scene=combat
[DEBUG] Event: MouseMotion scene=combat
[DEBUG] Event: KeyUp scene=combat
[DEBUG] Event: KeyDown scene=combat
[DEBUG] frame=11280 scene=combat fps=60
[DEBUG] Event: MouseMotion scene=combat
[DEBUG] Event: MouseMotion scene=combat
[DEBUG] Event: KeyUp scene=combat
[DEBUG] Event: MouseMotion scene=combat
[DEBUG] Event: MouseMotion scene=combat
[DEBUG] Event: KeyDown scene=combat
[DEBUG] Event: MouseMotion scene=combat
[DEBUG] Event: MouseMotion scene=combat
[DEBUG] Event: MouseMotion scene=combat
[DEBUG] Event: KeyUp scene=combat
[DEBUG] Event: KeyDown scene=combat
[DEBUG] Event: MouseButtonDown scene=combat
[DEBUG] Event: MouseMotion scene=combat
[DEBUG] Event: MouseMotion scene=combat
[DEBUG] Event: MouseButtonUp scene=combat
[DEBUG] Event: MouseMotion scene=combat
[DEBUG] Event: MouseMotion scene=combat
[DEBUG] Event: MouseMotion scene=combat
[DEBUG] Event: MouseMotion scene=combat
[DEBUG] frame=11340 scene=combat fps=60
[DEBUG] Event: MouseMotion scene=combat
[DEBUG] Event: MouseMotion scene=combat
[DEBUG] Event: MouseMotion scene=combat
[DEBUG] Event: MouseMotion scene=combat
[DEBUG] Event: MouseMotion scene=combat
[DEBUG] Event: MouseMotion scene=combat
[DEBUG] Event: MouseMotion scene=combat
[DEBUG] Event: MouseMotion scene=combat
[DEBUG] Event: MouseMotion scene=combat
[DEBUG] Event: MouseMotion scene=combat
[DEBUG] Event: MouseMotion scene=combat
[DEBUG] Event: MouseMotion scene=combat
[DEBUG] Event: MouseMotion scene=combat
[DEBUG] Event: MouseMotion scene=combat
[DEBUG] Event: MouseMotion scene=combat
[DEBUG] Event: MouseMotion scene=combat
[DEBUG] Event: MouseMotion scene=combat
[DEBUG] Event: MouseMotion scene=combat
[DEBUG] Event: MouseMotion scene=combat
[DEBUG] Event: MouseMotion scene=combat
[DEBUG] Event: MouseMotion scene=combat
[DEBUG] Event: MouseMotion scene=combat
[DEBUG] Event: MouseMotion scene=combat
[DEBUG] Event: MouseMotion scene=combat
[DEBUG] Event: MouseMotion scene=combat
[DEBUG] Event: MouseMotion scene=combat
[DEBUG] Event: MouseMotion scene=combat
[DEBUG] Event: MouseMotion scene=combat
[DEBUG] Event: MouseMotion scene=combat
[DEBUG] Event: MouseMotion scene=combat
[DEBUG] Event: MouseMotion scene=combat
[DEBUG] Event: MouseMotion scene=combat
[DEBUG] Event: MouseMotion scene=combat
[DEBUG] Event: MouseMotion scene=combat
[DEBUG] Event: MouseMotion scene=combat
[DEBUG] Event: MouseMotion scene=combat
[DEBUG] Event: MouseMotion scene=combat
[DEBUG] Event: MouseMotion scene=combat
[DEBUG] Event: MouseButtonDown scene=combat
[DEBUG] Event: KeyUp scene=combat
[DEBUG] Event: MouseMotion scene=combat
[DEBUG] Event: MouseButtonUp scene=combat
[DEBUG] Event: MouseMotion scene=combat
[DEBUG] Event: MouseMotion scene=combat
[DEBUG] Event: MouseMotion scene=combat
[DEBUG] Event: MouseMotion scene=combat
[DEBUG] Event: MouseMotion scene=combat
[DEBUG] Event: KeyDown scene=combat
[DEBUG] Event: MouseMotion scene=combat
[DEBUG] Event: MouseMotion scene=combat
[DEBUG] Event: MouseMotion scene=combat
[DEBUG] Event: MouseMotion scene=combat
[DEBUG] Event: MouseMotion scene=combat
[DEBUG] frame=11400 scene=combat fps=61
[DEBUG] Event: KeyDown scene=combat
[DEBUG] Event: MouseMotion scene=combat
[DEBUG] Event: MouseMotion scene=combat
[DEBUG] Event: MouseButtonDown scene=combat
[DEBUG] Event: MouseMotion scene=combat
[DEBUG] Event: MouseMotion scene=combat
[DEBUG] Event: MouseMotion scene=combat
[DEBUG] Event: MouseMotion scene=combat
[DEBUG] Event: MouseMotion scene=combat
[DEBUG] Event: MouseMotion scene=combat
[DEBUG] Event: MouseMotion scene=combat
[DEBUG] Event: MouseButtonUp scene=combat
[DEBUG] Event: MouseMotion scene=combat
[DEBUG] Event: MouseMotion scene=combat
[DEBUG] Event: MouseMotion scene=combat
[DEBUG] Event: MouseMotion scene=combat
[DEBUG] Event: MouseMotion scene=combat
[DEBUG] Event: MouseMotion scene=combat
[DEBUG] Event: MouseMotion scene=combat
[DEBUG] Event: MouseMotion scene=combat
[DEBUG] Event: MouseMotion scene=combat
[DEBUG] Event: MouseMotion scene=combat
[DEBUG] Event: MouseMotion scene=combat
[DEBUG] Event: MouseMotion scene=combat
[DEBUG] Event: MouseMotion scene=combat
[DEBUG] Event: MouseMotion scene=combat
[DEBUG] Event: MouseMotion scene=combat
[DEBUG] Event: MouseMotion scene=combat
[DEBUG] Event: MouseMotion scene=combat
[DEBUG] Event: MouseMotion scene=combat
[DEBUG] Event: MouseMotion scene=combat
[DEBUG] Event: MouseMotion scene=combat
[DEBUG] Event: MouseMotion scene=combat
[DEBUG] Event: MouseMotion scene=combat
[DEBUG] Event: MouseMotion scene=combat
[DEBUG] Event: MouseMotion scene=combat
[DEBUG] Event: MouseMotion scene=combat
[DEBUG] Event: MouseMotion scene=combat
[DEBUG] Event: MouseMotion scene=combat
[DEBUG] Event: MouseMotion scene=combat
[DEBUG] Event: MouseMotion scene=combat
[DEBUG] Event: MouseMotion scene=combat
[DEBUG] Event: KeyUp scene=combat
[DEBUG] Event: MouseButtonDown scene=combat
[DEBUG] Event: KeyUp scene=combat
[DEBUG] Event: MouseMotion scene=combat
[DEBUG] frame=11460 scene=combat fps=62
[DEBUG] Event: MouseMotion scene=combat
[DEBUG] Event: MouseMotion scene=combat
[DEBUG] Event: MouseMotion scene=combat
[DEBUG] Event: MouseButtonUp scene=combat
[DEBUG] Event: MouseMotion scene=combat
[DEBUG] Event: MouseMotion scene=combat
[DEBUG] Event: MouseMotion scene=combat
[DEBUG] Event: MouseMotion scene=combat
[DEBUG] Event: KeyDown scene=combat
[DEBUG] Event: MouseButtonDown scene=combat
[DEBUG] Event: MouseButtonUp scene=combat
[DEBUG] Event: MouseMotion scene=combat
[DEBUG] Event: MouseMotion scene=combat
[DEBUG] Event: KeyUp scene=combat
[DEBUG] Event: MouseMotion scene=combat
[DEBUG] Event: MouseMotion scene=combat
[DEBUG] Event: MouseMotion scene=combat
[DEBUG] Event: MouseMotion scene=combat
[DEBUG] Event: KeyDown scene=combat
[DEBUG] Event: MouseMotion scene=combat
[DEBUG] Event: MouseMotion scene=combat
[DEBUG] Event: MouseMotion scene=combat
[DEBUG] Event: MouseMotion scene=combat
[DEBUG] Event: MouseMotion scene=combat
[DEBUG] Event: MouseMotion scene=combat
[DEBUG] Event: MouseMotion scene=combat
[DEBUG] Event: MouseMotion scene=combat
[DEBUG] Event: MouseMotion scene=combat
[DEBUG] Event: MouseMotion scene=combat
[DEBUG] Event: MouseMotion scene=combat
[DEBUG] Event: MouseMotion scene=combat
[DEBUG] Event: MouseMotion scene=combat
[DEBUG] Event: KeyDown scene=combat
[DEBUG] Event: MouseMotion scene=combat
[DEBUG] Event: MouseMotion scene=combat
[DEBUG] Event: MouseMotion scene=combat
[DEBUG] Event: MouseMotion scene=combat
[DEBUG] Event: MouseMotion scene=combat
[DEBUG] Event: MouseMotion scene=combat
[DEBUG] Event: MouseMotion scene=combat
[DEBUG] Event: KeyUp scene=combat
[DEBUG] Event: MouseMotion scene=combat
[DEBUG] Event: MouseMotion scene=combat
[DEBUG] Event: MouseMotion scene=combat
[DEBUG] Event: MouseMotion scene=combat
[DEBUG] Event: MouseMotion scene=combat
[DEBUG] Event: MouseMotion scene=combat
[DEBUG] Event: MouseMotion scene=combat
[DEBUG] Event: MouseMotion scene=combat
[DEBUG] Event: MouseMotion scene=combat
[DEBUG] Event: MouseMotion scene=combat
[DEBUG] Event: MouseMotion scene=combat
[DEBUG] Event: KeyDown scene=combat
[DEBUG] Event: MouseMotion scene=combat
[DEBUG] Event: MouseMotion scene=combat
[DEBUG] frame=11520 scene=combat fps=61
[DEBUG] Event: MouseMotion scene=combat
[DEBUG] Event: MouseMotion scene=combat
[DEBUG] Event: MouseMotion scene=combat
[DEBUG] Event: MouseMotion scene=combat
[DEBUG] Event: MouseMotion scene=combat
[DEBUG] Event: MouseMotion scene=combat
[DEBUG] Event: MouseMotion scene=combat
[DEBUG] Event: MouseMotion scene=combat
[DEBUG] Event: MouseMotion scene=combat
[DEBUG] Event: MouseMotion scene=combat
[DEBUG] Event: MouseMotion scene=combat
[DEBUG] Event: MouseMotion scene=combat
[DEBUG] Event: MouseMotion scene=combat
[DEBUG] Event: MouseMotion scene=combat
[DEBUG] Event: MouseMotion scene=combat
[DEBUG] Event: MouseMotion scene=combat
[DEBUG] Event: MouseMotion scene=combat
[DEBUG] Event: MouseMotion scene=combat
[DEBUG] Event: MouseMotion scene=combat
[DEBUG] Event: KeyUp scene=combat
[DEBUG] Event: MouseMotion scene=combat
[DEBUG] Event: MouseMotion scene=combat
[DEBUG] Event: KeyUp scene=combat
[DEBUG] Event: MouseMotion scene=combat
[DEBUG] Event: MouseMotion scene=combat
[DEBUG] Event: KeyDown scene=combat
[DEBUG] Event: MouseMotion scene=combat
[DEBUG] Event: MouseMotion scene=combat
[DEBUG] Event: MouseMotion scene=combat
[DEBUG] Event: MouseButtonDown scene=combat
[DEBUG] Event: MouseMotion scene=combat
[DEBUG] Event: MouseButtonUp scene=combat
[DEBUG] Event: KeyUp scene=combat
[DEBUG] Event: MouseMotion scene=combat
[DEBUG] Event: MouseButtonDown scene=combat
[DEBUG] Event: MouseButtonUp scene=combat
[DEBUG] Event: MouseMotion scene=combat
[DEBUG] Event: MouseMotion scene=combat
[DEBUG] Event: MouseMotion scene=combat
[DEBUG] Event: MouseMotion scene=combat
[DEBUG] Event: KeyDown scene=combat
[DEBUG] Event: MouseMotion scene=combat
[DEBUG] Event: MouseMotion scene=combat
[DEBUG] Event: MouseButtonDown scene=combat
[DEBUG] Event: MouseMotion scene=combat
[DEBUG] Event: MouseMotion scene=combat
[DEBUG] Event: MouseMotion scene=combat
[DEBUG] frame=11580 scene=combat fps=60
[DEBUG] Event: MouseMotion scene=combat
[DEBUG] Event: MouseMotion scene=combat
[DEBUG] Event: MouseButtonUp scene=combat
[DEBUG] Event: MouseMotion scene=combat
[DEBUG] Event: MouseMotion scene=combat
[DEBUG] Event: MouseMotion scene=combat
[DEBUG] Event: MouseMotion scene=combat
[DEBUG] Event: MouseMotion scene=combat
[DEBUG] Event: MouseMotion scene=combat
[DEBUG] Event: MouseMotion scene=combat
[DEBUG] Event: MouseMotion scene=combat
[DEBUG] Event: MouseMotion scene=combat
[DEBUG] Event: MouseMotion scene=combat
[DEBUG] Event: MouseButtonDown scene=combat
[DEBUG] Event: MouseMotion scene=combat
[DEBUG] Event: MouseMotion scene=combat
[DEBUG] Event: MouseMotion scene=combat
[DEBUG] Event: MouseButtonUp scene=combat
[DEBUG] Event: MouseMotion scene=combat
[DEBUG] Event: MouseMotion scene=combat
[DEBUG] Event: MouseMotion scene=combat
[DEBUG] Event: MouseMotion scene=combat
[DEBUG] Event: MouseButtonDown scene=combat
[DEBUG] Event: MouseMotion scene=combat
[DEBUG] Event: MouseMotion scene=combat
[DEBUG] Event: MouseMotion scene=combat
[DEBUG] Event: MouseButtonUp scene=combat
[DEBUG] Event: MouseButtonDown scene=combat
[DEBUG] Event: MouseMotion scene=combat
[DEBUG] Event: MouseMotion scene=combat
[DEBUG] Event: MouseMotion scene=combat
[DEBUG] Event: MouseMotion scene=combat
[DEBUG] Event: MouseMotion scene=combat
[DEBUG] Event: MouseMotion scene=combat
[DEBUG] Event: MouseMotion scene=combat
[DEBUG] Event: MouseMotion scene=combat
[DEBUG] Event: MouseMotion scene=combat
[DEBUG] Event: MouseButtonUp scene=combat
[DEBUG] Event: MouseMotion scene=combat
[DEBUG] Event: MouseMotion scene=combat
[DEBUG] Event: MouseMotion scene=combat
[DEBUG] Event: MouseMotion scene=combat
[DEBUG] Event: MouseMotion scene=combat
[DEBUG] Event: MouseMotion scene=combat
[DEBUG] Event: MouseButtonDown scene=combat
[DEBUG] Event: MouseMotion scene=combat
[DEBUG] Event: KeyDown scene=combat
[DEBUG] Event: KeyUp scene=combat
[DEBUG] Event: MouseButtonUp scene=combat
[DEBUG] Event: MouseMotion scene=combat
[DEBUG] Event: MouseMotion scene=combat
[DEBUG] Event: MouseMotion scene=combat
[DEBUG] Event: MouseMotion scene=combat
[DEBUG] Event: MouseMotion scene=combat
[DEBUG] Event: MouseButtonDown scene=combat
[DEBUG] Event: MouseMotion scene=combat
[DEBUG] frame=11640 scene=combat fps=60
[DEBUG] Event: MouseMotion scene=combat
[DEBUG] Event: MouseMotion scene=combat
[DEBUG] Event: MouseMotion scene=combat
[DEBUG] Event: MouseButtonUp scene=combat
[DEBUG] Event: MouseMotion scene=combat
[DEBUG] Event: MouseMotion scene=combat
[DEBUG] Event: MouseMotion scene=combat
[DEBUG] Event: MouseMotion scene=combat
[DEBUG] Event: MouseButtonDown scene=combat
[DEBUG] Event: MouseMotion scene=combat
[DEBUG] Event: MouseMotion scene=combat
[DEBUG] Event: MouseButtonUp scene=combat
[DEBUG] Event: MouseMotion scene=combat
[DEBUG] Event: MouseButtonDown scene=combat
[DEBUG] Event: MouseMotion scene=combat
[DEBUG] Event: MouseMotion scene=combat
[DEBUG] Event: MouseButtonUp scene=combat
[DEBUG] Event: MouseMotion scene=combat
[DEBUG] Event: MouseMotion scene=combat
[DEBUG] Event: MouseButtonDown scene=combat
[DEBUG] Event: KeyDown scene=combat
[DEBUG] Event: MouseMotion scene=combat
[DEBUG] Event: MouseButtonUp scene=combat
[DEBUG] Event: MouseMotion scene=combat
[DEBUG] Event: MouseButtonDown scene=combat
[DEBUG] Event: MouseButtonUp scene=combat
[DEBUG] Event: MouseMotion scene=combat
[DEBUG] Event: MouseMotion scene=combat
[DEBUG] Event: MouseMotion scene=combat
[DEBUG] Event: MouseButtonDown scene=combat
[DEBUG] Event: MouseMotion scene=combat
[DEBUG] Event: MouseMotion scene=combat
[DEBUG] Event: MouseMotion scene=combat
[DEBUG] Event: MouseMotion scene=combat
[DEBUG] Event: KeyUp scene=combat
[DEBUG] Event: MouseMotion scene=combat
[DEBUG] Event: MouseButtonUp scene=combat
[DEBUG] Event: MouseMotion scene=combat
[DEBUG] Event: MouseMotion scene=combat
[DEBUG] Event: MouseMotion scene=combat
[DEBUG] Event: MouseMotion scene=combat
[DEBUG] Event: MouseButtonDown scene=combat
[DEBUG] Event: MouseMotion scene=combat
[DEBUG] frame=11700 scene=combat fps=61
[DEBUG] Event: MouseMotion scene=combat
[DEBUG] Event: KeyUp scene=combat
[DEBUG] Event: KeyDown scene=combat
[DEBUG] Event: MouseButtonUp scene=combat
[DEBUG] Event: MouseMotion scene=combat
[DEBUG] Event: MouseMotion scene=combat
[DEBUG] Event: MouseMotion scene=combat
[DEBUG] Event: MouseMotion scene=combat
[DEBUG] Event: MouseButtonDown scene=combat
[DEBUG] Event: MouseMotion scene=combat
[DEBUG] Event: MouseMotion scene=combat
[DEBUG] Event: KeyDown scene=combat
[DEBUG] Event: KeyUp scene=combat
[DEBUG] Event: MouseMotion scene=combat
[DEBUG] Event: MouseMotion scene=combat
[DEBUG] Event: MouseButtonUp scene=combat
[DEBUG] Event: MouseMotion scene=combat
[DEBUG] Event: MouseMotion scene=combat
[DEBUG] Event: MouseMotion scene=combat
[DEBUG] Event: MouseMotion scene=combat
[DEBUG] Event: KeyDown scene=combat
[DEBUG] Event: MouseMotion scene=combat
[DEBUG] Event: MouseMotion scene=combat
[DEBUG] Event: MouseMotion scene=combat
[DEBUG] Event: MouseMotion scene=combat
[DEBUG] Event: MouseMotion scene=combat
[DEBUG] Event: MouseMotion scene=combat
[DEBUG] Event: MouseMotion scene=combat
[DEBUG] Event: MouseMotion scene=combat
[DEBUG] Event: MouseMotion scene=combat
[DEBUG] Event: MouseMotion scene=combat
[DEBUG] Event: MouseMotion scene=combat
[DEBUG] Event: MouseMotion scene=combat
[DEBUG] Event: KeyUp scene=combat
[DEBUG] Event: MouseMotion scene=combat
[DEBUG] Event: MouseMotion scene=combat
[DEBUG] Event: MouseMotion scene=combat
[DEBUG] Event: MouseMotion scene=combat
[DEBUG] Event: MouseMotion scene=combat
[DEBUG] Event: MouseMotion scene=combat
[DEBUG] Event: MouseMotion scene=combat
[DEBUG] Event: MouseMotion scene=combat
[DEBUG] Event: MouseMotion scene=combat
[DEBUG] Event: MouseMotion scene=combat
[DEBUG] Event: MouseMotion scene=combat
[DEBUG] Event: MouseMotion scene=combat
[DEBUG] Event: MouseMotion scene=combat
[DEBUG] Event: MouseMotion scene=combat
[DEBUG] Event: MouseMotion scene=combat
[DEBUG] Event: KeyDown scene=combat
[DEBUG] Event: MouseMotion scene=combat
[DEBUG] Event: MouseMotion scene=combat
[DEBUG] Event: MouseMotion scene=combat
[DEBUG] Event: MouseMotion scene=combat
[DEBUG] frame=11760 scene=combat fps=60
[DEBUG] Event: MouseMotion scene=combat
[DEBUG] Event: MouseMotion scene=combat
[DEBUG] Event: MouseMotion scene=combat
[DEBUG] Event: MouseButtonDown scene=combat
[DEBUG] Event: MouseMotion scene=combat
[DEBUG] Event: MouseMotion scene=combat
[DEBUG] Event: MouseMotion scene=combat
[DEBUG] Event: MouseMotion scene=combat
[DEBUG] Event: KeyUp scene=combat
[DEBUG] Event: MouseMotion scene=combat
[DEBUG] Event: MouseMotion scene=combat
[DEBUG] Event: MouseMotion scene=combat
[DEBUG] Event: MouseMotion scene=combat
[DEBUG] Event: MouseMotion scene=combat
[DEBUG] Event: MouseButtonUp scene=combat
[DEBUG] Event: MouseMotion scene=combat
[DEBUG] Event: MouseMotion scene=combat
[DEBUG] Event: MouseMotion scene=combat
[DEBUG] Event: MouseMotion scene=combat
[DEBUG] Event: MouseMotion scene=combat
[DEBUG] Event: MouseMotion scene=combat
[DEBUG] Event: MouseMotion scene=combat
[DEBUG] Event: MouseMotion scene=combat
[DEBUG] Event: MouseButtonDown scene=combat
[DEBUG] Event: MouseMotion scene=combat
[DEBUG] Event: KeyDown scene=combat
[DEBUG] Event: KeyUp scene=combat
[DEBUG] Event: MouseMotion scene=combat
[DEBUG] Event: MouseButtonUp scene=combat
[DEBUG] Event: MouseMotion scene=combat
[DEBUG] Event: MouseMotion scene=combat
[DEBUG] Event: MouseMotion scene=combat
[DEBUG] Event: MouseMotion scene=combat
[DEBUG] Event: MouseMotion scene=combat
[DEBUG] Event: MouseMotion scene=combat
[DEBUG] Event: KeyDown scene=combat
[DEBUG] Event: MouseMotion scene=combat
[DEBUG] Event: MouseButtonDown scene=combat
[DEBUG] Event: MouseMotion scene=combat
[DEBUG] Event: MouseMotion scene=combat
[DEBUG] Event: MouseMotion scene=combat
[DEBUG] Event: MouseMotion scene=combat
[DEBUG] Event: MouseMotion scene=combat
[DEBUG] Event: MouseMotion scene=combat
[DEBUG] Event: MouseMotion scene=combat
[DEBUG] Event: MouseMotion scene=combat
[DEBUG] Event: KeyUp scene=combat
[DEBUG] Event: MouseMotion scene=combat
[DEBUG] Event: MouseMotion scene=combat
[DEBUG] Event: MouseMotion scene=combat
[DEBUG] Event: KeyUp scene=combat
[DEBUG] Event: MouseMotion scene=combat
[DEBUG] Event: MouseButtonUp scene=combat
[DEBUG] Event: MouseMotion scene=combat
[DEBUG] Event: MouseMotion scene=combat
[DEBUG] Event: KeyDown scene=combat
[DEBUG] Event: MouseMotion scene=combat
[DEBUG] Event: MouseMotion scene=combat
[DEBUG] Event: MouseMotion scene=combat
[DEBUG] Event: MouseMotion scene=combat
[DEBUG] Event: MouseMotion scene=combat
[DEBUG] frame=11820 scene=combat fps=61
[DEBUG] Event: MouseMotion scene=combat
[DEBUG] Event: MouseMotion scene=combat
[DEBUG] Event: MouseMotion scene=combat
[DEBUG] Event: MouseMotion scene=combat
[DEBUG] Event: MouseMotion scene=combat
[DEBUG] Event: MouseMotion scene=combat
[DEBUG] Event: MouseMotion scene=combat
[DEBUG] Event: MouseMotion scene=combat
[DEBUG] Event: MouseMotion scene=combat
[DEBUG] Event: MouseMotion scene=combat
[DEBUG] Event: KeyUp scene=combat
[DEBUG] Event: MouseMotion scene=combat
[DEBUG] Event: KeyDown scene=combat
[DEBUG] Event: MouseMotion scene=combat
[DEBUG] Event: MouseButtonDown scene=combat
[DEBUG] Event: MouseMotion scene=combat
[DEBUG] Event: MouseMotion scene=combat
[DEBUG] Event: MouseMotion scene=combat
[DEBUG] Event: KeyDown scene=combat
[DEBUG] Event: MouseButtonUp scene=combat
[DEBUG] Event: MouseMotion scene=combat
[DEBUG] Event: KeyUp scene=combat
[DEBUG] Event: MouseMotion scene=combat
[DEBUG] Event: MouseMotion scene=combat
[DEBUG] Event: MouseMotion scene=combat
[DEBUG] Event: MouseMotion scene=combat
[DEBUG] Event: MouseButtonDown scene=combat
[DEBUG] Event: MouseMotion scene=combat
[DEBUG] Event: MouseMotion scene=combat
[DEBUG] Event: MouseMotion scene=combat
[DEBUG] Event: MouseMotion scene=combat
[DEBUG] Event: MouseMotion scene=combat
[DEBUG] Event: MouseMotion scene=combat
[DEBUG] Event: MouseMotion scene=combat
[DEBUG] Event: MouseButtonUp scene=combat
[DEBUG] Event: MouseMotion scene=combat
[DEBUG] Event: KeyUp scene=combat
[DEBUG] Event: MouseMotion scene=combat
[DEBUG] Event: KeyDown scene=combat
[DEBUG] Event: MouseMotion scene=combat
[DEBUG] Event: MouseMotion scene=combat
[DEBUG] Event: MouseMotion scene=combat
[DEBUG] Event: MouseButtonDown scene=combat
[DEBUG] Event: KeyUp scene=combat
[DEBUG] Event: KeyDown scene=combat
[DEBUG] Event: MouseMotion scene=combat
[DEBUG] Event: MouseButtonUp scene=combat
[DEBUG] Event: MouseMotion scene=combat
[DEBUG] Event: MouseMotion scene=combat
[DEBUG] Event: MouseMotion scene=combat
[DEBUG] Event: MouseMotion scene=combat
[DEBUG] Event: MouseMotion scene=combat
[DEBUG] Event: MouseMotion scene=combat
[DEBUG] Event: MouseMotion scene=combat
[DEBUG] Event: MouseMotion scene=combat
[DEBUG] Event: MouseMotion scene=combat
[DEBUG] Event: MouseMotion scene=combat
[DEBUG] Event: MouseMotion scene=combat
[DEBUG] Event: MouseMotion scene=combat
[DEBUG] frame=11880 scene=combat fps=61
[DEBUG] Event: MouseMotion scene=combat
[DEBUG] Event: MouseMotion scene=combat
[DEBUG] Event: MouseMotion scene=combat
[DEBUG] Event: MouseMotion scene=combat
[DEBUG] Event: MouseMotion scene=combat
[DEBUG] Event: MouseMotion scene=combat
[DEBUG] Event: MouseMotion scene=combat
[DEBUG] Event: MouseMotion scene=combat
[DEBUG] Event: MouseMotion scene=combat
[DEBUG] Event: MouseMotion scene=combat
[DEBUG] Event: MouseMotion scene=combat
[DEBUG] Event: MouseMotion scene=combat
[DEBUG] Event: MouseMotion scene=combat
[DEBUG] Event: MouseMotion scene=combat
[DEBUG] Event: MouseMotion scene=combat
[DEBUG] Event: MouseMotion scene=combat
[DEBUG] Event: MouseMotion scene=combat
[DEBUG] Event: MouseMotion scene=combat
[DEBUG] Event: MouseMotion scene=combat
[DEBUG] Event: MouseMotion scene=combat
[DEBUG] Event: MouseButtonDown scene=combat
[DEBUG] Event: KeyUp scene=combat
[DEBUG] Event: MouseMotion scene=combat
[DEBUG] Event: MouseMotion scene=combat
[DEBUG] Event: MouseButtonUp scene=combat
[DEBUG] Event: MouseMotion scene=combat
[DEBUG] Event: MouseMotion scene=combat
[DEBUG] Event: MouseMotion scene=combat
[DEBUG] Event: MouseMotion scene=combat
[DEBUG] Event: MouseMotion scene=combat
[DEBUG] Event: MouseMotion scene=combat
[DEBUG] Event: MouseMotion scene=combat
[DEBUG] Event: MouseButtonDown scene=combat
[DEBUG] Event: MouseMotion scene=combat
[DEBUG] Event: KeyDown scene=combat
[DEBUG] Event: MouseButtonUp scene=combat
[DEBUG] Event: MouseMotion scene=combat
[DEBUG] Event: MouseMotion scene=combat
[DEBUG] Event: MouseMotion scene=combat
[DEBUG] Event: KeyUp scene=combat
[DEBUG] Event: KeyDown scene=combat
[DEBUG] Event: MouseMotion scene=combat
[DEBUG] frame=11940 scene=combat fps=60
[DEBUG] Event: KeyUp scene=combat
[DEBUG] Event: MouseMotion scene=combat
[DEBUG] Event: MouseMotion scene=combat
[DEBUG] Event: MouseMotion scene=combat
[DEBUG] Event: KeyDown scene=combat
[DEBUG] Event: MouseMotion scene=combat
[DEBUG] Event: MouseMotion scene=combat
[DEBUG] Event: MouseMotion scene=combat
[DEBUG] Event: MouseMotion scene=combat
[DEBUG] Event: MouseMotion scene=combat
[DEBUG] Event: KeyDown scene=combat
[DEBUG] Event: MouseMotion scene=combat
[DEBUG] Event: MouseMotion scene=combat
[DEBUG] Event: MouseMotion scene=combat
[DEBUG] Event: MouseMotion scene=combat
[DEBUG] Event: MouseMotion scene=combat
[DEBUG] Event: MouseMotion scene=combat
[DEBUG] Event: MouseMotion scene=combat
[DEBUG] Event: MouseMotion scene=combat
[DEBUG] Event: MouseMotion scene=combat
[DEBUG] Event: MouseMotion scene=combat
[DEBUG] Event: MouseMotion scene=combat
[DEBUG] Event: MouseMotion scene=combat
[DEBUG] Event: MouseMotion scene=combat
[DEBUG] Event: MouseMotion scene=combat
[DEBUG] Event: MouseMotion scene=combat
[DEBUG] Event: MouseMotion scene=combat
[DEBUG] Event: MouseMotion scene=combat
[DEBUG] Event: MouseMotion scene=combat
[DEBUG] Event: MouseMotion scene=combat
[DEBUG] Event: MouseMotion scene=combat
[DEBUG] Event: MouseMotion scene=combat
[DEBUG] Event: MouseMotion scene=combat
[DEBUG] Event: MouseMotion scene=combat
[DEBUG] Event: MouseMotion scene=combat
[DEBUG] Event: MouseMotion scene=combat
[DEBUG] Event: MouseMotion scene=combat
[DEBUG] Event: MouseMotion scene=combat
[DEBUG] Event: MouseMotion scene=combat
[DEBUG] Event: MouseMotion scene=combat
[DEBUG] Event: MouseMotion scene=combat
[DEBUG] Event: MouseButtonDown scene=combat
[DEBUG] frame=12000 scene=combat fps=61
[DEBUG] Event: MouseMotion scene=combat
[DEBUG] Event: MouseButtonUp scene=combat
[DEBUG] Event: MouseMotion scene=combat
[DEBUG] Event: MouseMotion scene=combat
[DEBUG] Event: MouseMotion scene=combat
[DEBUG] Event: MouseMotion scene=combat
[DEBUG] Event: MouseMotion scene=combat
[DEBUG] Event: MouseMotion scene=combat
[DEBUG] Event: MouseMotion scene=combat
[DEBUG] Event: MouseMotion scene=combat
[DEBUG] Event: MouseMotion scene=combat
[DEBUG] Event: MouseMotion scene=combat
[DEBUG] Event: MouseMotion scene=combat
[DEBUG] Event: MouseMotion scene=combat
[DEBUG] Event: MouseMotion scene=combat
[DEBUG] Event: MouseMotion scene=combat
[DEBUG] Event: MouseMotion scene=combat
[DEBUG] Event: MouseMotion scene=combat
[DEBUG] Event: MouseMotion scene=combat
[DEBUG] Event: MouseMotion scene=combat
[DEBUG] Event: MouseMotion scene=combat
[DEBUG] Event: MouseMotion scene=combat
[DEBUG] Event: MouseMotion scene=combat
[DEBUG] Event: MouseMotion scene=combat
[DEBUG] Event: MouseMotion scene=combat
[DEBUG] Event: MouseMotion scene=combat
[DEBUG] Event: MouseMotion scene=combat
[DEBUG] Event: MouseMotion scene=combat
[DEBUG] Event: MouseMotion scene=combat
[DEBUG] Event: MouseMotion scene=combat
[DEBUG] Event: MouseMotion scene=combat
[DEBUG] Event: MouseMotion scene=combat
[DEBUG] Event: MouseMotion scene=combat
[DEBUG] Event: MouseMotion scene=combat
[DEBUG] Event: MouseMotion scene=combat
[DEBUG] Event: MouseMotion scene=combat
[DEBUG] Event: MouseMotion scene=combat
[DEBUG] Event: MouseMotion scene=combat
[DEBUG] Event: MouseMotion scene=combat
[DEBUG] Event: MouseMotion scene=combat
[DEBUG] Event: MouseButtonDown scene=combat
[DEBUG] Event: MouseMotion scene=combat
[DEBUG] frame=12060 scene=combat fps=61
[DEBUG] Event: KeyUp scene=combat
[DEBUG] Event: MouseMotion scene=combat
[DEBUG] Event: KeyUp scene=combat
[DEBUG] Event: MouseMotion scene=combat
[DEBUG] Event: MouseMotion scene=combat
[DEBUG] Event: MouseMotion scene=combat
[DEBUG] Event: MouseMotion scene=combat
[DEBUG] Event: MouseButtonUp scene=combat
[DEBUG] Event: MouseMotion scene=combat
[DEBUG] Event: MouseMotion scene=combat
[DEBUG] Event: MouseMotion scene=combat
[DEBUG] Event: MouseMotion scene=combat
[DEBUG] Event: KeyDown scene=combat
[DEBUG] Event: MouseMotion scene=combat
[DEBUG] Event: MouseButtonDown scene=combat
[DEBUG] Event: MouseMotion scene=combat
[DEBUG] Event: MouseMotion scene=combat
[DEBUG] Event: MouseMotion scene=combat
[DEBUG] Event: MouseMotion scene=combat
[DEBUG] Event: MouseMotion scene=combat
[DEBUG] Event: MouseMotion scene=combat
[DEBUG] Event: MouseMotion scene=combat
[DEBUG] Event: MouseButtonUp scene=combat
[DEBUG] Event: MouseMotion scene=combat
[DEBUG] Event: MouseMotion scene=combat
[DEBUG] Event: MouseMotion scene=combat
[DEBUG] Event: MouseMotion scene=combat
[DEBUG] Event: MouseMotion scene=combat
[DEBUG] Event: MouseMotion scene=combat
[DEBUG] Event: MouseMotion scene=combat
[DEBUG] Event: MouseMotion scene=combat
[DEBUG] Event: MouseMotion scene=combat
[DEBUG] Event: MouseMotion scene=combat
[DEBUG] Event: MouseMotion scene=combat
[DEBUG] Event: MouseMotion scene=combat
[DEBUG] Event: MouseMotion scene=combat
[DEBUG] Event: MouseMotion scene=combat
[DEBUG] Event: MouseMotion scene=combat
[DEBUG] Event: MouseMotion scene=combat
[DEBUG] Event: MouseMotion scene=combat
[DEBUG] Event: MouseMotion scene=combat
[DEBUG] Event: MouseMotion scene=combat
[DEBUG] Event: MouseMotion scene=combat
[DEBUG] Event: MouseMotion scene=combat
[DEBUG] Event: MouseMotion scene=combat
[DEBUG] Event: MouseMotion scene=combat
[DEBUG] Event: MouseMotion scene=combat
[DEBUG] Event: MouseMotion scene=combat
[DEBUG] Event: MouseMotion scene=combat
[DEBUG] Event: MouseMotion scene=combat
[DEBUG] Event: MouseMotion scene=combat
[DEBUG] frame=12120 scene=combat fps=60
[DEBUG] Event: MouseMotion scene=combat
[DEBUG] Event: MouseMotion scene=combat
[DEBUG] Event: MouseMotion scene=combat
[DEBUG] Event: MouseMotion scene=combat
[DEBUG] Event: MouseMotion scene=combat
[DEBUG] Event: MouseMotion scene=combat
[DEBUG] Event: KeyUp scene=combat
[DEBUG] Event: MouseMotion scene=combat
[DEBUG] Event: MouseMotion scene=combat
[DEBUG] Event: MouseMotion scene=combat
[DEBUG] Event: MouseMotion scene=combat
[DEBUG] Event: MouseMotion scene=combat
[DEBUG] Event: MouseMotion scene=combat
[DEBUG] Event: MouseMotion scene=combat
[DEBUG] Event: MouseMotion scene=combat
[DEBUG] Event: KeyDown scene=combat
[DEBUG] Event: MouseMotion scene=combat
[DEBUG] Event: MouseMotion scene=combat
[DEBUG] Event: MouseMotion scene=combat
[DEBUG] Event: MouseMotion scene=combat
[DEBUG] Event: MouseMotion scene=combat
[DEBUG] Event: MouseButtonDown scene=combat
[DEBUG] Event: MouseButtonUp scene=combat
[DEBUG] Event: MouseMotion scene=combat
[DEBUG] Event: MouseMotion scene=combat
[DEBUG] Event: MouseMotion scene=combat
[DEBUG] Event: MouseMotion scene=combat
[DEBUG] Event: MouseMotion scene=combat
[DEBUG] Event: MouseMotion scene=combat
[DEBUG] Event: MouseMotion scene=combat
[DEBUG] Event: MouseMotion scene=combat
[DEBUG] Event: MouseMotion scene=combat
[DEBUG] Event: MouseMotion scene=combat
[DEBUG] Event: MouseMotion scene=combat
[DEBUG] Event: MouseMotion scene=combat
[DEBUG] Event: MouseMotion scene=combat
[DEBUG] Event: MouseMotion scene=combat
[DEBUG] Event: MouseMotion scene=combat
[DEBUG] Event: MouseMotion scene=combat
[DEBUG] Event: MouseMotion scene=combat
[DEBUG] Event: MouseMotion scene=combat
[DEBUG] Event: MouseMotion scene=combat
[DEBUG] Event: MouseMotion scene=combat
[DEBUG] Event: MouseMotion scene=combat
[DEBUG] Event: MouseMotion scene=combat
[DEBUG] Event: MouseMotion scene=combat
[DEBUG] Event: MouseMotion scene=combat
[DEBUG] Event: MouseMotion scene=combat
[DEBUG] Event: MouseMotion scene=combat
[DEBUG] Event: MouseMotion scene=combat
[DEBUG] frame=12180 scene=combat fps=61
[DEBUG] Event: MouseMotion scene=combat
[DEBUG] Event: MouseMotion scene=combat
[DEBUG] Event: MouseMotion scene=combat
[DEBUG] Event: MouseMotion scene=combat
[DEBUG] Event: MouseMotion scene=combat
[DEBUG] Event: MouseMotion scene=combat
[DEBUG] Event: MouseMotion scene=combat
[DEBUG] Event: KeyDown scene=combat
[DEBUG] Event: KeyUp scene=combat
[DEBUG] Event: MouseMotion scene=combat
[DEBUG] Event: MouseMotion scene=combat
[DEBUG] Event: MouseMotion scene=combat
[DEBUG] Event: MouseMotion scene=combat
[DEBUG] Event: MouseMotion scene=combat
[DEBUG] Event: MouseMotion scene=combat
[DEBUG] Event: MouseMotion scene=combat
[DEBUG] Event: MouseButtonDown scene=combat
[DEBUG] Event: MouseMotion scene=combat
[DEBUG] Event: KeyDown scene=combat
[DEBUG] Event: MouseMotion scene=combat
[DEBUG] Event: MouseMotion scene=combat
[DEBUG] Event: MouseMotion scene=combat
[DEBUG] Event: MouseMotion scene=combat
[DEBUG] Event: MouseMotion scene=combat
[DEBUG] Event: KeyUp scene=combat
[DEBUG] Event: MouseMotion scene=combat
[DEBUG] Event: MouseMotion scene=combat
[DEBUG] Event: MouseButtonUp scene=combat
[DEBUG] Event: MouseButtonDown scene=combat
[DEBUG] Event: MouseMotion scene=combat
[DEBUG] Event: MouseMotion scene=combat
[DEBUG] Event: MouseButtonUp scene=combat
[DEBUG] Event: MouseMotion scene=combat
[DEBUG] Event: MouseMotion scene=combat
[DEBUG] Event: MouseMotion scene=combat
[DEBUG] Event: MouseMotion scene=combat
[DEBUG] Event: MouseMotion scene=combat
[DEBUG] Event: MouseMotion scene=combat
[DEBUG] Event: MouseMotion scene=combat
[DEBUG] Event: MouseMotion scene=combat
[DEBUG] Event: MouseMotion scene=combat
[DEBUG] Event: MouseMotion scene=combat
[DEBUG] Event: MouseMotion scene=combat
[DEBUG] Event: MouseMotion scene=combat
[DEBUG] Event: MouseMotion scene=combat
[DEBUG] Event: MouseMotion scene=combat
[DEBUG] Event: KeyDown scene=combat
[DEBUG] Event: KeyUp scene=combat
[DEBUG] Event: MouseMotion scene=combat
[DEBUG] Event: MouseMotion scene=combat
[DEBUG] Event: MouseMotion scene=combat
[DEBUG] Event: MouseMotion scene=combat
[DEBUG] frame=12240 scene=combat fps=61
[DEBUG] Event: MouseMotion scene=combat
[DEBUG] Event: MouseMotion scene=combat
[DEBUG] Event: MouseMotion scene=combat
[DEBUG] Event: MouseMotion scene=combat
[DEBUG] Event: MouseMotion scene=combat
[DEBUG] Event: MouseMotion scene=combat
[DEBUG] Event: MouseMotion scene=combat
[DEBUG] Event: KeyUp scene=combat
[DEBUG] Event: MouseButtonDown scene=combat
[DEBUG] Event: KeyDown scene=combat
[DEBUG] Event: MouseMotion scene=combat
[DEBUG] Event: MouseButtonUp scene=combat
[DEBUG] Event: MouseMotion scene=combat
[DEBUG] Event: MouseMotion scene=combat
[DEBUG] Event: MouseMotion scene=combat
[DEBUG] Event: MouseMotion scene=combat
[DEBUG] Event: MouseMotion scene=combat
[DEBUG] Event: MouseMotion scene=combat
[DEBUG] Event: MouseMotion scene=combat
[DEBUG] Event: MouseMotion scene=combat
[DEBUG] Event: MouseMotion scene=combat
[DEBUG] Event: MouseMotion scene=combat
[DEBUG] Event: KeyDown scene=combat
[DEBUG] Event: MouseMotion scene=combat
[DEBUG] Event: MouseMotion scene=combat
[DEBUG] Event: MouseMotion scene=combat
[DEBUG] Event: MouseMotion scene=combat
[DEBUG] Event: MouseMotion scene=combat
[DEBUG] Event: MouseMotion scene=combat
[DEBUG] Event: MouseMotion scene=combat
[DEBUG] Event: MouseMotion scene=combat
[DEBUG] Event: MouseMotion scene=combat
[DEBUG] Event: MouseMotion scene=combat
[DEBUG] Event: MouseMotion scene=combat
[DEBUG] Event: MouseMotion scene=combat
[DEBUG] Event: MouseMotion scene=combat
[DEBUG] Event: MouseMotion scene=combat
[DEBUG] Event: KeyUp scene=combat
[DEBUG] frame=12300 scene=combat fps=61
[DEBUG] Event: KeyUp scene=combat
[DEBUG] Event: MouseMotion scene=combat
[DEBUG] Event: MouseMotion scene=combat
[DEBUG] Event: MouseButtonDown scene=combat
[DEBUG] Event: MouseMotion scene=combat
[DEBUG] Event: MouseMotion scene=combat
[DEBUG] Event: MouseMotion scene=combat
[DEBUG] Event: MouseButtonUp scene=combat
[DEBUG] Event: KeyDown scene=combat
[DEBUG] Event: MouseMotion scene=combat
[DEBUG] Event: MouseMotion scene=combat
[DEBUG] Event: MouseMotion scene=combat
[DEBUG] Event: MouseButtonDown scene=combat
[DEBUG] Event: MouseMotion scene=combat
[DEBUG] Event: MouseMotion scene=combat
[DEBUG] Event: KeyDown scene=combat
[DEBUG] Event: MouseMotion scene=combat
[DEBUG] Event: MouseMotion scene=combat
[DEBUG] Event: MouseMotion scene=combat
[DEBUG] Event: MouseMotion scene=combat
[DEBUG] Event: MouseMotion scene=combat
[DEBUG] Event: MouseMotion scene=combat
[DEBUG] Event: MouseMotion scene=combat
[DEBUG] Event: MouseButtonUp scene=combat
[DEBUG] Event: MouseMotion scene=combat
[DEBUG] Event: MouseMotion scene=combat
[DEBUG] Event: MouseMotion scene=combat
[DEBUG] Event: MouseMotion scene=combat
[DEBUG] Event: MouseButtonDown scene=combat
[DEBUG] Event: MouseMotion scene=combat
[DEBUG] Event: KeyUp scene=combat
[DEBUG] Event: MouseMotion scene=combat
[DEBUG] Event: MouseMotion scene=combat
[DEBUG] Event: MouseMotion scene=combat
[DEBUG] Event: MouseMotion scene=combat
[DEBUG] Event: MouseMotion scene=combat
[DEBUG] Event: MouseMotion scene=combat
[DEBUG] Event: MouseMotion scene=combat
[DEBUG] Event: MouseMotion scene=combat
[DEBUG] Event: MouseButtonUp scene=combat
[DEBUG] Event: MouseMotion scene=combat
[DEBUG] Event: MouseMotion scene=combat
[DEBUG] frame=12360 scene=combat fps=61
[DEBUG] Event: MouseMotion scene=combat
[DEBUG] Event: MouseMotion scene=combat
[DEBUG] Event: MouseMotion scene=combat
[DEBUG] Event: MouseMotion scene=combat
[DEBUG] Event: MouseMotion scene=combat
[DEBUG] Event: MouseMotion scene=combat
[DEBUG] Event: MouseMotion scene=combat
[DEBUG] Event: MouseMotion scene=combat
[DEBUG] Event: MouseMotion scene=combat
[DEBUG] Event: MouseMotion scene=combat
[DEBUG] Event: MouseMotion scene=combat
[DEBUG] Event: MouseMotion scene=combat
[DEBUG] Event: MouseMotion scene=combat
[DEBUG] Event: MouseMotion scene=combat
[DEBUG] Event: MouseMotion scene=combat
[DEBUG] Event: MouseMotion scene=combat
[DEBUG] Event: MouseMotion scene=combat
[DEBUG] Event: MouseMotion scene=combat
[DEBUG] Event: MouseMotion scene=combat
[DEBUG] Event: MouseMotion scene=combat
[DEBUG] Event: MouseMotion scene=combat
[DEBUG] Event: MouseMotion scene=combat
[DEBUG] Event: MouseMotion scene=combat
[DEBUG] Event: KeyUp scene=combat
[DEBUG] Event: KeyDown scene=combat
[DEBUG] Event: MouseButtonDown scene=combat
[DEBUG] Event: MouseMotion scene=combat
[DEBUG] Event: MouseButtonUp scene=combat
[DEBUG] Event: KeyUp scene=combat
[DEBUG] Event: MouseMotion scene=combat
[DEBUG] Event: MouseButtonDown scene=combat
[DEBUG] Event: KeyDown scene=combat
[DEBUG] Event: MouseButtonUp scene=combat
[DEBUG] Event: MouseMotion scene=combat
[DEBUG] Event: MouseMotion scene=combat
[DEBUG] Event: MouseMotion scene=combat
[DEBUG] Event: MouseMotion scene=combat
[DEBUG] Event: MouseMotion scene=combat
[DEBUG] Event: MouseMotion scene=combat
[DEBUG] frame=12420 scene=combat fps=58
[DEBUG] Event: MouseMotion scene=combat
[DEBUG] Event: KeyUp scene=combat
[DEBUG] Event: MouseMotion scene=combat
[DEBUG] Event: MouseMotion scene=combat
[DEBUG] Event: MouseMotion scene=combat
[DEBUG] Event: MouseMotion scene=combat
[DEBUG] Event: MouseMotion scene=combat
[DEBUG] Event: KeyDown scene=combat
[DEBUG] Event: MouseMotion scene=combat
[DEBUG] Event: MouseMotion scene=combat
[DEBUG] Event: MouseMotion scene=combat
[DEBUG] Event: MouseMotion scene=combat
[DEBUG] Event: MouseMotion scene=combat
[DEBUG] Event: MouseMotion scene=combat
[DEBUG] Event: MouseMotion scene=combat
[DEBUG] Event: MouseMotion scene=combat
[DEBUG] Event: MouseMotion scene=combat
[DEBUG] Event: MouseMotion scene=combat
[DEBUG] Event: MouseMotion scene=combat
[DEBUG] Event: MouseMotion scene=combat
[DEBUG] Event: MouseMotion scene=combat
[DEBUG] Event: MouseMotion scene=combat
[DEBUG] Event: KeyDown scene=combat
[DEBUG] Event: MouseMotion scene=combat
[DEBUG] Event: MouseMotion scene=combat
[DEBUG] Event: MouseMotion scene=combat
[DEBUG] Event: MouseMotion scene=combat
[DEBUG] Event: MouseMotion scene=combat
[DEBUG] Event: MouseMotion scene=combat
[DEBUG] Event: MouseMotion scene=combat
[DEBUG] Event: MouseMotion scene=combat
[DEBUG] Event: MouseMotion scene=combat
[DEBUG] Event: KeyUp scene=combat
[DEBUG] Event: MouseMotion scene=combat
[DEBUG] Event: MouseMotion scene=combat
[DEBUG] Event: MouseMotion scene=combat
[DEBUG] Event: MouseButtonDown scene=combat
[DEBUG] Event: MouseMotion scene=combat
[DEBUG] Event: MouseMotion scene=combat
[DEBUG] Event: MouseButtonUp scene=combat
[DEBUG] Event: MouseMotion scene=combat
[DEBUG] Event: MouseMotion scene=combat
[DEBUG] Event: MouseMotion scene=combat
[DEBUG] Event: MouseMotion scene=combat
[DEBUG] Event: MouseMotion scene=combat
[DEBUG] Event: MouseMotion scene=combat
[DEBUG] Event: MouseMotion scene=combat
[DEBUG] Event: MouseMotion scene=combat
[DEBUG] frame=12480 scene=combat fps=61
[DEBUG] Event: MouseMotion scene=combat
[DEBUG] Event: MouseMotion scene=combat
[DEBUG] Event: MouseMotion scene=combat
[DEBUG] Event: MouseMotion scene=combat
[DEBUG] Event: MouseMotion scene=combat
[DEBUG] Event: MouseMotion scene=combat
[DEBUG] Event: MouseMotion scene=combat
[DEBUG] Event: MouseMotion scene=combat
[DEBUG] Event: MouseMotion scene=combat
[DEBUG] Event: MouseMotion scene=combat
[DEBUG] Event: MouseMotion scene=combat
[DEBUG] Event: MouseMotion scene=combat
[DEBUG] Event: MouseMotion scene=combat
[DEBUG] Event: MouseMotion scene=combat
[DEBUG] Event: MouseMotion scene=combat
[DEBUG] Event: MouseMotion scene=combat
[DEBUG] Event: MouseMotion scene=combat
[DEBUG] Event: MouseMotion scene=combat
[DEBUG] Event: KeyUp scene=combat
[DEBUG] Event: MouseMotion scene=combat
[DEBUG] Event: MouseButtonDown scene=combat
[DEBUG] Event: MouseMotion scene=combat
[DEBUG] Event: MouseMotion scene=combat
[DEBUG] Event: MouseMotion scene=combat
[DEBUG] Event: MouseMotion scene=combat
[DEBUG] Event: MouseMotion scene=combat
[DEBUG] Event: KeyDown scene=combat
[DEBUG] Event: MouseMotion scene=combat
[DEBUG] Event: MouseButtonUp scene=combat
[DEBUG] Event: MouseMotion scene=combat
[DEBUG] Event: MouseMotion scene=combat
[DEBUG] Event: MouseMotion scene=combat
[DEBUG] Event: MouseMotion scene=combat
[DEBUG] frame=12540 scene=combat fps=60
[DEBUG] Event: MouseMotion scene=combat
[DEBUG] Event: MouseMotion scene=combat
[DEBUG] Event: MouseMotion scene=combat
[DEBUG] Event: MouseMotion scene=combat
[DEBUG] Event: MouseMotion scene=combat
[DEBUG] Event: MouseMotion scene=combat
[DEBUG] Event: MouseMotion scene=combat
[DEBUG] Event: KeyDown scene=combat
[DEBUG] Event: MouseMotion scene=combat
[DEBUG] Event: MouseMotion scene=combat
[DEBUG] Event: MouseMotion scene=combat
[DEBUG] Event: MouseMotion scene=combat
[DEBUG] Event: MouseMotion scene=combat
[DEBUG] Event: MouseMotion scene=combat
[DEBUG] Event: KeyUp scene=combat
[DEBUG] Event: MouseMotion scene=combat
[DEBUG] Event: MouseMotion scene=combat
[DEBUG] Event: MouseMotion scene=combat
[DEBUG] Event: MouseMotion scene=combat
[DEBUG] Event: MouseMotion scene=combat
[DEBUG] Event: MouseMotion scene=combat
[DEBUG] Event: MouseMotion scene=combat
[DEBUG] Event: MouseMotion scene=combat
[DEBUG] Event: MouseMotion scene=combat
[DEBUG] Event: MouseMotion scene=combat
[DEBUG] Event: MouseMotion scene=combat
[DEBUG] Event: MouseMotion scene=combat
[DEBUG] Event: MouseMotion scene=combat
[DEBUG] Event: KeyUp scene=combat
[DEBUG] Event: MouseMotion scene=combat
[DEBUG] Event: MouseButtonDown scene=combat
[DEBUG] Event: MouseMotion scene=combat
[DEBUG] Event: KeyDown scene=combat
[DEBUG] Event: MouseMotion scene=combat
[DEBUG] frame=12600 scene=combat fps=61
[DEBUG] Event: KeyDown scene=combat
[DEBUG] Event: MouseButtonUp scene=combat
[DEBUG] Event: MouseMotion scene=combat
[DEBUG] Event: MouseMotion scene=combat
[DEBUG] Event: MouseMotion scene=combat
[DEBUG] Event: MouseMotion scene=combat
[DEBUG] Event: MouseMotion scene=combat
[DEBUG] Event: MouseMotion scene=combat
[DEBUG] Event: KeyUp scene=combat
[DEBUG] Event: MouseMotion scene=combat
[DEBUG] Event: MouseMotion scene=combat
[DEBUG] Event: MouseMotion scene=combat
[DEBUG] Event: MouseMotion scene=combat
[DEBUG] Event: MouseMotion scene=combat
[DEBUG] Event: MouseMotion scene=combat
[DEBUG] Event: MouseMotion scene=combat
[DEBUG] Event: MouseMotion scene=combat
[DEBUG] Event: MouseMotion scene=combat
[DEBUG] Event: MouseMotion scene=combat
[DEBUG] Event: MouseMotion scene=combat
[DEBUG] Event: MouseMotion scene=combat
[DEBUG] Event: MouseMotion scene=combat
[DEBUG] Event: MouseMotion scene=combat
[DEBUG] Event: MouseMotion scene=combat
[DEBUG] Event: MouseMotion scene=combat
[DEBUG] Event: MouseMotion scene=combat
[DEBUG] Event: MouseMotion scene=combat
[DEBUG] Event: KeyUp scene=combat
[DEBUG] Event: MouseMotion scene=combat
[DEBUG] Event: MouseMotion scene=combat
[DEBUG] Event: MouseMotion scene=combat
[DEBUG] Event: MouseMotion scene=combat
[DEBUG] Event: MouseMotion scene=combat
[DEBUG] Event: MouseMotion scene=combat
[DEBUG] Event: MouseMotion scene=combat
[DEBUG] Event: MouseMotion scene=combat
[DEBUG] Event: MouseMotion scene=combat
[DEBUG] Event: MouseButtonDown scene=combat
[DEBUG] Event: MouseMotion scene=combat
[DEBUG] Event: MouseMotion scene=combat
[DEBUG] Event: MouseMotion scene=combat
[DEBUG] frame=12660 scene=combat fps=61
[DEBUG] Event: KeyDown scene=combat
[DEBUG] Event: MouseMotion scene=combat
[DEBUG] Event: MouseMotion scene=combat
[DEBUG] Event: MouseButtonUp scene=combat
[DEBUG] Event: MouseMotion scene=combat
[DEBUG] Event: MouseMotion scene=combat
[DEBUG] Event: MouseMotion scene=combat
[DEBUG] Event: MouseMotion scene=combat
[DEBUG] Event: KeyDown scene=combat
[DEBUG] Event: MouseMotion scene=combat
[DEBUG] Event: MouseMotion scene=combat
[DEBUG] Event: MouseMotion scene=combat
[DEBUG] Event: KeyUp scene=combat
[DEBUG] Event: MouseMotion scene=combat
[DEBUG] Event: MouseMotion scene=combat
[DEBUG] Event: MouseMotion scene=combat
[DEBUG] Event: MouseMotion scene=combat
[DEBUG] Event: MouseMotion scene=combat
[DEBUG] Event: MouseMotion scene=combat
[DEBUG] Event: MouseMotion scene=combat
[DEBUG] Event: MouseMotion scene=combat
[DEBUG] Event: MouseMotion scene=combat
[DEBUG] Event: MouseMotion scene=combat
[DEBUG] Event: MouseMotion scene=combat
[DEBUG] Event: KeyUp scene=combat
[DEBUG] Event: MouseMotion scene=combat
[DEBUG] Event: MouseMotion scene=combat
[DEBUG] Event: MouseMotion scene=combat
[DEBUG] Event: MouseMotion scene=combat
[DEBUG] Event: MouseMotion scene=combat
[DEBUG] Event: MouseMotion scene=combat
[DEBUG] Event: MouseMotion scene=combat
[DEBUG] Event: MouseMotion scene=combat
[DEBUG] Event: MouseMotion scene=combat
[DEBUG] Event: MouseMotion scene=combat
[DEBUG] Event: MouseMotion scene=combat
[DEBUG] Event: KeyDown scene=combat
[DEBUG] Event: MouseMotion scene=combat
[DEBUG] Event: MouseMotion scene=combat
[DEBUG] Event: MouseMotion scene=combat
[DEBUG] frame=12720 scene=combat fps=60
[DEBUG] Event: KeyDown scene=combat
[DEBUG] Event: MouseMotion scene=combat
[DEBUG] Event: KeyUp scene=combat
[DEBUG] Event: MouseButtonDown scene=combat
[DEBUG] Event: MouseMotion scene=combat
[DEBUG] Event: KeyUp scene=combat
[DEBUG] Event: MouseButtonUp scene=combat
[DEBUG] Event: MouseMotion scene=combat
[DEBUG] Event: MouseMotion scene=combat
[DEBUG] Event: MouseMotion scene=combat
[DEBUG] Event: MouseMotion scene=combat
[DEBUG] Event: MouseMotion scene=combat
[DEBUG] Event: MouseMotion scene=combat
[DEBUG] Event: MouseMotion scene=combat
[DEBUG] Event: KeyDown scene=combat
[DEBUG] Event: MouseMotion scene=combat
[DEBUG] Event: MouseMotion scene=combat
[DEBUG] Event: MouseMotion scene=combat
[DEBUG] Event: MouseMotion scene=combat
[DEBUG] Event: MouseMotion scene=combat
[DEBUG] Event: MouseMotion scene=combat
[DEBUG] Event: MouseMotion scene=combat
[DEBUG] Event: MouseMotion scene=combat
[DEBUG] Event: MouseMotion scene=combat
[DEBUG] Event: MouseMotion scene=combat
[DEBUG] Event: MouseMotion scene=combat
[DEBUG] Event: MouseMotion scene=combat
[DEBUG] Event: MouseMotion scene=combat
[DEBUG] Event: MouseMotion scene=combat
[DEBUG] Event: MouseMotion scene=combat
[DEBUG] Event: MouseMotion scene=combat
[DEBUG] Event: MouseMotion scene=combat
[DEBUG] Event: KeyDown scene=combat
[DEBUG] Event: MouseMotion scene=combat
[DEBUG] Event: MouseMotion scene=combat
[DEBUG] Event: MouseMotion scene=combat
[DEBUG] Event: MouseMotion scene=combat
[DEBUG] Event: MouseMotion scene=combat
[DEBUG] Event: MouseMotion scene=combat
[DEBUG] Event: MouseMotion scene=combat
[DEBUG] Event: MouseMotion scene=combat
[DEBUG] Event: MouseMotion scene=combat
[DEBUG] Event: MouseMotion scene=combat
[DEBUG] Event: MouseMotion scene=combat
[DEBUG] Event: MouseMotion scene=combat
[DEBUG] Event: MouseMotion scene=combat
[DEBUG] Event: MouseMotion scene=combat
[DEBUG] Event: MouseMotion scene=combat
[DEBUG] frame=12780 scene=combat fps=61
[DEBUG] Event: MouseMotion scene=combat
[DEBUG] Event: KeyUp scene=combat
[DEBUG] Event: MouseMotion scene=combat
[DEBUG] Event: MouseMotion scene=combat
[DEBUG] Event: MouseMotion scene=combat
[DEBUG] Event: MouseMotion scene=combat
[DEBUG] Event: MouseMotion scene=combat
[DEBUG] Event: MouseMotion scene=combat
[DEBUG] Event: MouseMotion scene=combat
[DEBUG] Event: MouseMotion scene=combat
[DEBUG] Event: MouseMotion scene=combat
[DEBUG] Event: MouseMotion scene=combat
[DEBUG] Event: MouseMotion scene=combat
[DEBUG] Event: MouseMotion scene=combat
[DEBUG] Event: MouseMotion scene=combat
[DEBUG] Event: MouseMotion scene=combat
[DEBUG] Event: MouseMotion scene=combat
[DEBUG] Event: MouseMotion scene=combat
[DEBUG] Event: MouseButtonDown scene=combat
[DEBUG] Event: MouseMotion scene=combat
[DEBUG] Event: MouseMotion scene=combat
[DEBUG] Event: MouseMotion scene=combat
[DEBUG] Event: MouseMotion scene=combat
[DEBUG] Event: MouseMotion scene=combat
[DEBUG] Event: KeyUp scene=combat
[DEBUG] Event: MouseMotion scene=combat
[DEBUG] Event: MouseMotion scene=combat
[DEBUG] Event: MouseMotion scene=combat
[DEBUG] Event: MouseMotion scene=combat
[DEBUG] Event: MouseMotion scene=combat
[DEBUG] Event: MouseMotion scene=combat
[DEBUG] Event: MouseButtonUp scene=combat
[DEBUG] Event: MouseMotion scene=combat
[DEBUG] Event: MouseMotion scene=combat
[DEBUG] Event: MouseMotion scene=combat
[DEBUG] Event: MouseMotion scene=combat
[DEBUG] Event: MouseMotion scene=combat
[DEBUG] Event: MouseMotion scene=combat
[DEBUG] Event: MouseMotion scene=combat
[DEBUG] Event: MouseMotion scene=combat
[DEBUG] Event: MouseMotion scene=combat
[DEBUG] Event: MouseMotion scene=combat
[DEBUG] Event: MouseMotion scene=combat
[DEBUG] Event: KeyDown scene=combat
[DEBUG] Event: MouseMotion scene=combat
[DEBUG] Event: MouseMotion scene=combat
[DEBUG] Event: MouseMotion scene=combat
[DEBUG] Event: MouseMotion scene=combat
[DEBUG] Event: MouseMotion scene=combat
[DEBUG] Event: MouseMotion scene=combat
[DEBUG] Event: MouseMotion scene=combat
[DEBUG] Event: MouseMotion scene=combat
[DEBUG] Event: ActiveEvent scene=combat
[DEBUG] Event: WindowLeave scene=combat
[DEBUG] Event: KeyUp scene=combat
[DEBUG] frame=12840 scene=combat fps=61
[DEBUG] Event: KeyDown scene=combat
[DEBUG] Event: KeyUp scene=combat
[DEBUG] Event: ActiveEvent scene=combat
[DEBUG] Event: WindowFocusLost scene=combat
[DEBUG] Event: ActiveEvent scene=combat
[DEBUG] Event: WindowFocusGained scene=combat
[DEBUG] Event: VideoExpose scene=combat
[DEBUG] Event: WindowExposed scene=combat
[DEBUG] Event: ActiveEvent scene=combat
[DEBUG] Event: WindowEnter scene=combat
[DEBUG] Event: MouseMotion scene=combat
[DEBUG] Event: MouseMotion scene=combat
[DEBUG] Event: MouseMotion scene=combat
[DEBUG] Event: MouseMotion scene=combat
[DEBUG] Event: MouseMotion scene=combat
[DEBUG] Event: MouseMotion scene=combat
[DEBUG] Event: MouseMotion scene=combat
[DEBUG] Event: MouseMotion scene=combat
[DEBUG] Event: MouseMotion scene=combat
[DEBUG] frame=12900 scene=combat fps=60
[DEBUG] Event: KeyDown scene=combat
[DEBUG] Event: MouseMotion scene=combat
[DEBUG] Event: MouseMotion scene=combat
[DEBUG] Event: MouseMotion scene=combat
[DEBUG] Event: MouseMotion scene=combat
[DEBUG] Event: MouseMotion scene=combat
[DEBUG] Event: MouseMotion scene=combat
[DEBUG] Event: MouseMotion scene=combat
[DEBUG] Event: MouseMotion scene=combat
[DEBUG] Event: MouseMotion scene=combat
[DEBUG] Event: MouseMotion scene=combat
[DEBUG] Event: MouseMotion scene=combat
[DEBUG] Event: MouseMotion scene=combat
[DEBUG] Event: MouseMotion scene=combat
[DEBUG] Event: MouseMotion scene=combat
[DEBUG] Event: MouseMotion scene=combat
[DEBUG] Event: MouseMotion scene=combat
[DEBUG] Event: MouseMotion scene=combat
[DEBUG] Event: MouseMotion scene=combat
[DEBUG] Event: MouseMotion scene=combat
[DEBUG] Event: MouseMotion scene=combat
[DEBUG] Event: MouseMotion scene=combat
[DEBUG] Event: MouseMotion scene=combat
[DEBUG] Event: MouseMotion scene=combat
[DEBUG] Event: MouseMotion scene=combat
[DEBUG] Event: MouseMotion scene=combat
[DEBUG] Event: MouseMotion scene=combat
[DEBUG] Event: MouseMotion scene=combat
[DEBUG] Event: MouseMotion scene=combat
[DEBUG] Event: MouseMotion scene=combat
[DEBUG] Event: MouseMotion scene=combat
[DEBUG] Event: MouseMotion scene=combat
[DEBUG] Event: MouseMotion scene=combat
[DEBUG] Event: MouseMotion scene=combat
[DEBUG] Event: MouseMotion scene=combat
[DEBUG] Event: MouseMotion scene=combat
[DEBUG] Event: MouseMotion scene=combat
[DEBUG] Event: MouseMotion scene=combat
[DEBUG] Event: MouseMotion scene=combat
[DEBUG] Event: KeyUp scene=combat
[DEBUG] Event: MouseMotion scene=combat
[DEBUG] Event: MouseMotion scene=combat
[DEBUG] Event: MouseMotion scene=combat
[DEBUG] Event: MouseMotion scene=combat
[DEBUG] Event: MouseMotion scene=combat
[DEBUG] Event: MouseMotion scene=combat
[DEBUG] Event: MouseButtonDown scene=combat
[DEBUG] Event: KeyDown scene=combat
[DEBUG] Event: MouseButtonUp scene=combat
[DEBUG] Event: MouseMotion scene=combat
[DEBUG] Event: MouseMotion scene=combat
[DEBUG] Event: MouseMotion scene=combat
[DEBUG] Event: MouseMotion scene=combat
[DEBUG] Event: MouseMotion scene=combat
[DEBUG] Event: MouseMotion scene=combat
[DEBUG] frame=12960 scene=combat fps=61
[DEBUG] Event: MouseMotion scene=combat
[DEBUG] Event: MouseMotion scene=combat
[DEBUG] Event: MouseMotion scene=combat
[DEBUG] Event: MouseMotion scene=combat
[DEBUG] Event: MouseMotion scene=combat
[DEBUG] Event: MouseMotion scene=combat
[DEBUG] Event: MouseMotion scene=combat
[DEBUG] Event: MouseMotion scene=combat
[DEBUG] Event: MouseMotion scene=combat
[DEBUG] Event: KeyUp scene=combat
[DEBUG] Event: MouseMotion scene=combat
[DEBUG] Event: MouseMotion scene=combat
[DEBUG] Event: MouseMotion scene=combat
[DEBUG] Event: MouseMotion scene=combat
[DEBUG] Event: MouseMotion scene=combat
[DEBUG] Event: MouseMotion scene=combat
[DEBUG] Event: MouseMotion scene=combat
[DEBUG] Event: KeyDown scene=combat
[DEBUG] Event: MouseMotion scene=combat
[DEBUG] Event: MouseMotion scene=combat
[DEBUG] Event: MouseMotion scene=combat
[DEBUG] Event: MouseMotion scene=combat
[DEBUG] Event: MouseMotion scene=combat
[DEBUG] Event: MouseMotion scene=combat
[DEBUG] Event: MouseMotion scene=combat
[DEBUG] Event: MouseMotion scene=combat
[DEBUG] Event: MouseMotion scene=combat
[DEBUG] Event: MouseMotion scene=combat
[DEBUG] Event: MouseMotion scene=combat
[DEBUG] Event: MouseMotion scene=combat
[DEBUG] Event: MouseMotion scene=combat
[DEBUG] Event: MouseButtonDown scene=combat
[DEBUG] Event: KeyUp scene=combat
[DEBUG] Event: KeyDown scene=combat
[DEBUG] Event: MouseButtonUp scene=combat
[DEBUG] Event: MouseMotion scene=combat
[DEBUG] Event: MouseMotion scene=combat
[DEBUG] Event: MouseMotion scene=combat
[DEBUG] Event: MouseMotion scene=combat
[DEBUG] Event: MouseMotion scene=combat
[DEBUG] frame=13020 scene=combat fps=61
[DEBUG] Event: KeyDown scene=combat
[DEBUG] Event: MouseMotion scene=combat
[DEBUG] Event: MouseMotion scene=combat
[DEBUG] Event: MouseButtonDown scene=combat
[DEBUG] Event: MouseMotion scene=combat
[DEBUG] Event: KeyUp scene=combat
[DEBUG] Event: MouseMotion scene=combat
[DEBUG] Event: MouseButtonUp scene=combat
[DEBUG] Event: MouseMotion scene=combat
[DEBUG] Event: KeyUp scene=combat
[DEBUG] Event: MouseMotion scene=combat
[DEBUG] Event: KeyDown scene=combat
[DEBUG] Event: MouseMotion scene=combat
[DEBUG] Event: MouseMotion scene=combat
[DEBUG] Event: MouseMotion scene=combat
[DEBUG] Event: MouseMotion scene=combat
[DEBUG] Event: MouseMotion scene=combat
[DEBUG] Event: MouseMotion scene=combat
[DEBUG] Event: KeyDown scene=combat
[DEBUG] Event: MouseMotion scene=combat
[DEBUG] Event: MouseMotion scene=combat
[DEBUG] Event: MouseMotion scene=combat
[DEBUG] Event: KeyUp scene=combat
[DEBUG] Event: MouseMotion scene=combat
[DEBUG] Event: MouseMotion scene=combat
[DEBUG] Event: MouseMotion scene=combat
[DEBUG] Event: MouseMotion scene=combat
[DEBUG] Event: MouseMotion scene=combat
[DEBUG] Event: MouseMotion scene=combat
[DEBUG] Event: MouseMotion scene=combat
[DEBUG] Event: MouseMotion scene=combat
[DEBUG] Event: MouseMotion scene=combat
[DEBUG] Event: MouseMotion scene=combat
[DEBUG] frame=13080 scene=combat fps=61
[DEBUG] Event: KeyUp scene=combat
[DEBUG] Event: MouseMotion scene=combat
[DEBUG] Event: MouseMotion scene=combat
[DEBUG] Event: MouseMotion scene=combat
[DEBUG] Event: MouseMotion scene=combat
[DEBUG] Event: MouseMotion scene=combat
[DEBUG] Event: MouseMotion scene=combat
[DEBUG] Event: MouseMotion scene=combat
[DEBUG] Event: MouseMotion scene=combat
[DEBUG] Event: MouseMotion scene=combat
[DEBUG] Event: MouseMotion scene=combat
[DEBUG] Event: MouseMotion scene=combat
[DEBUG] Event: MouseMotion scene=combat
[DEBUG] Event: MouseMotion scene=combat
[DEBUG] Event: MouseMotion scene=combat
[DEBUG] Event: MouseButtonDown scene=combat
[DEBUG] Event: MouseMotion scene=combat
[DEBUG] Event: MouseMotion scene=combat
[DEBUG] Event: MouseButtonUp scene=combat
[DEBUG] Event: MouseMotion scene=combat
[DEBUG] Event: MouseMotion scene=combat
[DEBUG] Event: MouseMotion scene=combat
[DEBUG] Event: MouseMotion scene=combat
[DEBUG] Event: MouseMotion scene=combat
[DEBUG] Event: KeyDown scene=combat
[DEBUG] Event: MouseMotion scene=combat
[DEBUG] Event: MouseMotion scene=combat
[DEBUG] Event: MouseMotion scene=combat
[DEBUG] Event: MouseMotion scene=combat
[DEBUG] Event: KeyUp scene=combat
[DEBUG] Event: MouseMotion scene=combat
[DEBUG] Event: KeyDown scene=combat
[DEBUG] Event: MouseMotion scene=combat
[DEBUG] Event: MouseMotion scene=combat
[DEBUG] Event: MouseMotion scene=combat
[DEBUG] Event: MouseMotion scene=combat
[DEBUG] Event: MouseMotion scene=combat
[DEBUG] Event: MouseMotion scene=combat
[DEBUG] Event: MouseMotion scene=combat
[DEBUG] frame=13140 scene=combat fps=61
[DEBUG] Event: MouseMotion scene=combat
[DEBUG] Event: KeyUp scene=combat
[DEBUG] Event: MouseMotion scene=combat
[DEBUG] Event: MouseMotion scene=combat
[DEBUG] Event: MouseMotion scene=combat
[DEBUG] Event: MouseMotion scene=combat
[DEBUG] Event: MouseMotion scene=combat
[DEBUG] Event: MouseMotion scene=combat
[DEBUG] Event: MouseMotion scene=combat
[DEBUG] Event: MouseMotion scene=combat
[DEBUG] Event: MouseMotion scene=combat
[DEBUG] Event: KeyDown scene=combat
[DEBUG] Event: MouseMotion scene=combat
[DEBUG] Event: MouseMotion scene=combat
[DEBUG] Event: MouseMotion scene=combat
[DEBUG] Event: MouseMotion scene=combat
[DEBUG] Event: MouseMotion scene=combat
[DEBUG] Event: KeyUp scene=combat
[DEBUG] Event: MouseMotion scene=combat
[DEBUG] Event: MouseMotion scene=combat
[DEBUG] Event: MouseMotion scene=combat
[DEBUG] Event: MouseMotion scene=combat
[DEBUG] Event: MouseMotion scene=combat
[DEBUG] Event: MouseMotion scene=combat
[DEBUG] Event: MouseMotion scene=combat
[DEBUG] Event: MouseMotion scene=combat
[DEBUG] Event: MouseMotion scene=combat
[DEBUG] Event: MouseButtonDown scene=combat
[DEBUG] Event: MouseMotion scene=combat
[DEBUG] Event: MouseMotion scene=combat
[DEBUG] Event: MouseMotion scene=combat
[DEBUG] Event: MouseMotion scene=combat
[DEBUG] Event: MouseButtonUp scene=combat
[DEBUG] Event: MouseMotion scene=combat
[DEBUG] Event: MouseMotion scene=combat
[DEBUG] Event: MouseMotion scene=combat
[DEBUG] Event: MouseMotion scene=combat
[DEBUG] Event: MouseMotion scene=combat
[DEBUG] frame=13200 scene=combat fps=59
[DEBUG] Event: KeyDown scene=combat
[DEBUG] Event: MouseMotion scene=combat
[DEBUG] Event: MouseMotion scene=combat
[DEBUG] Event: MouseMotion scene=combat
[DEBUG] Event: MouseMotion scene=combat
[DEBUG] Event: MouseMotion scene=combat
[DEBUG] Event: MouseMotion scene=combat
[DEBUG] Event: MouseMotion scene=combat
[DEBUG] Event: KeyUp scene=combat
[DEBUG] Event: MouseMotion scene=combat
[DEBUG] Event: MouseMotion scene=combat
[DEBUG] Event: MouseMotion scene=combat
[DEBUG] Event: KeyDown scene=combat
[DEBUG] Event: MouseMotion scene=combat
[DEBUG] Event: MouseMotion scene=combat
[DEBUG] Event: MouseMotion scene=combat
[DEBUG] Event: MouseMotion scene=combat
[DEBUG] Event: MouseMotion scene=combat
[DEBUG] Event: MouseMotion scene=combat
[DEBUG] Event: MouseMotion scene=combat
[DEBUG] Event: MouseMotion scene=combat
[DEBUG] Event: MouseMotion scene=combat
[DEBUG] Event: MouseButtonDown scene=combat
[DEBUG] Event: MouseButtonUp scene=combat
[DEBUG] Event: MouseMotion scene=combat
[DEBUG] Event: MouseMotion scene=combat
[DEBUG] Event: MouseMotion scene=combat
[DEBUG] Event: MouseMotion scene=combat
[DEBUG] Event: MouseMotion scene=combat
[DEBUG] Event: MouseMotion scene=combat
[DEBUG] Event: MouseMotion scene=combat
[DEBUG] Event: MouseMotion scene=combat
[DEBUG] Event: MouseMotion scene=combat
[DEBUG] Event: MouseButtonDown scene=combat
[DEBUG] Event: MouseMotion scene=combat
[DEBUG] Event: MouseMotion scene=combat
[DEBUG] Event: MouseMotion scene=combat
[DEBUG] Event: MouseMotion scene=combat
[DEBUG] Event: MouseButtonUp scene=combat
[DEBUG] Event: MouseMotion scene=combat
[DEBUG] Event: KeyUp scene=combat
[DEBUG] Event: MouseMotion scene=combat
[DEBUG] Event: MouseMotion scene=combat
[DEBUG] Event: MouseMotion scene=combat
[DEBUG] Event: MouseMotion scene=combat
[DEBUG] Event: MouseMotion scene=combat
[DEBUG] Event: MouseMotion scene=combat
[DEBUG] frame=13260 scene=combat fps=61
[DEBUG] Event: MouseMotion scene=combat
[DEBUG] Event: MouseMotion scene=combat
[DEBUG] Event: MouseMotion scene=combat
[DEBUG] Event: KeyDown scene=combat
[DEBUG] Event: MouseMotion scene=combat
[DEBUG] Event: MouseMotion scene=combat
[DEBUG] Event: MouseMotion scene=combat
[DEBUG] Event: MouseMotion scene=combat
[DEBUG] Event: MouseMotion scene=combat
[DEBUG] Event: MouseMotion scene=combat
[DEBUG] Event: MouseMotion scene=combat
[DEBUG] Event: KeyUp scene=combat
[DEBUG] Event: KeyDown scene=combat
[DEBUG] Event: KeyDown scene=combat
[DEBUG] Event: KeyUp scene=combat
[DEBUG] Event: KeyUp scene=combat
[DEBUG] Event: MouseMotion scene=combat
[DEBUG] Event: MouseMotion scene=combat
[DEBUG] Event: MouseMotion scene=combat
[DEBUG] Event: MouseMotion scene=combat
[DEBUG] Event: MouseMotion scene=combat
[DEBUG] Event: MouseMotion scene=combat
[DEBUG] Event: MouseMotion scene=combat
[DEBUG] Event: MouseMotion scene=combat
[DEBUG] Event: MouseMotion scene=combat
[DEBUG] Event: MouseMotion scene=combat
[DEBUG] Event: MouseMotion scene=combat
[DEBUG] Event: KeyDown scene=combat
[DEBUG] Event: MouseMotion scene=combat
[DEBUG] Event: MouseMotion scene=combat
[DEBUG] Event: MouseMotion scene=combat
[DEBUG] Event: MouseMotion scene=combat
[DEBUG] Event: MouseMotion scene=combat
[DEBUG] frame=13320 scene=combat fps=61
[DEBUG] Event: KeyUp scene=combat
[DEBUG] Event: MouseMotion scene=combat
[DEBUG] Event: MouseMotion scene=combat
[DEBUG] Event: MouseMotion scene=combat
[DEBUG] Event: MouseMotion scene=combat
[DEBUG] Event: MouseMotion scene=combat
[DEBUG] Event: MouseMotion scene=combat
[DEBUG] Event: MouseMotion scene=combat
[DEBUG] Event: MouseMotion scene=combat
[DEBUG] Event: MouseButtonDown scene=combat
[DEBUG] Event: MouseButtonUp scene=combat
[DEBUG] Event: MouseMotion scene=combat
[DEBUG] Event: KeyDown scene=combat
[DEBUG] Event: MouseMotion scene=combat
[DEBUG] Event: MouseMotion scene=combat
[DEBUG] Event: MouseMotion scene=combat
[DEBUG] Event: KeyDown scene=combat
[DEBUG] Event: MouseMotion scene=combat
[DEBUG] Event: KeyUp scene=combat
[DEBUG] Event: MouseMotion scene=combat
[DEBUG] Event: MouseMotion scene=combat
[DEBUG] Event: MouseMotion scene=combat
[DEBUG] Event: MouseMotion scene=combat
[DEBUG] Event: MouseMotion scene=combat
[DEBUG] Event: MouseMotion scene=combat
[DEBUG] Event: MouseMotion scene=combat
[DEBUG] Event: MouseMotion scene=combat
[DEBUG] Event: MouseMotion scene=combat
[DEBUG] Event: MouseMotion scene=combat
[DEBUG] Event: MouseMotion scene=combat
[DEBUG] Event: MouseMotion scene=combat
[DEBUG] Event: MouseMotion scene=combat
[DEBUG] Event: MouseMotion scene=combat
[DEBUG] frame=13380 scene=combat fps=61
[DEBUG] Event: MouseMotion scene=combat
[DEBUG] Event: MouseMotion scene=combat
[DEBUG] Event: MouseMotion scene=combat
[DEBUG] Event: MouseMotion scene=combat
[DEBUG] Event: KeyUp scene=combat
[DEBUG] Event: MouseMotion scene=combat
[DEBUG] Event: MouseMotion scene=combat
[DEBUG] Event: MouseMotion scene=combat
[DEBUG] Event: MouseMotion scene=combat
[DEBUG] Event: MouseMotion scene=combat
[DEBUG] Event: MouseButtonDown scene=combat
[DEBUG] Event: KeyDown scene=combat
[DEBUG] Event: MouseMotion scene=combat
[DEBUG] Event: MouseMotion scene=combat
[DEBUG] Event: MouseButtonUp scene=combat
[DEBUG] Event: MouseButtonDown scene=combat
[DEBUG] Event: MouseMotion scene=combat
[DEBUG] Event: MouseMotion scene=combat
[DEBUG] Event: MouseButtonUp scene=combat
[DEBUG] Event: MouseMotion scene=combat
[DEBUG] Event: MouseMotion scene=combat
[DEBUG] Event: MouseMotion scene=combat
[DEBUG] Event: MouseMotion scene=combat
[DEBUG] Event: MouseMotion scene=combat
[DEBUG] Event: MouseMotion scene=combat
[DEBUG] Event: MouseMotion scene=combat
[DEBUG] Event: MouseMotion scene=combat
[DEBUG] Event: MouseMotion scene=combat
[DEBUG] Event: KeyUp scene=combat
[DEBUG] Event: MouseMotion scene=combat
[DEBUG] Event: MouseMotion scene=combat
[DEBUG] Event: MouseMotion scene=combat
[DEBUG] Event: MouseMotion scene=combat
[DEBUG] Event: MouseMotion scene=combat
[DEBUG] Event: MouseMotion scene=combat
[DEBUG] Event: MouseMotion scene=combat
[DEBUG] Event: MouseMotion scene=combat
[DEBUG] frame=13440 scene=combat fps=62
[DEBUG] Event: MouseMotion scene=combat
[DEBUG] Event: KeyDown scene=combat
[DEBUG] Event: MouseMotion scene=combat
[DEBUG] Event: MouseMotion scene=combat
[DEBUG] Event: MouseMotion scene=combat
[DEBUG] Event: MouseMotion scene=combat
[DEBUG] Event: MouseMotion scene=combat
[DEBUG] Event: MouseMotion scene=combat
[DEBUG] Event: MouseMotion scene=combat
[DEBUG] Event: MouseMotion scene=combat
[DEBUG] Event: MouseMotion scene=combat
[DEBUG] Event: MouseMotion scene=combat
[DEBUG] Event: MouseMotion scene=combat
[DEBUG] Event: MouseMotion scene=combat
[DEBUG] Event: MouseMotion scene=combat
[DEBUG] Event: MouseMotion scene=combat
[DEBUG] Event: MouseMotion scene=combat
[DEBUG] Event: MouseMotion scene=combat
[DEBUG] Event: MouseMotion scene=combat
[DEBUG] Event: MouseMotion scene=combat
[DEBUG] Event: MouseMotion scene=combat
[DEBUG] Event: MouseMotion scene=combat
[DEBUG] Event: MouseButtonDown scene=combat
[DEBUG] Event: MouseMotion scene=combat
[DEBUG] Event: MouseMotion scene=combat
[DEBUG] Event: MouseMotion scene=combat
[DEBUG] Event: MouseMotion scene=combat
[DEBUG] Event: MouseMotion scene=combat
[DEBUG] Event: MouseMotion scene=combat
[DEBUG] Event: MouseButtonUp scene=combat
[DEBUG] Event: MouseMotion scene=combat
[DEBUG] Event: MouseMotion scene=combat
[DEBUG] Event: MouseMotion scene=combat
[DEBUG] Event: MouseMotion scene=combat
[DEBUG] Event: MouseMotion scene=combat
[DEBUG] Event: MouseMotion scene=combat
[DEBUG] Event: MouseMotion scene=combat
[DEBUG] Event: MouseMotion scene=combat
[DEBUG] Event: MouseMotion scene=combat
[DEBUG] frame=13500 scene=combat fps=60
[DEBUG] Event: MouseMotion scene=combat
[DEBUG] Event: MouseMotion scene=combat
[DEBUG] Event: MouseMotion scene=combat
[DEBUG] Event: MouseMotion scene=combat
[DEBUG] Event: MouseMotion scene=combat
[DEBUG] Event: MouseMotion scene=combat
[DEBUG] Event: MouseMotion scene=combat
[DEBUG] Event: MouseMotion scene=combat
[DEBUG] Event: MouseMotion scene=combat
[DEBUG] Event: MouseMotion scene=combat
[DEBUG] Event: MouseMotion scene=combat
[DEBUG] Event: MouseMotion scene=combat
[DEBUG] Event: MouseMotion scene=combat
[DEBUG] Event: MouseMotion scene=combat
[DEBUG] Event: MouseMotion scene=combat
[DEBUG] Event: MouseMotion scene=combat
[DEBUG] Event: MouseMotion scene=combat
[DEBUG] Event: MouseMotion scene=combat
[DEBUG] Event: MouseMotion scene=combat
[DEBUG] Event: MouseMotion scene=combat
[DEBUG] Event: MouseMotion scene=combat
[DEBUG] Event: MouseMotion scene=combat
[DEBUG] Event: MouseMotion scene=combat
[DEBUG] Event: MouseMotion scene=combat
[DEBUG] Event: MouseMotion scene=combat
[DEBUG] Event: MouseMotion scene=combat
[DEBUG] Event: MouseMotion scene=combat
[DEBUG] Event: MouseMotion scene=combat
[DEBUG] Event: MouseMotion scene=combat
[DEBUG] Event: MouseMotion scene=combat
[DEBUG] Event: MouseMotion scene=combat
[DEBUG] Event: MouseMotion scene=combat
[DEBUG] Event: MouseMotion scene=combat
[DEBUG] Event: MouseMotion scene=combat
[DEBUG] Event: MouseMotion scene=combat
[DEBUG] Event: MouseMotion scene=combat
[DEBUG] Event: MouseMotion scene=combat
[DEBUG] Event: MouseMotion scene=combat
[DEBUG] Event: MouseMotion scene=combat
[DEBUG] Event: MouseMotion scene=combat
[DEBUG] Event: MouseMotion scene=combat
[DEBUG] Event: MouseMotion scene=combat
[DEBUG] Event: MouseMotion scene=combat
[DEBUG] Event: MouseMotion scene=combat
[DEBUG] Event: MouseMotion scene=combat
[DEBUG] Event: MouseMotion scene=combat
[DEBUG] Event: MouseMotion scene=combat
[DEBUG] Event: MouseButtonDown scene=combat
[DEBUG] Event: MouseMotion scene=combat
[DEBUG] Event: MouseMotion scene=combat
[DEBUG] Event: MouseMotion scene=combat
[DEBUG] Event: MouseMotion scene=combat
[DEBUG] Event: MouseMotion scene=combat
[DEBUG] Event: MouseMotion scene=combat
[DEBUG] Event: MouseButtonUp scene=combat
[DEBUG] Event: MouseMotion scene=combat
[DEBUG] frame=13560 scene=combat fps=60
[DEBUG] Event: MouseMotion scene=combat
[DEBUG] Event: MouseMotion scene=combat
[DEBUG] Event: MouseMotion scene=combat
[DEBUG] Event: MouseMotion scene=combat
[DEBUG] Event: MouseMotion scene=combat
[DEBUG] Event: MouseMotion scene=combat
[DEBUG] Event: MouseMotion scene=combat
[DEBUG] Event: MouseMotion scene=combat
[DEBUG] Event: MouseMotion scene=combat
[DEBUG] Event: MouseMotion scene=combat
[DEBUG] Event: MouseMotion scene=combat
[DEBUG] Event: MouseMotion scene=combat
[DEBUG] Event: MouseMotion scene=combat
[DEBUG] Event: MouseMotion scene=combat
[DEBUG] Event: MouseMotion scene=combat
[DEBUG] Event: MouseMotion scene=combat
[DEBUG] Event: MouseMotion scene=combat
[DEBUG] Event: MouseMotion scene=combat
[DEBUG] Event: MouseMotion scene=combat
[DEBUG] Event: MouseMotion scene=combat
[DEBUG] Event: MouseMotion scene=combat
[DEBUG] Event: MouseMotion scene=combat
[DEBUG] Event: MouseMotion scene=combat
[DEBUG] Event: MouseMotion scene=combat
[DEBUG] Event: MouseMotion scene=combat
[DEBUG] Event: MouseMotion scene=combat
[DEBUG] Event: MouseMotion scene=combat
[DEBUG] Event: MouseMotion scene=combat
[DEBUG] Event: MouseMotion scene=combat
[DEBUG] Event: MouseMotion scene=combat
[DEBUG] Event: MouseMotion scene=combat
[DEBUG] Event: MouseMotion scene=combat
[DEBUG] Event: MouseMotion scene=combat
[DEBUG] Event: MouseMotion scene=combat
[DEBUG] Event: MouseMotion scene=combat
[DEBUG] Event: KeyUp scene=combat
[DEBUG] Event: MouseMotion scene=combat
[DEBUG] Event: MouseMotion scene=combat
[DEBUG] Event: KeyDown scene=combat
[DEBUG] Event: MouseMotion scene=combat
[DEBUG] Event: MouseMotion scene=combat
[DEBUG] Event: MouseMotion scene=combat
[DEBUG] Event: MouseMotion scene=combat
[DEBUG] Event: MouseMotion scene=combat
[DEBUG] Event: MouseMotion scene=combat
[DEBUG] Event: MouseMotion scene=combat
[DEBUG] Event: MouseMotion scene=combat
[DEBUG] Event: MouseMotion scene=combat
[DEBUG] Event: MouseMotion scene=combat
[DEBUG] Event: MouseMotion scene=combat
[DEBUG] Event: MouseButtonDown scene=combat
[DEBUG] Event: MouseMotion scene=combat
[DEBUG] Event: MouseButtonUp scene=combat
[DEBUG] frame=13620 scene=combat fps=60
[DEBUG] Event: MouseMotion scene=combat
[DEBUG] Event: MouseMotion scene=combat
[DEBUG] Event: MouseButtonDown scene=combat
[DEBUG] Event: MouseMotion scene=combat
[DEBUG] Event: MouseButtonUp scene=combat
[DEBUG] Event: KeyUp scene=combat
[DEBUG] Event: MouseMotion scene=combat
[DEBUG] Event: MouseMotion scene=combat
[DEBUG] Event: MouseMotion scene=combat
[DEBUG] Event: MouseMotion scene=combat
[DEBUG] Event: MouseMotion scene=combat
[DEBUG] Event: MouseMotion scene=combat
[DEBUG] Event: MouseMotion scene=combat
[DEBUG] Event: MouseMotion scene=combat
[DEBUG] Event: MouseMotion scene=combat
[DEBUG] Event: MouseMotion scene=combat
[DEBUG] Event: MouseMotion scene=combat
[DEBUG] Event: MouseMotion scene=combat
[DEBUG] Event: MouseMotion scene=combat
[DEBUG] Event: MouseMotion scene=combat
[DEBUG] Event: MouseMotion scene=combat
[DEBUG] Event: KeyDown scene=combat
[DEBUG] Event: MouseMotion scene=combat
[DEBUG] Event: MouseMotion scene=combat
[DEBUG] Event: MouseMotion scene=combat
[DEBUG] Event: MouseMotion scene=combat
[DEBUG] Event: MouseMotion scene=combat
[DEBUG] Event: MouseMotion scene=combat
[DEBUG] Event: MouseMotion scene=combat
[DEBUG] Event: MouseMotion scene=combat
[DEBUG] frame=13680 scene=combat fps=60
[DEBUG] Event: MouseMotion scene=combat
[DEBUG] Event: MouseMotion scene=combat
[DEBUG] Event: MouseMotion scene=combat
[DEBUG] Event: MouseMotion scene=combat
[DEBUG] Event: MouseMotion scene=combat
[DEBUG] Event: MouseMotion scene=combat
[DEBUG] Event: MouseMotion scene=combat
[DEBUG] Event: MouseMotion scene=combat
[DEBUG] Event: MouseMotion scene=combat
[DEBUG] Event: MouseMotion scene=combat
[DEBUG] Event: MouseMotion scene=combat
[DEBUG] Event: MouseMotion scene=combat
[DEBUG] Event: MouseMotion scene=combat
[DEBUG] Event: MouseMotion scene=combat
[DEBUG] Event: MouseMotion scene=combat
[DEBUG] Event: MouseMotion scene=combat
[DEBUG] Event: MouseMotion scene=combat
[DEBUG] Event: MouseMotion scene=combat
[DEBUG] Event: MouseMotion scene=combat
[DEBUG] Event: MouseMotion scene=combat
[DEBUG] Event: MouseMotion scene=combat
[DEBUG] Event: MouseMotion scene=combat
[DEBUG] Event: MouseMotion scene=combat
[DEBUG] Event: MouseMotion scene=combat
[DEBUG] Event: MouseMotion scene=combat
[DEBUG] Event: MouseMotion scene=combat
[DEBUG] Event: KeyUp scene=combat
[DEBUG] Event: MouseMotion scene=combat
[DEBUG] Event: MouseMotion scene=combat
[DEBUG] Event: MouseMotion scene=combat
[DEBUG] Event: KeyDown scene=combat
[DEBUG] Event: MouseMotion scene=combat
[DEBUG] Event: MouseMotion scene=combat
[DEBUG] Event: MouseMotion scene=combat
[DEBUG] Event: MouseMotion scene=combat
[DEBUG] Event: MouseButtonDown scene=combat
[DEBUG] Event: MouseMotion scene=combat
[DEBUG] Event: MouseMotion scene=combat
[DEBUG] Event: MouseMotion scene=combat
[DEBUG] Event: MouseMotion scene=combat
[DEBUG] Event: MouseMotion scene=combat
[DEBUG] Event: MouseButtonUp scene=combat
[DEBUG] Event: MouseMotion scene=combat
[DEBUG] Event: MouseMotion scene=combat
[DEBUG] Event: MouseMotion scene=combat
[DEBUG] Event: MouseMotion scene=combat
[DEBUG] frame=13740 scene=combat fps=62
[DEBUG] Event: MouseMotion scene=combat
[DEBUG] Event: MouseMotion scene=combat
[DEBUG] Event: MouseMotion scene=combat
[DEBUG] Event: MouseMotion scene=combat
[DEBUG] Event: MouseMotion scene=combat
[DEBUG] Event: MouseMotion scene=combat
[DEBUG] Event: MouseMotion scene=combat
[DEBUG] Event: MouseMotion scene=combat
[DEBUG] Event: MouseMotion scene=combat
[DEBUG] Event: MouseMotion scene=combat
[DEBUG] Event: MouseMotion scene=combat
[DEBUG] Event: MouseMotion scene=combat
[DEBUG] Event: MouseMotion scene=combat
[DEBUG] Event: MouseMotion scene=combat
[DEBUG] Event: MouseMotion scene=combat
[DEBUG] Event: MouseMotion scene=combat
[DEBUG] Event: MouseMotion scene=combat
[DEBUG] Event: MouseMotion scene=combat
[DEBUG] Event: MouseMotion scene=combat
[DEBUG] Event: MouseMotion scene=combat
[DEBUG] Event: MouseMotion scene=combat
[DEBUG] Event: MouseMotion scene=combat
[DEBUG] Event: MouseMotion scene=combat
[DEBUG] Event: MouseMotion scene=combat
[DEBUG] Event: MouseMotion scene=combat
[DEBUG] Event: MouseMotion scene=combat
[DEBUG] Event: MouseMotion scene=combat
[DEBUG] Event: MouseMotion scene=combat
[DEBUG] Event: MouseMotion scene=combat
[DEBUG] Event: MouseMotion scene=combat
[DEBUG] Event: MouseMotion scene=combat
[DEBUG] Event: MouseMotion scene=combat
[DEBUG] Event: MouseMotion scene=combat
[DEBUG] Event: MouseMotion scene=combat
[DEBUG] Event: MouseMotion scene=combat
[DEBUG] Event: MouseMotion scene=combat
[DEBUG] Event: MouseMotion scene=combat
[DEBUG] Event: MouseMotion scene=combat
[DEBUG] Event: MouseMotion scene=combat
[DEBUG] Event: MouseMotion scene=combat
[DEBUG] Event: MouseMotion scene=combat
[DEBUG] Event: MouseMotion scene=combat
[DEBUG] Event: MouseMotion scene=combat
[DEBUG] Event: MouseMotion scene=combat
[DEBUG] Event: MouseMotion scene=combat
[DEBUG] Event: MouseMotion scene=combat
[DEBUG] Event: MouseMotion scene=combat
[DEBUG] Event: MouseMotion scene=combat
[DEBUG] Event: MouseMotion scene=combat
[DEBUG] Event: MouseMotion scene=combat
[DEBUG] Event: MouseMotion scene=combat
[DEBUG] Event: MouseButtonDown scene=combat
[DEBUG] Event: MouseMotion scene=combat
[DEBUG] Event: MouseMotion scene=combat
[DEBUG] Event: MouseMotion scene=combat
[DEBUG] Event: MouseMotion scene=combat
[DEBUG] Event: MouseMotion scene=combat
[DEBUG] Event: MouseMotion scene=combat
[DEBUG] Event: MouseMotion scene=combat
[DEBUG] frame=13800 scene=combat fps=60
[DEBUG] Event: MouseMotion scene=combat
[DEBUG] Event: MouseButtonUp scene=combat
[DEBUG] Event: KeyDown scene=combat
[DEBUG] Event: MouseMotion scene=combat
[DEBUG] Event: MouseMotion scene=combat
[DEBUG] Event: KeyUp scene=combat
[DEBUG] Event: MouseMotion scene=combat
[DEBUG] Event: MouseMotion scene=combat
[DEBUG] Event: MouseMotion scene=combat
[DEBUG] Event: MouseMotion scene=combat
[DEBUG] Event: MouseMotion scene=combat
[DEBUG] Event: MouseMotion scene=combat
[DEBUG] Event: MouseMotion scene=combat
[DEBUG] Event: MouseMotion scene=combat
[DEBUG] Event: MouseMotion scene=combat
[DEBUG] Event: MouseMotion scene=combat
[DEBUG] Event: MouseMotion scene=combat
[DEBUG] Event: MouseMotion scene=combat
[DEBUG] Event: MouseMotion scene=combat
[DEBUG] Event: KeyDown scene=combat
[DEBUG] Event: MouseMotion scene=combat
[DEBUG] Event: MouseMotion scene=combat
[DEBUG] Event: MouseMotion scene=combat
[DEBUG] Event: MouseMotion scene=combat
[DEBUG] Event: MouseMotion scene=combat
[DEBUG] Event: KeyUp scene=combat
[DEBUG] Event: MouseMotion scene=combat
[DEBUG] Event: MouseMotion scene=combat
[DEBUG] Event: MouseMotion scene=combat
[DEBUG] Event: MouseMotion scene=combat
[DEBUG] Event: MouseMotion scene=combat
[DEBUG] Event: MouseMotion scene=combat
[DEBUG] Event: MouseMotion scene=combat
[DEBUG] Event: MouseMotion scene=combat
[DEBUG] Event: MouseMotion scene=combat
[DEBUG] Event: MouseButtonDown scene=combat
[DEBUG] Event: KeyUp scene=combat
[DEBUG] Event: MouseMotion scene=combat
[DEBUG] Event: MouseMotion scene=combat
[DEBUG] Event: MouseMotion scene=combat
[DEBUG] Event: MouseMotion scene=combat
[DEBUG] Event: MouseButtonUp scene=combat
[DEBUG] Event: MouseMotion scene=combat
[DEBUG] Event: MouseMotion scene=combat
[DEBUG] Event: MouseMotion scene=combat
[DEBUG] Event: MouseButtonDown scene=combat
[DEBUG] frame=13860 scene=combat fps=60
[DEBUG] Event: KeyDown scene=combat
[DEBUG] Event: MouseMotion scene=combat
[DEBUG] Event: MouseButtonUp scene=combat
[DEBUG] Event: MouseMotion scene=combat
[DEBUG] Event: MouseMotion scene=combat
[DEBUG] Event: MouseMotion scene=combat
[DEBUG] Event: MouseMotion scene=combat
[DEBUG] Event: MouseMotion scene=combat
[DEBUG] Event: MouseButtonDown scene=combat
[DEBUG] Event: MouseMotion scene=combat
[DEBUG] Event: MouseMotion scene=combat
[DEBUG] Event: MouseMotion scene=combat
[DEBUG] Event: MouseMotion scene=combat
[DEBUG] Event: KeyDown scene=combat
[DEBUG] Event: MouseMotion scene=combat
[DEBUG] Event: MouseMotion scene=combat
[DEBUG] Event: KeyUp scene=combat
[DEBUG] Event: MouseMotion scene=combat
[DEBUG] Event: MouseMotion scene=combat
[DEBUG] Event: MouseMotion scene=combat
[DEBUG] Event: MouseMotion scene=combat
[DEBUG] Event: MouseButtonUp scene=combat
[DEBUG] Event: MouseMotion scene=combat
[DEBUG] Event: MouseMotion scene=combat
[DEBUG] Event: MouseMotion scene=combat
[DEBUG] Event: MouseButtonDown scene=combat
[DEBUG] Event: MouseMotion scene=combat
[DEBUG] Event: MouseMotion scene=combat
[DEBUG] Event: MouseMotion scene=combat
[DEBUG] Event: MouseMotion scene=combat
[DEBUG] Event: MouseMotion scene=combat
[DEBUG] Event: MouseButtonUp scene=combat
[DEBUG] Event: MouseMotion scene=combat
[DEBUG] Event: MouseMotion scene=combat
[DEBUG] Event: MouseMotion scene=combat
[DEBUG] Event: MouseMotion scene=combat
[DEBUG] Event: MouseButtonDown scene=combat
[DEBUG] Event: MouseMotion scene=combat
[DEBUG] Event: MouseMotion scene=combat
[DEBUG] Event: MouseButtonUp scene=combat
[DEBUG] Event: MouseMotion scene=combat
[DEBUG] Event: MouseMotion scene=combat
[DEBUG] Event: MouseMotion scene=combat
[DEBUG] frame=13920 scene=combat fps=60
[DEBUG] Event: MouseMotion scene=combat
[DEBUG] Event: MouseMotion scene=combat
[DEBUG] Event: MouseMotion scene=combat
[DEBUG] Event: MouseMotion scene=combat
[DEBUG] Event: MouseMotion scene=combat
[DEBUG] Event: MouseMotion scene=combat
[DEBUG] Event: MouseMotion scene=combat
[DEBUG] Event: MouseMotion scene=combat
[DEBUG] Event: MouseMotion scene=combat
[DEBUG] Event: MouseMotion scene=combat
[DEBUG] Event: MouseMotion scene=combat
[DEBUG] Event: KeyUp scene=combat
[DEBUG] Event: MouseMotion scene=combat
[DEBUG] Event: MouseMotion scene=combat
[DEBUG] Event: MouseMotion scene=combat
[DEBUG] Event: MouseMotion scene=combat
[DEBUG] Event: MouseMotion scene=combat
[DEBUG] Event: MouseMotion scene=combat
[DEBUG] Event: MouseMotion scene=combat
[DEBUG] Event: MouseMotion scene=combat
[DEBUG] Event: MouseMotion scene=combat
[DEBUG] Event: MouseMotion scene=combat
[DEBUG] Event: MouseMotion scene=combat
[DEBUG] Event: KeyDown scene=combat
[DEBUG] Event: MouseMotion scene=combat
[DEBUG] Event: MouseMotion scene=combat
[DEBUG] Event: MouseMotion scene=combat
[DEBUG] Event: MouseMotion scene=combat
[DEBUG] Event: MouseMotion scene=combat
[DEBUG] Event: MouseMotion scene=combat
[DEBUG] Event: MouseMotion scene=combat
[DEBUG] Event: KeyUp scene=combat
[DEBUG] Event: MouseMotion scene=combat
[DEBUG] Event: MouseButtonDown scene=combat
[DEBUG] Event: MouseButtonUp scene=combat
[DEBUG] frame=13980 scene=combat fps=61
[DEBUG] Event: MouseMotion scene=combat
[DEBUG] Event: MouseButtonDown scene=combat
[DEBUG] Event: MouseMotion scene=combat
[DEBUG] Event: MouseButtonUp scene=combat
[DEBUG] Event: MouseMotion scene=combat
[DEBUG] Event: MouseMotion scene=combat
[DEBUG] Event: MouseMotion scene=combat
[DEBUG] Event: MouseMotion scene=combat
[DEBUG] Event: MouseMotion scene=combat
[DEBUG] Event: KeyDown scene=combat
[DEBUG] Event: MouseMotion scene=combat
[DEBUG] Event: MouseMotion scene=combat
[DEBUG] Event: MouseMotion scene=combat
[DEBUG] Event: MouseMotion scene=combat
[DEBUG] Event: MouseMotion scene=combat
[DEBUG] Event: MouseMotion scene=combat
[DEBUG] Event: MouseMotion scene=combat
[DEBUG] Event: MouseMotion scene=combat
[DEBUG] Event: MouseMotion scene=combat
[DEBUG] Event: MouseMotion scene=combat
[DEBUG] Event: MouseMotion scene=combat
[DEBUG] Event: MouseMotion scene=combat
[DEBUG] Event: MouseMotion scene=combat
[DEBUG] Event: MouseMotion scene=combat
[DEBUG] Event: MouseMotion scene=combat
[DEBUG] Event: MouseMotion scene=combat
[DEBUG] Event: KeyUp scene=combat
[DEBUG] Event: MouseMotion scene=combat
[DEBUG] Event: MouseMotion scene=combat
[DEBUG] Event: MouseMotion scene=combat
[DEBUG] Event: MouseMotion scene=combat
[DEBUG] Event: MouseMotion scene=combat
[DEBUG] Event: MouseMotion scene=combat
[DEBUG] Event: MouseMotion scene=combat
[DEBUG] Event: MouseMotion scene=combat
[DEBUG] Event: MouseMotion scene=combat
[DEBUG] Event: MouseMotion scene=combat
[DEBUG] Event: KeyDown scene=combat
[DEBUG] Event: MouseMotion scene=combat
[DEBUG] Event: MouseMotion scene=combat
[DEBUG] Event: MouseMotion scene=combat
[DEBUG] Event: MouseMotion scene=combat
[DEBUG] Event: MouseMotion scene=combat
[DEBUG] Event: MouseMotion scene=combat
[DEBUG] Event: MouseMotion scene=combat
[DEBUG] Event: MouseMotion scene=combat
[DEBUG] Event: MouseMotion scene=combat
[DEBUG] Event: KeyUp scene=combat
[DEBUG] Event: MouseMotion scene=combat
[DEBUG] Event: MouseMotion scene=combat
[DEBUG] Event: MouseMotion scene=combat
[DEBUG] Event: MouseMotion scene=combat
[DEBUG] Event: MouseMotion scene=combat
[DEBUG] Event: MouseMotion scene=combat
[DEBUG] frame=14040 scene=combat fps=60
[DEBUG] Event: MouseMotion scene=combat
[DEBUG] Event: MouseMotion scene=combat
[DEBUG] Event: MouseMotion scene=combat
[DEBUG] Event: MouseMotion scene=combat
[DEBUG] Event: MouseMotion scene=combat
[DEBUG] Event: MouseMotion scene=combat
[DEBUG] Event: MouseMotion scene=combat
[DEBUG] Event: MouseMotion scene=combat
[DEBUG] Event: MouseMotion scene=combat
[DEBUG] Event: MouseMotion scene=combat
[DEBUG] Event: MouseMotion scene=combat
[DEBUG] Event: MouseMotion scene=combat
[DEBUG] Event: MouseMotion scene=combat
[DEBUG] Event: MouseButtonDown scene=combat
[DEBUG] Event: MouseMotion scene=combat
[DEBUG] Event: MouseMotion scene=combat
[DEBUG] Event: MouseMotion scene=combat
[DEBUG] Event: MouseButtonUp scene=combat
[DEBUG] Event: KeyDown scene=combat
[DEBUG] Event: MouseMotion scene=combat
[DEBUG] Event: MouseMotion scene=combat
[DEBUG] Event: KeyUp scene=combat
[DEBUG] Event: MouseMotion scene=combat
[DEBUG] Event: MouseMotion scene=combat
[DEBUG] Event: MouseMotion scene=combat
[DEBUG] Event: KeyDown scene=combat
[DEBUG] Event: MouseMotion scene=combat
[DEBUG] Event: MouseMotion scene=combat
[DEBUG] Event: MouseMotion scene=combat
[DEBUG] Event: MouseMotion scene=combat
[DEBUG] Event: MouseMotion scene=combat
[DEBUG] Event: MouseMotion scene=combat
[DEBUG] Event: MouseMotion scene=combat
[DEBUG] Event: MouseMotion scene=combat
[DEBUG] Event: MouseMotion scene=combat
[DEBUG] Event: MouseMotion scene=combat
[DEBUG] Event: MouseMotion scene=combat
[DEBUG] Event: MouseMotion scene=combat
[DEBUG] Event: MouseMotion scene=combat
[DEBUG] Event: MouseMotion scene=combat
[DEBUG] Event: MouseMotion scene=combat
[DEBUG] frame=14100 scene=combat fps=60
[DEBUG] Event: KeyDown scene=combat
[DEBUG] Event: MouseMotion scene=combat
[DEBUG] Event: MouseMotion scene=combat
[DEBUG] Event: MouseMotion scene=combat
[DEBUG] Event: MouseMotion scene=combat
[DEBUG] Event: KeyUp scene=combat
[DEBUG] Event: MouseMotion scene=combat
[DEBUG] Event: MouseMotion scene=combat
[DEBUG] Event: MouseMotion scene=combat
[DEBUG] Event: MouseMotion scene=combat
[DEBUG] Event: MouseMotion scene=combat
[DEBUG] Event: KeyDown scene=combat
[DEBUG] Event: MouseMotion scene=combat
[DEBUG] Event: KeyUp scene=combat
[DEBUG] Event: KeyDown scene=combat
[DEBUG] Event: KeyUp scene=combat
[DEBUG] Event: MouseMotion scene=combat
[DEBUG] Event: MouseMotion scene=combat
[DEBUG] Event: MouseMotion scene=combat
[DEBUG] Event: MouseMotion scene=combat
[DEBUG] frame=14160 scene=combat fps=60
[DEBUG] Event: KeyUp scene=combat
[DEBUG] Event: MouseMotion scene=combat
[DEBUG] Event: MouseMotion scene=combat
[DEBUG] Event: MouseMotion scene=combat
[DEBUG] Event: MouseMotion scene=combat
[DEBUG] Event: MouseMotion scene=combat
[DEBUG] Event: MouseMotion scene=combat
[DEBUG] Event: MouseMotion scene=combat
[DEBUG] Event: KeyDown scene=combat
[DEBUG] Event: MouseMotion scene=combat
[DEBUG] Event: MouseMotion scene=combat
[DEBUG] Event: MouseMotion scene=combat
[DEBUG] Event: MouseMotion scene=combat
[DEBUG] Event: MouseMotion scene=combat
[DEBUG] Event: MouseMotion scene=combat
[DEBUG] Event: MouseMotion scene=combat
[DEBUG] Event: MouseMotion scene=combat
[DEBUG] Event: MouseMotion scene=combat
[DEBUG] Event: MouseMotion scene=combat
[DEBUG] Event: MouseMotion scene=combat
[DEBUG] Event: KeyUp scene=combat
[DEBUG] Event: MouseMotion scene=combat
[DEBUG] Event: MouseMotion scene=combat
[DEBUG] Event: MouseMotion scene=combat
[DEBUG] Event: MouseMotion scene=combat
[DEBUG] Event: MouseMotion scene=combat
[DEBUG] Event: MouseMotion scene=combat
[DEBUG] Event: MouseMotion scene=combat
[DEBUG] Event: MouseMotion scene=combat
[DEBUG] Event: MouseMotion scene=combat
[DEBUG] Event: MouseMotion scene=combat
[DEBUG] Event: MouseMotion scene=combat
[DEBUG] Event: MouseButtonDown scene=combat
[DEBUG] Event: KeyDown scene=combat
[DEBUG] Event: MouseMotion scene=combat
[DEBUG] Event: MouseMotion scene=combat
[DEBUG] Event: MouseButtonUp scene=combat
[DEBUG] Event: MouseMotion scene=combat
[DEBUG] Event: MouseMotion scene=combat
[DEBUG] Event: MouseMotion scene=combat
[DEBUG] Event: MouseMotion scene=combat
[DEBUG] Event: MouseMotion scene=combat
[DEBUG] Event: MouseMotion scene=combat
[DEBUG] Event: MouseMotion scene=combat
[DEBUG] Event: MouseMotion scene=combat
[DEBUG] Event: MouseMotion scene=combat
[DEBUG] Event: MouseMotion scene=combat
[DEBUG] Event: MouseMotion scene=combat
[DEBUG] Event: MouseMotion scene=combat
[DEBUG] Event: MouseMotion scene=combat
[DEBUG] Event: MouseMotion scene=combat
[DEBUG] Event: MouseMotion scene=combat
[DEBUG] frame=14220 scene=combat fps=61
[DEBUG] Event: MouseMotion scene=combat
[DEBUG] Event: MouseMotion scene=combat
[DEBUG] Event: MouseMotion scene=combat
[DEBUG] Event: MouseMotion scene=combat
[DEBUG] Event: MouseMotion scene=combat
[DEBUG] Event: MouseMotion scene=combat
[DEBUG] Event: MouseMotion scene=combat
[DEBUG] Event: MouseMotion scene=combat
[DEBUG] Event: MouseMotion scene=combat
[DEBUG] Event: MouseMotion scene=combat
[DEBUG] Event: MouseMotion scene=combat
[DEBUG] Event: MouseMotion scene=combat
[DEBUG] Event: MouseMotion scene=combat
[DEBUG] Event: MouseMotion scene=combat
[DEBUG] Event: MouseMotion scene=combat
[DEBUG] Event: MouseMotion scene=combat
[DEBUG] Event: MouseMotion scene=combat
[DEBUG] Event: MouseMotion scene=combat
[DEBUG] Event: MouseMotion scene=combat
[DEBUG] Event: MouseMotion scene=combat
[DEBUG] Event: MouseMotion scene=combat
[DEBUG] Event: MouseMotion scene=combat
[DEBUG] Event: MouseMotion scene=combat
[DEBUG] Event: MouseMotion scene=combat
[DEBUG] Event: MouseMotion scene=combat
[DEBUG] Event: MouseMotion scene=combat
[DEBUG] Event: MouseMotion scene=combat
[DEBUG] Event: MouseMotion scene=combat
[DEBUG] Event: MouseMotion scene=combat
[DEBUG] Event: MouseMotion scene=combat
[DEBUG] Event: MouseMotion scene=combat
[DEBUG] Event: MouseMotion scene=combat
[DEBUG] Event: MouseMotion scene=combat
[DEBUG] Event: MouseMotion scene=combat
[DEBUG] Event: MouseMotion scene=combat
[DEBUG] Event: MouseMotion scene=combat
[DEBUG] Event: MouseMotion scene=combat
[DEBUG] Event: MouseMotion scene=combat
[DEBUG] Event: MouseMotion scene=combat
[DEBUG] Event: MouseMotion scene=combat
[DEBUG] Event: MouseButtonDown scene=combat
[DEBUG] Event: KeyUp scene=combat
[DEBUG] Event: MouseMotion scene=combat
[DEBUG] Event: MouseButtonUp scene=combat
[DEBUG] Event: MouseMotion scene=combat
[DEBUG] Event: MouseMotion scene=combat
[DEBUG] Event: MouseMotion scene=combat
[DEBUG] Event: MouseMotion scene=combat
[DEBUG] Event: MouseMotion scene=combat
[DEBUG] Event: MouseMotion scene=combat
[DEBUG] Event: MouseMotion scene=combat
[DEBUG] Event: KeyDown scene=combat
[DEBUG] Event: MouseMotion scene=combat
[DEBUG] Event: MouseMotion scene=combat
[DEBUG] Event: MouseMotion scene=combat
[DEBUG] Event: MouseMotion scene=combat
[DEBUG] Event: MouseMotion scene=combat
[DEBUG] Event: MouseMotion scene=combat
[DEBUG] Event: MouseMotion scene=combat
[DEBUG] frame=14280 scene=combat fps=61
[DEBUG] Event: MouseMotion scene=combat
[DEBUG] Event: MouseMotion scene=combat
[DEBUG] Event: MouseMotion scene=combat
[DEBUG] Event: MouseMotion scene=combat
[DEBUG] Event: MouseMotion scene=combat
[DEBUG] Event: MouseMotion scene=combat
[DEBUG] Event: MouseMotion scene=combat
[DEBUG] Event: MouseMotion scene=combat
[DEBUG] Event: MouseMotion scene=combat
[DEBUG] Event: MouseMotion scene=combat
[DEBUG] Event: MouseMotion scene=combat
[DEBUG] Event: MouseMotion scene=combat
[DEBUG] Event: MouseMotion scene=combat
[DEBUG] Event: MouseMotion scene=combat
[DEBUG] Event: MouseMotion scene=combat
[DEBUG] Event: MouseMotion scene=combat
[DEBUG] Event: MouseMotion scene=combat
[DEBUG] Event: MouseMotion scene=combat
[DEBUG] Event: MouseMotion scene=combat
[DEBUG] Event: MouseMotion scene=combat
[DEBUG] Event: MouseMotion scene=combat
[DEBUG] Event: MouseButtonDown scene=combat
[DEBUG] Event: MouseMotion scene=combat
[DEBUG] Event: KeyUp scene=combat
[DEBUG] Event: MouseButtonUp scene=combat
[DEBUG] frame=14340 scene=combat fps=61
[DEBUG] Event: KeyDown scene=combat
[DEBUG] Event: MouseMotion scene=combat
[DEBUG] Event: MouseMotion scene=combat
[DEBUG] Event: MouseMotion scene=combat
[DEBUG] Event: MouseMotion scene=combat
[DEBUG] Event: MouseMotion scene=combat
[DEBUG] Event: MouseMotion scene=combat
[DEBUG] Event: MouseMotion scene=combat
[DEBUG] Event: MouseMotion scene=combat
[DEBUG] Event: MouseMotion scene=combat
[DEBUG] Event: MouseMotion scene=combat
[DEBUG] Event: MouseMotion scene=combat
[DEBUG] Event: MouseMotion scene=combat
[DEBUG] Event: MouseMotion scene=combat
[DEBUG] Event: MouseMotion scene=combat
[DEBUG] Event: KeyUp scene=combat
[DEBUG] Event: MouseMotion scene=combat
[DEBUG] Event: MouseMotion scene=combat
[DEBUG] Event: MouseMotion scene=combat
[DEBUG] Event: MouseMotion scene=combat
[DEBUG] Event: MouseMotion scene=combat
[DEBUG] Event: MouseButtonDown scene=combat
[DEBUG] Event: MouseMotion scene=combat
[DEBUG] Event: MouseMotion scene=combat
[DEBUG] Event: KeyDown scene=combat
[DEBUG] Event: MouseMotion scene=combat
[DEBUG] Event: MouseMotion scene=combat
[DEBUG] Event: MouseMotion scene=combat
[DEBUG] Event: MouseMotion scene=combat
[DEBUG] Event: MouseMotion scene=combat
[DEBUG] Event: MouseButtonUp scene=combat
[DEBUG] Event: MouseMotion scene=combat
[DEBUG] Event: MouseMotion scene=combat
[DEBUG] Event: MouseMotion scene=combat
[DEBUG] Event: MouseMotion scene=combat
[DEBUG] frame=14400 scene=combat fps=19
[DEBUG] Event: MouseMotion scene=combat
[DEBUG] Event: MouseMotion scene=combat
[DEBUG] Event: MouseMotion scene=combat
[DEBUG] Event: MouseMotion scene=combat
[DEBUG] Event: MouseMotion scene=combat
[DEBUG] Event: MouseMotion scene=combat
[DEBUG] Event: MouseMotion scene=combat
[DEBUG] Event: MouseMotion scene=combat
[DEBUG] Event: MouseMotion scene=combat
[DEBUG] Event: MouseMotion scene=combat
[DEBUG] Event: MouseMotion scene=combat
[DEBUG] Event: MouseMotion scene=combat
[DEBUG] Event: MouseMotion scene=combat
[DEBUG] Event: MouseMotion scene=combat
[DEBUG] Event: MouseMotion scene=combat
[DEBUG] Event: MouseMotion scene=combat
[DEBUG] Event: MouseMotion scene=combat
[DEBUG] Event: MouseMotion scene=combat
[DEBUG] Event: KeyUp scene=combat
[DEBUG] Event: MouseMotion scene=combat
[DEBUG] Event: MouseMotion scene=combat
[DEBUG] Event: MouseMotion scene=combat
[DEBUG] Event: MouseMotion scene=combat
[DEBUG] Event: MouseMotion scene=combat
[DEBUG] Event: MouseMotion scene=combat
[DEBUG] Event: MouseMotion scene=combat
[DEBUG] Event: MouseMotion scene=combat
[DEBUG] Event: MouseMotion scene=combat
[DEBUG] Event: MouseMotion scene=combat
[DEBUG] Event: MouseMotion scene=combat
[DEBUG] Event: MouseMotion scene=combat
[DEBUG] Event: KeyDown scene=combat
[DEBUG] Event: MouseMotion scene=combat
[DEBUG] Event: MouseMotion scene=combat
[DEBUG] Event: MouseMotion scene=combat
[DEBUG] Event: MouseMotion scene=combat
[DEBUG] Event: MouseMotion scene=combat
[DEBUG] Event: MouseMotion scene=combat
[DEBUG] Event: MouseMotion scene=combat
[DEBUG] Event: MouseMotion scene=combat
[DEBUG] Event: MouseMotion scene=combat
[DEBUG] Event: MouseMotion scene=combat
[DEBUG] Event: MouseMotion scene=combat
[DEBUG] Event: MouseMotion scene=combat
[DEBUG] Event: KeyUp scene=combat
[DEBUG] Event: MouseMotion scene=combat
[DEBUG] Event: MouseMotion scene=combat
[DEBUG] Event: MouseMotion scene=combat
[DEBUG] Event: MouseMotion scene=combat
[DEBUG] Event: MouseMotion scene=combat
[DEBUG] Event: MouseMotion scene=combat
[DEBUG] Event: MouseMotion scene=combat
[DEBUG] Event: MouseButtonDown scene=combat
[DEBUG] frame=14460 scene=combat fps=60
[DEBUG] Event: MouseButtonUp scene=combat
[DEBUG] Event: MouseMotion scene=combat
[DEBUG] Event: MouseMotion scene=combat
[DEBUG] Event: MouseMotion scene=combat
[DEBUG] Event: MouseMotion scene=combat
[DEBUG] Event: MouseMotion scene=combat
[DEBUG] Event: MouseMotion scene=combat
[DEBUG] Event: KeyDown scene=combat
[DEBUG] Event: MouseMotion scene=combat
[DEBUG] Event: MouseMotion scene=combat
[DEBUG] Event: MouseMotion scene=combat
[DEBUG] Event: MouseMotion scene=combat
[DEBUG] Event: MouseMotion scene=combat
[DEBUG] Event: MouseMotion scene=combat
[DEBUG] Event: MouseMotion scene=combat
[DEBUG] Event: MouseMotion scene=combat
[DEBUG] Event: MouseMotion scene=combat
[DEBUG] Event: KeyUp scene=combat
[DEBUG] Event: MouseMotion scene=combat
[DEBUG] Event: KeyDown scene=combat
[DEBUG] Event: MouseMotion scene=combat
[DEBUG] Event: MouseMotion scene=combat
[DEBUG] Event: MouseMotion scene=combat
[DEBUG] Event: MouseMotion scene=combat
[DEBUG] Event: MouseMotion scene=combat
[DEBUG] Event: MouseMotion scene=combat
[DEBUG] Event: MouseMotion scene=combat
[DEBUG] Event: MouseMotion scene=combat
[DEBUG] Event: MouseMotion scene=combat
[DEBUG] Event: MouseMotion scene=combat
[DEBUG] Event: MouseMotion scene=combat
[DEBUG] Event: MouseMotion scene=combat
[DEBUG] Event: MouseMotion scene=combat
[DEBUG] Event: MouseMotion scene=combat
[DEBUG] Event: MouseMotion scene=combat
[DEBUG] Event: MouseMotion scene=combat
[DEBUG] Event: MouseMotion scene=combat
[DEBUG] Event: MouseMotion scene=combat
[DEBUG] Event: MouseMotion scene=combat
[DEBUG] Event: MouseMotion scene=combat
[DEBUG] Event: MouseMotion scene=combat
[DEBUG] Event: MouseMotion scene=combat
[DEBUG] Event: MouseMotion scene=combat
[DEBUG] Event: MouseMotion scene=combat
[DEBUG] frame=14520 scene=combat fps=61
[DEBUG] Event: MouseMotion scene=combat
[DEBUG] Event: MouseMotion scene=combat
[DEBUG] Event: MouseMotion scene=combat
[DEBUG] Event: MouseMotion scene=combat
[DEBUG] Event: MouseMotion scene=combat
[DEBUG] Event: MouseMotion scene=combat
[DEBUG] Event: MouseMotion scene=combat
[DEBUG] Event: MouseMotion scene=combat
[DEBUG] Event: MouseMotion scene=combat
[DEBUG] Event: MouseButtonDown scene=combat
[DEBUG] Event: MouseMotion scene=combat
[DEBUG] Event: MouseButtonUp scene=combat
[DEBUG] Event: MouseMotion scene=combat
[DEBUG] Event: MouseMotion scene=combat
[DEBUG] Event: MouseMotion scene=combat
[DEBUG] Event: MouseMotion scene=combat
[DEBUG] Event: MouseMotion scene=combat
[DEBUG] Event: MouseMotion scene=combat
[DEBUG] Event: MouseMotion scene=combat
[DEBUG] Event: MouseMotion scene=combat
[DEBUG] Event: MouseMotion scene=combat
[DEBUG] Event: MouseMotion scene=combat
[DEBUG] Event: MouseMotion scene=combat
[DEBUG] Event: MouseMotion scene=combat
[DEBUG] Event: MouseMotion scene=combat
[DEBUG] Event: MouseMotion scene=combat
[DEBUG] Event: KeyUp scene=combat
[DEBUG] Event: MouseMotion scene=combat
[DEBUG] frame=14580 scene=combat fps=60
[DEBUG] Event: MouseMotion scene=combat
[DEBUG] Event: MouseMotion scene=combat
[DEBUG] Event: MouseMotion scene=combat
[DEBUG] Event: MouseMotion scene=combat
[DEBUG] Event: MouseMotion scene=combat
[DEBUG] Event: MouseMotion scene=combat
[DEBUG] Event: KeyDown scene=combat
[DEBUG] Event: MouseMotion scene=combat
[DEBUG] Event: MouseMotion scene=combat
[DEBUG] Event: MouseMotion scene=combat
[DEBUG] Event: MouseMotion scene=combat
[DEBUG] Event: MouseMotion scene=combat
[DEBUG] Event: MouseMotion scene=combat
[DEBUG] Event: MouseMotion scene=combat
[DEBUG] Event: MouseMotion scene=combat
[DEBUG] Event: MouseMotion scene=combat
[DEBUG] Event: MouseMotion scene=combat
[DEBUG] Event: MouseMotion scene=combat
[DEBUG] Event: MouseButtonDown scene=combat
[DEBUG] Event: MouseButtonUp scene=combat
[DEBUG] Event: MouseMotion scene=combat
[DEBUG] Event: MouseButtonDown scene=combat
[DEBUG] Event: MouseMotion scene=combat
[DEBUG] Event: MouseMotion scene=combat
[DEBUG] Event: MouseMotion scene=combat
[DEBUG] Event: MouseButtonUp scene=combat
[DEBUG] Event: MouseMotion scene=combat
[DEBUG] Event: MouseMotion scene=combat
[DEBUG] Event: MouseMotion scene=combat
[DEBUG] Event: MouseMotion scene=combat
[DEBUG] Event: MouseMotion scene=combat
[DEBUG] Event: MouseMotion scene=combat
[DEBUG] Event: MouseMotion scene=combat
[DEBUG] Event: MouseMotion scene=combat
[DEBUG] Event: MouseMotion scene=combat
[DEBUG] Event: MouseMotion scene=combat
[DEBUG] Event: MouseMotion scene=combat
[DEBUG] Event: MouseMotion scene=combat
[DEBUG] Event: KeyUp scene=combat
[DEBUG] Event: MouseMotion scene=combat
[DEBUG] Event: MouseMotion scene=combat
[DEBUG] Event: MouseMotion scene=combat
[DEBUG] frame=14640 scene=combat fps=61
[DEBUG] Event: MouseMotion scene=combat
[DEBUG] Event: KeyDown scene=combat
[DEBUG] Event: KeyUp scene=combat
[DEBUG] Event: KeyDown scene=combat
[DEBUG] Event: MouseMotion scene=combat
[DEBUG] Event: MouseMotion scene=combat
[DEBUG] Event: MouseMotion scene=combat
[DEBUG] Event: MouseMotion scene=combat
[DEBUG] Event: MouseMotion scene=combat
[DEBUG] Event: MouseMotion scene=combat
[DEBUG] Event: KeyDown scene=combat
[DEBUG] Event: MouseMotion scene=combat
[DEBUG] Event: MouseMotion scene=combat
[DEBUG] Event: MouseMotion scene=combat
[DEBUG] Event: MouseMotion scene=combat
[DEBUG] Event: MouseMotion scene=combat
[DEBUG] Event: KeyUp scene=combat
[DEBUG] Event: MouseMotion scene=combat
[DEBUG] Event: MouseMotion scene=combat
[DEBUG] Event: MouseMotion scene=combat
[DEBUG] Event: MouseMotion scene=combat
[DEBUG] Event: MouseMotion scene=combat
[DEBUG] Event: MouseMotion scene=combat
[DEBUG] Event: MouseMotion scene=combat
[DEBUG] Event: KeyUp scene=combat
[DEBUG] Event: MouseMotion scene=combat
[DEBUG] Event: MouseMotion scene=combat
[DEBUG] Event: MouseMotion scene=combat
[DEBUG] Event: MouseMotion scene=combat
[DEBUG] Event: MouseMotion scene=combat
[DEBUG] Event: MouseMotion scene=combat
[DEBUG] Event: MouseButtonDown scene=combat
[DEBUG] Event: MouseMotion scene=combat
[DEBUG] Event: MouseMotion scene=combat
[DEBUG] Event: MouseMotion scene=combat
[DEBUG] Event: MouseMotion scene=combat
[DEBUG] Event: MouseMotion scene=combat
[DEBUG] Event: MouseMotion scene=combat
[DEBUG] Event: MouseButtonUp scene=combat
[DEBUG] Event: MouseMotion scene=combat
[DEBUG] Event: MouseMotion scene=combat
[DEBUG] Event: MouseMotion scene=combat
[DEBUG] Event: MouseMotion scene=combat
[DEBUG] Event: MouseMotion scene=combat
[DEBUG] frame=14700 scene=combat fps=60
[DEBUG] Event: KeyDown scene=combat
[DEBUG] Event: MouseMotion scene=combat
[DEBUG] Event: MouseMotion scene=combat
[DEBUG] Event: MouseMotion scene=combat
[DEBUG] Event: MouseMotion scene=combat
[DEBUG] Event: MouseMotion scene=combat
[DEBUG] Event: MouseMotion scene=combat
[DEBUG] Event: MouseMotion scene=combat
[DEBUG] Event: MouseMotion scene=combat
[DEBUG] Event: MouseMotion scene=combat
[DEBUG] Event: MouseMotion scene=combat
[DEBUG] Event: MouseMotion scene=combat
[DEBUG] Event: MouseMotion scene=combat
[DEBUG] Event: MouseMotion scene=combat
[DEBUG] Event: MouseMotion scene=combat
[DEBUG] Event: MouseMotion scene=combat
[DEBUG] Event: MouseMotion scene=combat
[DEBUG] Event: MouseMotion scene=combat
[DEBUG] Event: MouseMotion scene=combat
[DEBUG] Event: MouseMotion scene=combat
[DEBUG] Event: MouseMotion scene=combat
[DEBUG] Event: MouseMotion scene=combat
[DEBUG] Event: MouseMotion scene=combat
[DEBUG] Event: KeyUp scene=combat
[DEBUG] Event: MouseMotion scene=combat
[DEBUG] Event: MouseMotion scene=combat
[DEBUG] Event: MouseMotion scene=combat
[DEBUG] Event: MouseMotion scene=combat
[DEBUG] Event: MouseMotion scene=combat
[DEBUG] Event: MouseButtonDown scene=combat
[DEBUG] Event: MouseMotion scene=combat
[DEBUG] Event: MouseMotion scene=combat
[DEBUG] Event: MouseMotion scene=combat
[DEBUG] Event: MouseButtonUp scene=combat
[DEBUG] Event: MouseMotion scene=combat
[DEBUG] Event: MouseButtonDown scene=combat
[DEBUG] Event: MouseMotion scene=combat
[DEBUG] Event: MouseMotion scene=combat
[DEBUG] Event: MouseMotion scene=combat
[DEBUG] frame=14760 scene=combat fps=60
[DEBUG] Event: MouseMotion scene=combat
[DEBUG] Event: MouseButtonUp scene=combat
[DEBUG] Event: MouseMotion scene=combat
[DEBUG] Event: MouseMotion scene=combat
[DEBUG] Event: MouseMotion scene=combat
[DEBUG] Event: MouseMotion scene=combat
[DEBUG] Event: MouseMotion scene=combat
[DEBUG] Event: MouseMotion scene=combat
[DEBUG] Event: MouseMotion scene=combat
[DEBUG] Event: MouseMotion scene=combat
[DEBUG] Event: MouseMotion scene=combat
[DEBUG] Event: MouseMotion scene=combat
[DEBUG] Event: MouseMotion scene=combat
[DEBUG] Event: MouseMotion scene=combat
[DEBUG] Event: MouseMotion scene=combat
[DEBUG] Event: MouseMotion scene=combat
[DEBUG] Event: MouseMotion scene=combat
[DEBUG] Event: MouseMotion scene=combat
[DEBUG] Event: MouseMotion scene=combat
[DEBUG] Event: MouseMotion scene=combat
[DEBUG] Event: MouseMotion scene=combat
[DEBUG] Event: MouseMotion scene=combat
[DEBUG] Event: MouseMotion scene=combat
[DEBUG] Event: MouseMotion scene=combat
[DEBUG] Event: MouseMotion scene=combat
[DEBUG] Event: MouseMotion scene=combat
[DEBUG] Event: MouseMotion scene=combat
[DEBUG] Event: MouseMotion scene=combat
[DEBUG] Event: MouseMotion scene=combat
[DEBUG] Event: MouseMotion scene=combat
[DEBUG] Event: MouseMotion scene=combat
[DEBUG] Event: MouseMotion scene=combat
[DEBUG] Event: MouseMotion scene=combat
[DEBUG] Event: MouseMotion scene=combat
[DEBUG] Event: MouseMotion scene=combat
[DEBUG] Event: MouseMotion scene=combat
[DEBUG] Event: MouseMotion scene=combat
[DEBUG] Event: MouseMotion scene=combat
[DEBUG] Event: MouseMotion scene=combat
[DEBUG] Event: MouseButtonDown scene=combat
[DEBUG] Event: MouseMotion scene=combat
[DEBUG] Event: MouseMotion scene=combat
[DEBUG] Event: MouseMotion scene=combat
[DEBUG] Event: MouseMotion scene=combat
[DEBUG] Event: MouseMotion scene=combat
[DEBUG] Event: MouseMotion scene=combat
[DEBUG] Event: MouseButtonUp scene=combat
[DEBUG] Event: MouseMotion scene=combat
[DEBUG] frame=14820 scene=combat fps=61
[DEBUG] Event: MouseMotion scene=combat
[DEBUG] Event: MouseMotion scene=combat
[DEBUG] Event: MouseMotion scene=combat
[DEBUG] Event: MouseMotion scene=combat
[DEBUG] Event: MouseMotion scene=combat
[DEBUG] Event: MouseButtonDown scene=combat
[DEBUG] Event: MouseMotion scene=combat
[DEBUG] Event: MouseButtonUp scene=combat
[DEBUG] Event: MouseMotion scene=combat
[DEBUG] Event: MouseButtonDown scene=combat
[DEBUG] Event: MouseButtonUp scene=combat
[DEBUG] Event: MouseMotion scene=combat
[DEBUG] Event: MouseMotion scene=combat
[DEBUG] Event: MouseMotion scene=combat
[DEBUG] Event: MouseMotion scene=combat
[DEBUG] Event: MouseMotion scene=combat
[DEBUG] Event: MouseMotion scene=combat
[DEBUG] Event: MouseMotion scene=combat
[DEBUG] Event: MouseMotion scene=combat
[DEBUG] Event: MouseMotion scene=combat
[DEBUG] frame=14880 scene=combat fps=60
[DEBUG] Event: MouseMotion scene=combat
[DEBUG] Event: MouseMotion scene=combat
[DEBUG] Event: MouseMotion scene=combat
[DEBUG] Event: MouseMotion scene=combat
[DEBUG] Event: MouseMotion scene=combat
[DEBUG] Event: MouseMotion scene=combat
[DEBUG] Event: MouseMotion scene=combat
[DEBUG] Event: MouseMotion scene=combat
[DEBUG] Event: MouseMotion scene=combat
[DEBUG] Event: MouseMotion scene=combat
[DEBUG] Event: MouseMotion scene=combat
[DEBUG] Event: MouseMotion scene=combat
[DEBUG] Event: MouseMotion scene=combat
[DEBUG] Event: MouseMotion scene=combat
[DEBUG] Event: MouseMotion scene=combat
[DEBUG] Event: MouseMotion scene=combat
[DEBUG] Event: MouseMotion scene=combat
[DEBUG] Event: MouseMotion scene=combat
[DEBUG] Event: MouseMotion scene=combat
[DEBUG] Event: MouseMotion scene=combat
[DEBUG] Event: MouseMotion scene=combat
[DEBUG] Event: MouseMotion scene=combat
[DEBUG] Event: MouseMotion scene=combat
[DEBUG] Event: MouseMotion scene=combat
[DEBUG] Event: MouseMotion scene=combat
[DEBUG] Event: MouseMotion scene=combat
[DEBUG] Event: MouseMotion scene=combat
[DEBUG] Event: MouseMotion scene=combat
[DEBUG] Event: MouseMotion scene=combat
[DEBUG] Event: MouseMotion scene=combat
[DEBUG] Event: MouseButtonDown scene=combat
[DEBUG] Event: MouseMotion scene=combat
[DEBUG] Event: MouseMotion scene=combat
[DEBUG] Event: MouseMotion scene=combat
[DEBUG] Event: KeyDown scene=combat
[DEBUG] Event: MouseMotion scene=combat
[DEBUG] Event: MouseMotion scene=combat
[DEBUG] Event: MouseMotion scene=combat
[DEBUG] Event: MouseMotion scene=combat
[DEBUG] Event: MouseMotion scene=combat
[DEBUG] Event: MouseMotion scene=combat
[DEBUG] Event: MouseMotion scene=combat
[DEBUG] Event: MouseMotion scene=combat
[DEBUG] Event: MouseButtonUp scene=combat
[DEBUG] Event: MouseMotion scene=combat
[DEBUG] Event: MouseMotion scene=combat
[DEBUG] Event: MouseMotion scene=combat
[DEBUG] frame=14940 scene=combat fps=61
[DEBUG] Event: MouseMotion scene=combat
[DEBUG] Event: KeyUp scene=combat
[DEBUG] Event: MouseMotion scene=combat
[DEBUG] Event: MouseMotion scene=combat
[DEBUG] Event: MouseMotion scene=combat
[DEBUG] Event: MouseMotion scene=combat
[DEBUG] Event: MouseMotion scene=combat
[DEBUG] Event: MouseMotion scene=combat
[DEBUG] Event: MouseMotion scene=combat
[DEBUG] Event: MouseMotion scene=combat
[DEBUG] Event: MouseMotion scene=combat
[DEBUG] Event: MouseMotion scene=combat
[DEBUG] Event: MouseMotion scene=combat
[DEBUG] Event: KeyDown scene=combat
[DEBUG] Event: MouseMotion scene=combat
[DEBUG] Event: MouseMotion scene=combat
[DEBUG] Event: MouseMotion scene=combat
[DEBUG] Event: MouseMotion scene=combat
[DEBUG] Event: MouseMotion scene=combat
[DEBUG] Event: MouseMotion scene=combat
[DEBUG] Event: MouseMotion scene=combat
[DEBUG] Event: MouseMotion scene=combat
[DEBUG] Event: MouseMotion scene=combat
[DEBUG] Event: MouseMotion scene=combat
[DEBUG] Event: MouseMotion scene=combat
[DEBUG] Event: MouseMotion scene=combat
[DEBUG] Event: MouseMotion scene=combat
[DEBUG] Event: MouseMotion scene=combat
[DEBUG] Event: MouseMotion scene=combat
[DEBUG] Event: MouseMotion scene=combat
[DEBUG] Event: MouseMotion scene=combat
[DEBUG] Event: MouseMotion scene=combat
[DEBUG] Event: MouseMotion scene=combat
[DEBUG] Event: MouseMotion scene=combat
[DEBUG] Event: MouseMotion scene=combat
[DEBUG] Event: MouseMotion scene=combat
[DEBUG] Event: MouseMotion scene=combat
[DEBUG] Event: MouseMotion scene=combat
[DEBUG] Event: MouseMotion scene=combat
[DEBUG] Event: MouseMotion scene=combat
[DEBUG] Event: MouseMotion scene=combat
[DEBUG] Event: MouseMotion scene=combat
[DEBUG] Event: MouseMotion scene=combat
[DEBUG] Event: MouseMotion scene=combat
[DEBUG] Event: MouseMotion scene=combat
[DEBUG] frame=15000 scene=combat fps=61
[DEBUG] Event: MouseMotion scene=combat
[DEBUG] Event: MouseMotion scene=combat
[DEBUG] Event: MouseMotion scene=combat
[DEBUG] Event: MouseMotion scene=combat
[DEBUG] Event: MouseMotion scene=combat
[DEBUG] Event: MouseMotion scene=combat
[DEBUG] Event: MouseMotion scene=combat
[DEBUG] Event: MouseMotion scene=combat
[DEBUG] Event: MouseMotion scene=combat
[DEBUG] Event: MouseMotion scene=combat
[DEBUG] Event: KeyUp scene=combat
[DEBUG] Event: MouseMotion scene=combat
[DEBUG] Event: MouseMotion scene=combat
[DEBUG] Event: MouseMotion scene=combat
[DEBUG] Event: MouseMotion scene=combat
[DEBUG] Event: MouseMotion scene=combat
[DEBUG] Event: MouseMotion scene=combat
[DEBUG] Event: MouseMotion scene=combat
[DEBUG] Event: MouseMotion scene=combat
[DEBUG] Event: MouseMotion scene=combat
[DEBUG] Event: MouseButtonDown scene=combat
[DEBUG] Event: MouseMotion scene=combat
[DEBUG] Event: MouseMotion scene=combat
[DEBUG] Event: MouseMotion scene=combat
[DEBUG] Event: MouseMotion scene=combat
[DEBUG] Event: MouseMotion scene=combat
[DEBUG] Event: MouseMotion scene=combat
[DEBUG] Event: MouseMotion scene=combat
[DEBUG] Event: MouseMotion scene=combat
[DEBUG] Event: MouseMotion scene=combat
[DEBUG] Event: MouseMotion scene=combat
[DEBUG] Event: MouseMotion scene=combat
[DEBUG] Event: MouseMotion scene=combat
[DEBUG] Event: MouseMotion scene=combat
[DEBUG] Event: MouseMotion scene=combat
[DEBUG] Event: MouseMotion scene=combat
[DEBUG] Event: MouseMotion scene=combat
[DEBUG] Event: MouseMotion scene=combat
[DEBUG] Event: MouseMotion scene=combat
[DEBUG] Event: MouseMotion scene=combat
[DEBUG] Event: MouseMotion scene=combat
[DEBUG] Event: MouseMotion scene=combat
[DEBUG] Event: MouseMotion scene=combat
[DEBUG] frame=15060 scene=combat fps=61
[DEBUG] Event: MouseMotion scene=combat
[DEBUG] Event: MouseButtonUp scene=combat
[DEBUG] Event: MouseMotion scene=combat
[DEBUG] Event: MouseMotion scene=combat
[DEBUG] Event: MouseMotion scene=combat
[DEBUG] Event: MouseMotion scene=combat
[DEBUG] Event: MouseMotion scene=combat
[DEBUG] Event: MouseMotion scene=combat
[DEBUG] Event: MouseMotion scene=combat
[DEBUG] Event: MouseMotion scene=combat
[DEBUG] Event: MouseMotion scene=combat
[DEBUG] Event: MouseMotion scene=combat
[DEBUG] Event: MouseMotion scene=combat
[DEBUG] Event: MouseMotion scene=combat
[DEBUG] Event: MouseMotion scene=combat
[DEBUG] Event: MouseMotion scene=combat
[DEBUG] Event: MouseMotion scene=combat
[DEBUG] Event: MouseMotion scene=combat
[DEBUG] Event: MouseMotion scene=combat
[DEBUG] Event: MouseMotion scene=combat
[DEBUG] Event: MouseMotion scene=combat
[DEBUG] Event: MouseMotion scene=combat
[DEBUG] Event: MouseMotion scene=combat
[DEBUG] Event: MouseMotion scene=combat
[DEBUG] Event: MouseMotion scene=combat
[DEBUG] Event: KeyDown scene=combat
[DEBUG] Event: MouseMotion scene=combat
[DEBUG] Event: MouseMotion scene=combat
[DEBUG] Event: MouseMotion scene=combat
[DEBUG] Event: MouseMotion scene=combat
[DEBUG] Event: KeyDown scene=combat
[DEBUG] Event: MouseMotion scene=combat
[DEBUG] Event: MouseMotion scene=combat
[DEBUG] Event: MouseMotion scene=combat
[DEBUG] frame=15120 scene=combat fps=61
[DEBUG] Event: MouseMotion scene=combat
[DEBUG] Event: MouseMotion scene=combat
[DEBUG] Event: MouseMotion scene=combat
[DEBUG] Event: MouseMotion scene=combat
[DEBUG] Event: MouseMotion scene=combat
[DEBUG] Event: MouseMotion scene=combat
[DEBUG] Event: MouseMotion scene=combat
[DEBUG] Event: MouseMotion scene=combat
[DEBUG] Event: MouseMotion scene=combat
[DEBUG] Event: MouseMotion scene=combat
[DEBUG] Event: MouseMotion scene=combat
[DEBUG] Event: MouseMotion scene=combat
[DEBUG] Event: MouseMotion scene=combat
[DEBUG] Event: MouseMotion scene=combat
[DEBUG] Event: MouseMotion scene=combat
[DEBUG] Event: MouseMotion scene=combat
[DEBUG] Event: MouseMotion scene=combat
[DEBUG] Event: MouseMotion scene=combat
[DEBUG] Event: MouseMotion scene=combat
[DEBUG] Event: MouseMotion scene=combat
[DEBUG] Event: MouseMotion scene=combat
[DEBUG] Event: MouseMotion scene=combat
[DEBUG] Event: MouseMotion scene=combat
[DEBUG] Event: MouseMotion scene=combat
[DEBUG] Event: MouseMotion scene=combat
[DEBUG] Event: MouseMotion scene=combat
[DEBUG] Event: MouseMotion scene=combat
[DEBUG] Event: MouseMotion scene=combat
[DEBUG] Event: MouseMotion scene=combat
[DEBUG] frame=15180 scene=combat fps=61
[DEBUG] Event: MouseMotion scene=combat
[DEBUG] Event: KeyUp scene=combat
[DEBUG] Event: KeyUp scene=combat
[DEBUG] Event: MouseMotion scene=combat
[DEBUG] Event: MouseMotion scene=combat
[DEBUG] Event: MouseMotion scene=combat
[DEBUG] Event: MouseMotion scene=combat
[DEBUG] Event: KeyDown scene=combat
[DEBUG] Event: KeyUp scene=combat
[DEBUG] Event: MouseMotion scene=combat
[DEBUG] frame=15240 scene=combat fps=61
[DEBUG] Event: MouseMotion scene=combat
[DEBUG] Event: MouseMotion scene=combat
[DEBUG] Event: MouseMotion scene=combat
[DEBUG] Event: MouseMotion scene=combat
[DEBUG] Event: MouseMotion scene=combat
[DEBUG] Event: MouseMotion scene=combat
[DEBUG] Event: MouseMotion scene=combat
[DEBUG] Event: MouseMotion scene=combat
[DEBUG] Event: MouseMotion scene=combat
[DEBUG] Event: MouseMotion scene=combat
[DEBUG] Event: MouseMotion scene=combat
[DEBUG] Event: MouseMotion scene=combat
[DEBUG] Event: MouseMotion scene=combat
[DEBUG] Event: MouseMotion scene=combat
[DEBUG] Event: MouseMotion scene=combat
[DEBUG] Event: MouseMotion scene=combat
[DEBUG] Event: MouseMotion scene=combat
[DEBUG] Event: MouseMotion scene=combat
[DEBUG] Event: MouseMotion scene=combat
[DEBUG] Event: MouseMotion scene=combat
[DEBUG] Event: MouseMotion scene=combat
[DEBUG] Event: MouseMotion scene=combat
[DEBUG] Event: MouseMotion scene=combat
[DEBUG] Event: MouseMotion scene=combat
[DEBUG] Event: MouseMotion scene=combat
[DEBUG] Event: MouseMotion scene=combat
[DEBUG] Event: MouseMotion scene=combat
[DEBUG] frame=15300 scene=combat fps=61
[DEBUG] frame=15360 scene=combat fps=60
[DEBUG] frame=15420 scene=combat fps=60
[DEBUG] Event: KeyDown scene=combat
[DEBUG] frame=15480 scene=combat fps=60
[DEBUG] Event: KeyUp scene=combat
[DEBUG] Event: MouseMotion scene=combat
[DEBUG] Event: MouseMotion scene=combat
[DEBUG] Event: MouseMotion scene=combat
[DEBUG] Event: MouseMotion scene=combat
[DEBUG] Event: MouseMotion scene=combat
[DEBUG] Event: MouseMotion scene=combat
[DEBUG] Event: MouseMotion scene=combat
[DEBUG] Event: KeyDown scene=combat
[DEBUG] Event: MouseMotion scene=combat
[DEBUG] Event: MouseMotion scene=combat
[DEBUG] Event: MouseMotion scene=combat
[DEBUG] Event: MouseMotion scene=combat
[DEBUG] Event: MouseMotion scene=combat
[DEBUG] Event: MouseMotion scene=combat
[DEBUG] Event: MouseMotion scene=combat
[DEBUG] Event: MouseMotion scene=combat
[DEBUG] Event: MouseMotion scene=combat
[DEBUG] Event: KeyDown scene=combat
[DEBUG] frame=15540 scene=combat fps=60
[DEBUG] Event: KeyUp scene=combat
[DEBUG] Event: KeyDown scene=combat
[DEBUG] Event: KeyUp scene=combat
[DEBUG] frame=15600 scene=combat fps=60
[DEBUG] Event: KeyUp scene=combat
[DEBUG] frame=15660 scene=combat fps=61
[DEBUG] frame=15720 scene=combat fps=60
[DEBUG] Event: KeyDown scene=combat
[DEBUG] Event: KeyUp scene=combat
[DEBUG] frame=15780 scene=combat fps=60
[DEBUG] Event: KeyDown scene=combat
[DEBUG] Event: KeyUp scene=combat
[DEBUG] Event: MouseMotion scene=combat
[DEBUG] Event: MouseMotion scene=combat
[DEBUG] Event: MouseMotion scene=combat
[DEBUG] Event: MouseMotion scene=combat
[DEBUG] Event: MouseMotion scene=combat
[DEBUG] Event: MouseMotion scene=combat
[DEBUG] Event: MouseMotion scene=combat
[DEBUG] Event: MouseMotion scene=combat
[DEBUG] Event: MouseMotion scene=combat
[DEBUG] Event: MouseMotion scene=combat
[DEBUG] Event: MouseMotion scene=combat
[DEBUG] Event: MouseMotion scene=reward
[DEBUG] Event: MouseMotion scene=reward
[DEBUG] Event: MouseMotion scene=reward
[DEBUG] Event: MouseMotion scene=reward
[DEBUG] frame=15840 scene=reward fps=61
[DEBUG] Event: MouseMotion scene=reward
[DEBUG] Event: MouseMotion scene=reward
[DEBUG] Event: MouseMotion scene=reward
[DEBUG] Event: MouseMotion scene=reward
[DEBUG] Event: MouseMotion scene=reward
[DEBUG] Event: MouseMotion scene=reward
[DEBUG] Event: MouseMotion scene=reward
[DEBUG] Event: MouseMotion scene=reward
[DEBUG] Event: MouseMotion scene=reward
[DEBUG] Event: MouseMotion scene=reward
[DEBUG] Event: MouseMotion scene=reward
[DEBUG] Event: MouseMotion scene=reward
[DEBUG] Event: MouseMotion scene=reward
[DEBUG] Event: MouseMotion scene=reward
[DEBUG] Event: MouseMotion scene=reward
[DEBUG] Event: MouseMotion scene=reward
[DEBUG] Event: MouseMotion scene=reward
[DEBUG] Event: MouseMotion scene=reward
[DEBUG] Event: MouseMotion scene=reward
[DEBUG] Event: MouseMotion scene=reward
[DEBUG] Event: MouseMotion scene=reward
[DEBUG] Event: MouseMotion scene=reward
[DEBUG] Event: MouseMotion scene=reward
[DEBUG] Event: MouseMotion scene=reward
[DEBUG] Event: MouseMotion scene=reward
[DEBUG] Event: MouseMotion scene=reward
[DEBUG] Event: MouseMotion scene=reward
[DEBUG] Event: MouseMotion scene=reward
[DEBUG] Event: MouseMotion scene=reward
[DEBUG] Event: MouseMotion scene=reward
[DEBUG] Event: MouseMotion scene=reward
[DEBUG] Event: MouseMotion scene=reward
[DEBUG] Event: MouseMotion scene=reward
[DEBUG] Event: MouseMotion scene=reward
[DEBUG] Event: MouseMotion scene=reward
[DEBUG] Event: MouseMotion scene=reward
[DEBUG] Event: MouseMotion scene=reward
[DEBUG] frame=15900 scene=reward fps=61
[DEBUG] Event: MouseButtonDown scene=reward
[DEBUG] Event: MouseButtonUp scene=reward
[DEBUG] Event: MouseMotion scene=reward
[DEBUG] Event: MouseMotion scene=reward
[DEBUG] Event: MouseMotion scene=reward
[DEBUG] Event: MouseMotion scene=reward
[DEBUG] Event: MouseMotion scene=reward
[DEBUG] Event: MouseMotion scene=reward
[DEBUG] Event: MouseMotion scene=reward
[DEBUG] Event: MouseMotion scene=reward
[DEBUG] Event: MouseMotion scene=reward
[DEBUG] Event: MouseMotion scene=reward
[DEBUG] Event: MouseMotion scene=reward
[DEBUG] Event: MouseMotion scene=reward
[DEBUG] Event: MouseMotion scene=reward
[DEBUG] Event: MouseMotion scene=reward
[DEBUG] Event: MouseMotion scene=reward
[DEBUG] Event: MouseMotion scene=reward
[DEBUG] Event: MouseMotion scene=reward
[DEBUG] Event: MouseMotion scene=reward
[DEBUG] Event: MouseMotion scene=reward
[DEBUG] Event: MouseMotion scene=reward
[DEBUG] Event: MouseMotion scene=reward
[DEBUG] Event: MouseMotion scene=reward
[DEBUG] Event: MouseMotion scene=reward
[DEBUG] Event: MouseMotion scene=reward
[DEBUG] Event: MouseMotion scene=reward
[DEBUG] Event: MouseMotion scene=reward
[DEBUG] Event: MouseMotion scene=reward
[DEBUG] Event: MouseMotion scene=reward
[DEBUG] Event: MouseMotion scene=reward
[DEBUG] frame=15960 scene=reward fps=60
[DEBUG] Event: MouseMotion scene=reward
[DEBUG] Event: MouseMotion scene=reward
[DEBUG] Event: MouseMotion scene=reward
[DEBUG] Event: MouseMotion scene=reward
[DEBUG] Event: MouseMotion scene=reward
[DEBUG] Event: MouseMotion scene=reward
[DEBUG] Event: MouseMotion scene=reward
[DEBUG] Event: MouseMotion scene=reward
[DEBUG] Event: MouseMotion scene=reward
[DEBUG] Event: MouseMotion scene=reward
[DEBUG] Event: MouseMotion scene=reward
[DEBUG] Event: MouseMotion scene=reward
[DEBUG] Event: MouseMotion scene=reward
[DEBUG] Event: MouseMotion scene=reward
[DEBUG] Event: MouseMotion scene=reward
[DEBUG] Event: MouseMotion scene=reward
[DEBUG] Event: MouseMotion scene=reward
[DEBUG] Event: MouseMotion scene=reward
[DEBUG] Event: MouseMotion scene=reward
[DEBUG] Event: MouseMotion scene=reward
[DEBUG] Event: MouseMotion scene=reward
[DEBUG] Event: MouseMotion scene=reward
[DEBUG] Event: MouseMotion scene=reward
[DEBUG] Event: MouseMotion scene=reward
[DEBUG] Event: MouseMotion scene=reward
[DEBUG] Event: MouseMotion scene=reward
[DEBUG] Event: MouseMotion scene=reward
[DEBUG] Event: MouseMotion scene=reward
[DEBUG] frame=16020 scene=reward fps=61
[DEBUG] Event: MouseMotion scene=reward
[DEBUG] Event: MouseMotion scene=reward
[DEBUG] Event: MouseMotion scene=reward
[DEBUG] Event: MouseMotion scene=reward
[DEBUG] Event: MouseMotion scene=reward
[DEBUG] Event: MouseMotion scene=reward
[DEBUG] Event: MouseMotion scene=reward
[DEBUG] Event: MouseMotion scene=reward
[DEBUG] Event: MouseMotion scene=reward
[DEBUG] Event: MouseMotion scene=reward
[DEBUG] Event: MouseMotion scene=reward
[DEBUG] Event: MouseMotion scene=reward
[DEBUG] Event: MouseMotion scene=reward
[DEBUG] Event: MouseMotion scene=reward
[DEBUG] Event: MouseMotion scene=reward
[DEBUG] Event: MouseMotion scene=reward
[DEBUG] Event: MouseMotion scene=reward
[DEBUG] Event: MouseMotion scene=reward
[DEBUG] Event: MouseButtonDown scene=reward
[DEBUG] Event: MouseButtonUp scene=reward
[DEBUG] Event: MouseMotion scene=reward
[DEBUG] Event: MouseMotion scene=reward
[DEBUG] Event: MouseMotion scene=reward
[DEBUG] Event: MouseMotion scene=reward
[DEBUG] Event: MouseMotion scene=reward
[DEBUG] Event: MouseMotion scene=reward
[DEBUG] Event: MouseMotion scene=reward
[DEBUG] Event: MouseMotion scene=reward
[DEBUG] Event: MouseMotion scene=reward
[DEBUG] Event: MouseMotion scene=reward
[DEBUG] Event: MouseMotion scene=reward
[DEBUG] Event: MouseMotion scene=reward
[DEBUG] Event: MouseMotion scene=reward
[DEBUG] Event: MouseMotion scene=reward
[DEBUG] Event: MouseMotion scene=reward
[DEBUG] Event: MouseMotion scene=reward
[DEBUG] Event: MouseMotion scene=reward
[DEBUG] Event: MouseMotion scene=reward
[DEBUG] frame=16080 scene=reward fps=60
[DEBUG] Event: MouseMotion scene=reward
[DEBUG] Event: MouseMotion scene=reward
[DEBUG] Event: MouseMotion scene=reward
[DEBUG] Event: MouseMotion scene=reward
[DEBUG] Event: MouseMotion scene=reward
[DEBUG] Event: MouseMotion scene=reward
[DEBUG] Event: MouseMotion scene=reward
[DEBUG] Event: MouseMotion scene=reward
[DEBUG] Event: MouseButtonDown scene=reward
[DEBUG] Event: MouseButtonUp scene=reward
[DEBUG] Event: MouseMotion scene=reward
[DEBUG] Event: MouseMotion scene=reward
[DEBUG] Event: MouseMotion scene=reward
[DEBUG] Event: MouseMotion scene=reward
[DEBUG] Event: MouseMotion scene=reward
[DEBUG] Event: MouseMotion scene=reward
[DEBUG] Event: MouseMotion scene=reward
[DEBUG] Event: MouseMotion scene=reward
[DEBUG] Event: MouseMotion scene=reward
[DEBUG] Event: MouseMotion scene=reward
[DEBUG] Event: MouseMotion scene=reward
[DEBUG] Event: MouseMotion scene=reward
[DEBUG] Event: MouseMotion scene=reward
[DEBUG] Event: MouseMotion scene=reward
[DEBUG] Event: MouseMotion scene=reward
[DEBUG] Event: MouseMotion scene=reward
[DEBUG] Event: MouseMotion scene=reward
[DEBUG] Event: MouseMotion scene=reward
[DEBUG] frame=16140 scene=reward fps=60
[DEBUG] Event: MouseMotion scene=reward
[DEBUG] Event: MouseMotion scene=reward
[DEBUG] Event: MouseMotion scene=reward
[DEBUG] Event: MouseMotion scene=reward
[DEBUG] Event: MouseMotion scene=reward
[DEBUG] Event: MouseMotion scene=reward
[DEBUG] Event: MouseMotion scene=reward
[DEBUG] Event: MouseMotion scene=reward
[DEBUG] Event: MouseMotion scene=reward
[DEBUG] Event: MouseMotion scene=reward
[DEBUG] Event: MouseMotion scene=reward
[DEBUG] Event: MouseMotion scene=reward
[DEBUG] Event: MouseMotion scene=reward
[DEBUG] Event: MouseMotion scene=reward
[DEBUG] frame=16200 scene=combat fps=59
[DEBUG] Event: MouseMotion scene=combat
[DEBUG] Event: MouseMotion scene=combat
[DEBUG] Event: MouseMotion scene=combat
[DEBUG] Event: MouseMotion scene=combat
[DEBUG] Event: MouseMotion scene=combat
[DEBUG] frame=16260 scene=combat fps=61
[DEBUG] Event: MouseMotion scene=combat
[DEBUG] Event: MouseMotion scene=combat
[DEBUG] Event: MouseMotion scene=combat
[DEBUG] Event: MouseMotion scene=combat
[DEBUG] frame=16320 scene=combat fps=60
[DEBUG] Event: MouseMotion scene=combat
[DEBUG] Event: MouseMotion scene=combat
[DEBUG] Event: MouseMotion scene=combat
[DEBUG] Event: MouseMotion scene=combat
[DEBUG] Event: MouseMotion scene=combat
[DEBUG] Event: MouseMotion scene=combat
[DEBUG] Event: MouseMotion scene=combat
[DEBUG] Event: MouseMotion scene=combat
[DEBUG] Event: MouseMotion scene=combat
[DEBUG] Event: MouseMotion scene=combat
[DEBUG] Event: MouseMotion scene=combat
[DEBUG] Event: MouseMotion scene=combat
[DEBUG] Event: MouseMotion scene=combat
[DEBUG] Event: MouseMotion scene=combat
[DEBUG] Event: MouseMotion scene=combat
[DEBUG] Event: MouseMotion scene=combat
[DEBUG] Event: MouseMotion scene=combat
[DEBUG] Event: MouseMotion scene=combat
[DEBUG] Event: MouseMotion scene=combat
[DEBUG] Event: MouseMotion scene=combat
[DEBUG] Event: KeyDown scene=combat
[DEBUG] Event: KeyUp scene=backpack
[DEBUG] Event: MouseMotion scene=backpack
[DEBUG] Event: MouseMotion scene=backpack
[DEBUG] Event: MouseMotion scene=backpack
[DEBUG] Event: MouseMotion scene=backpack
[DEBUG] Event: MouseMotion scene=backpack
[DEBUG] Event: MouseMotion scene=backpack
[DEBUG] Event: MouseMotion scene=backpack
[DEBUG] frame=16380 scene=backpack fps=60
[DEBUG] Event: MouseMotion scene=backpack
[DEBUG] Event: MouseMotion scene=backpack
[DEBUG] Event: MouseMotion scene=backpack
[DEBUG] Event: MouseMotion scene=backpack
[DEBUG] Event: MouseMotion scene=backpack
[DEBUG] Event: MouseMotion scene=backpack
[DEBUG] Event: MouseMotion scene=backpack
[DEBUG] Event: MouseMotion scene=backpack
[DEBUG] Event: MouseMotion scene=backpack
[DEBUG] Event: MouseMotion scene=backpack
[DEBUG] Event: MouseMotion scene=backpack
[DEBUG] Event: MouseMotion scene=backpack
[DEBUG] Event: MouseMotion scene=backpack
[DEBUG] Event: MouseMotion scene=backpack
[DEBUG] Event: MouseMotion scene=backpack
[DEBUG] Event: MouseMotion scene=backpack
[DEBUG] Event: MouseMotion scene=backpack
[DEBUG] Event: MouseMotion scene=backpack
[DEBUG] Event: MouseMotion scene=backpack
[DEBUG] Event: MouseMotion scene=backpack
[DEBUG] Event: MouseMotion scene=backpack
[DEBUG] Event: MouseMotion scene=backpack
[DEBUG] Event: MouseMotion scene=backpack
[DEBUG] Event: MouseMotion scene=backpack
[DEBUG] Event: MouseMotion scene=backpack
[DEBUG] Event: MouseMotion scene=backpack
[DEBUG] Event: MouseMotion scene=backpack
[DEBUG] Event: MouseMotion scene=backpack
[DEBUG] Event: MouseMotion scene=backpack
[DEBUG] Event: MouseMotion scene=backpack
[DEBUG] Event: MouseButtonDown scene=backpack
[DEBUG] Event: MouseButtonUp scene=backpack
[DEBUG] Event: MouseMotion scene=backpack
[DEBUG] Event: MouseMotion scene=backpack
[DEBUG] Event: MouseMotion scene=backpack
[DEBUG] Event: MouseMotion scene=backpack
[DEBUG] Event: MouseMotion scene=backpack
[DEBUG] Event: MouseMotion scene=backpack
[DEBUG] Event: MouseMotion scene=backpack
[DEBUG] Event: MouseMotion scene=backpack
[DEBUG] Event: MouseMotion scene=backpack
[DEBUG] Event: MouseMotion scene=backpack
[DEBUG] Event: MouseMotion scene=backpack
[DEBUG] Event: MouseMotion scene=backpack
[DEBUG] Event: MouseMotion scene=backpack
[DEBUG] Event: MouseMotion scene=backpack
[DEBUG] frame=16440 scene=backpack fps=60
[DEBUG] Event: MouseMotion scene=backpack
[DEBUG] Event: MouseMotion scene=backpack
[DEBUG] Event: MouseMotion scene=backpack
[DEBUG] Event: MouseMotion scene=backpack
[DEBUG] Event: MouseMotion scene=backpack
[DEBUG] Event: MouseMotion scene=backpack
[DEBUG] Event: MouseMotion scene=backpack
[DEBUG] Event: MouseButtonDown scene=backpack
[DEBUG] Event: MouseButtonUp scene=backpack
[DEBUG] Event: MouseMotion scene=backpack
[DEBUG] Event: MouseMotion scene=backpack
[DEBUG] Event: MouseMotion scene=backpack
[DEBUG] Event: KeyDown scene=backpack
[DEBUG] Event: MouseMotion scene=combat
[DEBUG] Event: MouseMotion scene=combat
[DEBUG] Event: MouseMotion scene=combat
[DEBUG] Event: MouseMotion scene=combat
[DEBUG] Event: MouseMotion scene=combat
[DEBUG] Event: KeyUp scene=combat
[DEBUG] Event: MouseMotion scene=combat
[DEBUG] Event: MouseMotion scene=combat
[DEBUG] Event: MouseMotion scene=combat
[DEBUG] Event: MouseMotion scene=combat
[DEBUG] Event: MouseMotion scene=combat
[DEBUG] Event: MouseMotion scene=combat
[DEBUG] Event: MouseMotion scene=combat
[DEBUG] Event: MouseMotion scene=combat
[DEBUG] Event: MouseMotion scene=combat
[DEBUG] Event: MouseMotion scene=combat
[DEBUG] Event: MouseMotion scene=combat
[DEBUG] Event: MouseMotion scene=combat
[DEBUG] frame=16500 scene=combat fps=61
[DEBUG] Event: MouseMotion scene=combat
[DEBUG] Event: MouseMotion scene=combat
[DEBUG] Event: MouseMotion scene=combat
[DEBUG] Event: KeyDown scene=combat
[DEBUG] Event: MouseMotion scene=combat
[DEBUG] Event: MouseMotion scene=combat
[DEBUG] Event: MouseMotion scene=combat
[DEBUG] Event: MouseMotion scene=combat
[DEBUG] Event: KeyDown scene=combat
[DEBUG] Event: KeyUp scene=combat
[DEBUG] Event: MouseMotion scene=combat
[DEBUG] Event: MouseMotion scene=combat
[DEBUG] Event: KeyUp scene=combat
[DEBUG] Event: MouseMotion scene=combat
[DEBUG] Event: MouseMotion scene=combat
[DEBUG] Event: MouseMotion scene=combat
[DEBUG] frame=16560 scene=combat fps=60
[DEBUG] Event: MouseMotion scene=combat
[DEBUG] Event: MouseMotion scene=combat
[DEBUG] Event: MouseMotion scene=combat
[DEBUG] Event: MouseMotion scene=combat
[DEBUG] Event: MouseMotion scene=combat
[DEBUG] Event: KeyDown scene=combat
[DEBUG] frame=16620 scene=combat fps=61
[DEBUG] Event: KeyUp scene=combat
[DEBUG] Event: KeyDown scene=combat
[DEBUG] Event: KeyUp scene=combat
[DEBUG] Event: KeyDown scene=combat
[DEBUG] Event: KeyUp scene=combat
[DEBUG] Event: KeyDown scene=combat
[DEBUG] Event: KeyUp scene=combat
[DEBUG] frame=16680 scene=combat fps=61
[DEBUG] frame=16740 scene=combat fps=60
[DEBUG] frame=16800 scene=combat fps=60
[DEBUG] frame=16860 scene=combat fps=61
[DEBUG] frame=16920 scene=combat fps=61
[DEBUG] frame=16980 scene=combat fps=61
[DEBUG] frame=17040 scene=combat fps=61
[DEBUG] frame=17100 scene=combat fps=60
[DEBUG] frame=17160 scene=combat fps=60
[DEBUG] frame=17220 scene=combat fps=60
[DEBUG] frame=17280 scene=combat fps=60
[DEBUG] frame=17340 scene=combat fps=60
[DEBUG] frame=17400 scene=combat fps=60
[DEBUG] frame=17460 scene=combat fps=61
[DEBUG] frame=17520 scene=combat fps=61
[DEBUG] frame=17580 scene=combat fps=60
[DEBUG] frame=17640 scene=combat fps=60
[DEBUG] frame=17700 scene=combat fps=60
[DEBUG] frame=17760 scene=combat fps=60
[DEBUG] frame=17820 scene=combat fps=60
[DEBUG] frame=17880 scene=combat fps=60
[DEBUG] frame=17940 scene=combat fps=60
[DEBUG] frame=18000 scene=combat fps=61
[DEBUG] frame=18060 scene=combat fps=59
[DEBUG] frame=18120 scene=combat fps=60
[DEBUG] frame=18180 scene=combat fps=60
[DEBUG] frame=18240 scene=combat fps=60
[DEBUG] frame=18300 scene=combat fps=60
[DEBUG] frame=18360 scene=combat fps=61
[DEBUG] frame=18420 scene=combat fps=61
[DEBUG] frame=18480 scene=combat fps=60
[DEBUG] frame=18540 scene=combat fps=60
[DEBUG] frame=18600 scene=combat fps=60
[DEBUG] Event: MouseMotion scene=combat
[DEBUG] Event: MouseMotion scene=combat
[DEBUG] Event: MouseMotion scene=combat
[DEBUG] Event: MouseMotion scene=combat
[DEBUG] Event: MouseMotion scene=combat
[DEBUG] Event: MouseMotion scene=combat
[DEBUG] Event: MouseMotion scene=combat
[DEBUG] frame=18660 scene=combat fps=60
[DEBUG] Event: MouseMotion scene=combat
[DEBUG] Event: MouseMotion scene=combat
[DEBUG] Event: MouseMotion scene=combat
[DEBUG] Event: MouseMotion scene=combat
[DEBUG] Event: MouseMotion scene=combat
[DEBUG] Event: MouseMotion scene=combat
[DEBUG] Event: MouseMotion scene=combat
[DEBUG] Event: MouseMotion scene=combat
[DEBUG] Event: MouseMotion scene=combat
[DEBUG] Event: MouseMotion scene=combat
[DEBUG] Event: MouseMotion scene=combat
[DEBUG] Event: MouseMotion scene=combat
[DEBUG] Event: MouseMotion scene=combat
[DEBUG] Event: MouseMotion scene=combat
[DEBUG] Event: MouseMotion scene=combat
[DEBUG] Event: MouseMotion scene=combat
[DEBUG] Event: MouseMotion scene=combat
[DEBUG] Event: MouseMotion scene=combat
[DEBUG] Event: MouseMotion scene=combat
[DEBUG] Event: MouseMotion scene=combat
[DEBUG] Event: MouseMotion scene=combat
[DEBUG] Event: MouseMotion scene=combat
[DEBUG] Event: MouseMotion scene=combat
[DEBUG] Event: MouseMotion scene=combat
[DEBUG] Event: MouseMotion scene=combat
[DEBUG] Event: MouseMotion scene=combat
[DEBUG] Event: MouseMotion scene=combat
[DEBUG] Event: MouseMotion scene=combat
[DEBUG] Event: MouseMotion scene=combat
[DEBUG] Event: MouseMotion scene=combat
[DEBUG] Event: MouseMotion scene=combat
[DEBUG] Event: KeyDown scene=combat
[DEBUG] Event: MouseMotion scene=combat
[DEBUG] Event: MouseMotion scene=combat
[DEBUG] Event: MouseMotion scene=combat
[DEBUG] Event: MouseMotion scene=combat
[DEBUG] Event: MouseMotion scene=combat
[DEBUG] Event: MouseMotion scene=combat
[DEBUG] Event: MouseMotion scene=combat
[DEBUG] Event: MouseMotion scene=combat
[DEBUG] Event: MouseMotion scene=combat
[DEBUG] Event: MouseMotion scene=combat
[DEBUG] Event: MouseMotion scene=combat
[DEBUG] frame=18720 scene=combat fps=60
[DEBUG] Event: MouseMotion scene=combat
[DEBUG] Event: MouseMotion scene=combat
[DEBUG] Event: MouseMotion scene=combat
[DEBUG] Event: MouseMotion scene=combat
[DEBUG] Event: MouseMotion scene=combat
[DEBUG] Event: MouseMotion scene=combat
[DEBUG] Event: MouseMotion scene=combat
[DEBUG] Event: MouseMotion scene=combat
[DEBUG] Event: MouseMotion scene=combat
[DEBUG] Event: MouseMotion scene=combat
[DEBUG] Event: KeyUp scene=combat
[DEBUG] Event: MouseMotion scene=combat
[DEBUG] Event: MouseMotion scene=combat
[DEBUG] Event: MouseMotion scene=combat
[DEBUG] Event: MouseMotion scene=combat
[DEBUG] Event: MouseMotion scene=combat
[DEBUG] Event: MouseMotion scene=combat
[DEBUG] Event: MouseMotion scene=combat
[DEBUG] Event: MouseMotion scene=combat
[DEBUG] Event: MouseMotion scene=combat
[DEBUG] Event: MouseMotion scene=combat
[DEBUG] Event: MouseMotion scene=combat
[DEBUG] Event: MouseMotion scene=combat
[DEBUG] Event: MouseMotion scene=combat
[DEBUG] Event: MouseMotion scene=combat
[DEBUG] Event: MouseMotion scene=combat
[DEBUG] Event: MouseMotion scene=combat
[DEBUG] Event: MouseMotion scene=combat
[DEBUG] Event: MouseMotion scene=combat
[DEBUG] Event: MouseMotion scene=combat
[DEBUG] Event: MouseMotion scene=combat
[DEBUG] Event: MouseMotion scene=combat
[DEBUG] Event: MouseMotion scene=combat
[DEBUG] Event: MouseMotion scene=combat
[DEBUG] Event: MouseMotion scene=combat
[DEBUG] Event: MouseMotion scene=combat
[DEBUG] Event: MouseMotion scene=combat
[DEBUG] Event: MouseMotion scene=combat
[DEBUG] Event: MouseMotion scene=combat
[DEBUG] Event: MouseMotion scene=combat
[DEBUG] Event: MouseMotion scene=combat
[DEBUG] Event: MouseMotion scene=combat
[DEBUG] Event: MouseMotion scene=combat
[DEBUG] frame=18780 scene=combat fps=59
[DEBUG] Event: MouseMotion scene=combat
[DEBUG] Event: MouseMotion scene=combat
[DEBUG] Event: KeyDown scene=combat
[DEBUG] Event: MouseMotion scene=combat
[DEBUG] Event: MouseMotion scene=combat
[DEBUG] Event: MouseMotion scene=combat
[DEBUG] Event: MouseMotion scene=combat
[DEBUG] Event: MouseMotion scene=combat
[DEBUG] Event: MouseMotion scene=combat
[DEBUG] Event: MouseMotion scene=combat
[DEBUG] Event: MouseMotion scene=combat
[DEBUG] Event: MouseMotion scene=combat
[DEBUG] Event: MouseMotion scene=combat
[DEBUG] Event: MouseMotion scene=combat
[DEBUG] Event: MouseMotion scene=combat
[DEBUG] Event: KeyUp scene=combat
[DEBUG] Event: KeyDown scene=combat
[DEBUG] Event: MouseMotion scene=combat
[DEBUG] Event: MouseMotion scene=combat
[DEBUG] Event: MouseMotion scene=combat
[DEBUG] Event: MouseMotion scene=combat
[DEBUG] Event: MouseMotion scene=combat
[DEBUG] Event: MouseMotion scene=combat
[DEBUG] Event: MouseMotion scene=combat
[DEBUG] Event: MouseMotion scene=combat
[DEBUG] Event: MouseMotion scene=combat
[DEBUG] Event: MouseMotion scene=combat
[DEBUG] Event: MouseMotion scene=combat
[DEBUG] Event: MouseMotion scene=combat
[DEBUG] Event: MouseMotion scene=combat
[DEBUG] Event: MouseMotion scene=combat
[DEBUG] Event: MouseMotion scene=combat
[DEBUG] Event: MouseMotion scene=combat
[DEBUG] Event: KeyDown scene=combat
[DEBUG] Event: MouseMotion scene=combat
[DEBUG] Event: MouseMotion scene=combat
[DEBUG] Event: KeyUp scene=combat
[DEBUG] Event: MouseMotion scene=combat
[DEBUG] Event: MouseMotion scene=combat
[DEBUG] Event: MouseMotion scene=combat
[DEBUG] Event: MouseMotion scene=combat
[DEBUG] Event: MouseMotion scene=combat
[DEBUG] Event: MouseMotion scene=combat
[DEBUG] Event: MouseMotion scene=combat
[DEBUG] Event: MouseMotion scene=combat
[DEBUG] Event: MouseMotion scene=combat
[DEBUG] Event: MouseMotion scene=combat
[DEBUG] Event: MouseMotion scene=combat
[DEBUG] Event: MouseMotion scene=combat
[DEBUG] frame=18840 scene=combat fps=60
[DEBUG] Event: KeyUp scene=combat
[DEBUG] Event: MouseMotion scene=combat
[DEBUG] Event: MouseMotion scene=combat
[DEBUG] Event: MouseMotion scene=combat
[DEBUG] Event: MouseMotion scene=combat
[DEBUG] Event: MouseMotion scene=combat
[DEBUG] Event: MouseMotion scene=combat
[DEBUG] Event: MouseMotion scene=combat
[DEBUG] Event: MouseButtonDown scene=combat
[DEBUG] Event: MouseMotion scene=combat
[DEBUG] Event: MouseButtonUp scene=combat
[DEBUG] Event: MouseMotion scene=combat
[DEBUG] Event: MouseMotion scene=combat
[DEBUG] Event: MouseMotion scene=combat
[DEBUG] Event: MouseMotion scene=combat
[DEBUG] Event: MouseMotion scene=combat
[DEBUG] Event: MouseMotion scene=combat
[DEBUG] Event: MouseMotion scene=combat
[DEBUG] Event: MouseMotion scene=combat
[DEBUG] Event: MouseMotion scene=combat
[DEBUG] Event: MouseMotion scene=combat
[DEBUG] Event: MouseMotion scene=combat
[DEBUG] Event: MouseMotion scene=combat
[DEBUG] Event: MouseMotion scene=combat
[DEBUG] Event: MouseMotion scene=combat
[DEBUG] Event: MouseMotion scene=combat
[DEBUG] Event: MouseMotion scene=combat
[DEBUG] Event: MouseMotion scene=combat
[DEBUG] Event: MouseMotion scene=combat
[DEBUG] Event: MouseMotion scene=combat
[DEBUG] Event: MouseMotion scene=combat
[DEBUG] Event: MouseMotion scene=combat
[DEBUG] Event: MouseMotion scene=combat
[DEBUG] Event: MouseMotion scene=combat
[DEBUG] Event: MouseMotion scene=combat
[DEBUG] frame=18900 scene=combat fps=61
[DEBUG] Event: MouseMotion scene=combat
[DEBUG] Event: MouseMotion scene=combat
[DEBUG] Event: MouseMotion scene=combat
[DEBUG] Event: MouseMotion scene=combat
[DEBUG] Event: MouseMotion scene=combat
[DEBUG] Event: MouseMotion scene=combat
[DEBUG] Event: MouseMotion scene=combat
[DEBUG] Event: MouseMotion scene=combat
[DEBUG] Event: MouseMotion scene=combat
[DEBUG] Event: MouseMotion scene=combat
[DEBUG] Event: MouseMotion scene=combat
[DEBUG] Event: MouseMotion scene=combat
[DEBUG] Event: MouseMotion scene=combat
[DEBUG] Event: MouseMotion scene=combat
[DEBUG] Event: MouseButtonDown scene=combat
[DEBUG] Event: MouseButtonUp scene=combat
[DEBUG] Event: MouseMotion scene=combat
[DEBUG] Event: MouseMotion scene=combat
[DEBUG] Event: MouseMotion scene=combat
[DEBUG] Event: MouseMotion scene=combat
[DEBUG] Event: MouseMotion scene=combat
[DEBUG] Event: MouseMotion scene=combat
[DEBUG] Event: MouseMotion scene=combat
[DEBUG] Event: KeyDown scene=combat
[DEBUG] Event: MouseMotion scene=combat
[DEBUG] Event: MouseMotion scene=combat
[DEBUG] Event: MouseMotion scene=combat
[DEBUG] Event: MouseMotion scene=combat
[DEBUG] Event: MouseMotion scene=combat
[DEBUG] Event: MouseMotion scene=combat
[DEBUG] Event: MouseMotion scene=combat
[DEBUG] Event: MouseMotion scene=combat
[DEBUG] frame=18960 scene=combat fps=61
[DEBUG] Event: MouseMotion scene=combat
[DEBUG] Event: MouseMotion scene=combat
[DEBUG] Event: MouseMotion scene=combat
[DEBUG] Event: MouseMotion scene=combat
[DEBUG] Event: KeyDown scene=combat
[DEBUG] Event: MouseMotion scene=combat
[DEBUG] Event: MouseMotion scene=combat
[DEBUG] Event: MouseMotion scene=combat
[DEBUG] Event: MouseMotion scene=combat
[DEBUG] Event: MouseMotion scene=combat
[DEBUG] Event: KeyUp scene=combat
[DEBUG] Event: MouseMotion scene=combat
[DEBUG] Event: MouseMotion scene=combat
[DEBUG] Event: MouseMotion scene=combat
[DEBUG] Event: MouseMotion scene=combat
[DEBUG] Event: MouseMotion scene=combat
[DEBUG] Event: MouseMotion scene=combat
[DEBUG] Event: MouseMotion scene=combat
[DEBUG] Event: KeyDown scene=combat
[DEBUG] Event: MouseMotion scene=combat
[DEBUG] Event: MouseMotion scene=combat
[DEBUG] Event: KeyUp scene=combat
[DEBUG] Event: MouseMotion scene=combat
[DEBUG] Event: MouseMotion scene=combat
[DEBUG] Event: MouseButtonDown scene=combat
[DEBUG] Event: MouseMotion scene=combat
[DEBUG] Event: MouseMotion scene=combat
[DEBUG] Event: MouseMotion scene=combat
[DEBUG] Event: MouseMotion scene=combat
[DEBUG] Event: MouseMotion scene=combat
[DEBUG] Event: KeyUp scene=combat
[DEBUG] Event: MouseMotion scene=combat
[DEBUG] Event: MouseButtonUp scene=combat
[DEBUG] Event: MouseMotion scene=combat
[DEBUG] Event: MouseMotion scene=combat
[DEBUG] Event: MouseMotion scene=combat
[DEBUG] Event: MouseMotion scene=combat
[DEBUG] Event: MouseMotion scene=combat
[DEBUG] Event: MouseMotion scene=combat
[DEBUG] Event: MouseMotion scene=combat
[DEBUG] Event: MouseMotion scene=combat
[DEBUG] Event: MouseMotion scene=combat
[DEBUG] Event: MouseButtonDown scene=combat
[DEBUG] Event: KeyDown scene=combat
[DEBUG] Event: MouseMotion scene=combat
[DEBUG] Event: MouseMotion scene=combat
[DEBUG] Event: MouseButtonUp scene=combat
[DEBUG] Event: MouseMotion scene=combat
[DEBUG] Event: MouseMotion scene=combat
[DEBUG] Event: MouseMotion scene=combat
[DEBUG] Event: MouseMotion scene=combat
[DEBUG] Event: MouseMotion scene=combat
[DEBUG] Event: MouseMotion scene=combat
[DEBUG] frame=19020 scene=combat fps=61
[DEBUG] Event: MouseMotion scene=combat
[DEBUG] Event: MouseMotion scene=combat
[DEBUG] Event: MouseMotion scene=combat
[DEBUG] Event: MouseMotion scene=combat
[DEBUG] Event: MouseMotion scene=combat
[DEBUG] Event: MouseMotion scene=combat
[DEBUG] Event: MouseMotion scene=combat
[DEBUG] Event: KeyUp scene=combat
[DEBUG] Event: MouseMotion scene=combat
[DEBUG] Event: MouseMotion scene=combat
[DEBUG] Event: MouseMotion scene=combat
[DEBUG] Event: MouseMotion scene=combat
[DEBUG] Event: MouseMotion scene=combat
[DEBUG] Event: MouseMotion scene=combat
[DEBUG] Event: MouseMotion scene=combat
[DEBUG] Event: MouseMotion scene=combat
[DEBUG] Event: MouseMotion scene=combat
[DEBUG] Event: MouseMotion scene=combat
[DEBUG] Event: MouseMotion scene=combat
[DEBUG] Event: MouseMotion scene=combat
[DEBUG] Event: MouseMotion scene=combat
[DEBUG] Event: MouseMotion scene=combat
[DEBUG] Event: MouseMotion scene=combat
[DEBUG] Event: MouseMotion scene=combat
[DEBUG] Event: MouseMotion scene=combat
[DEBUG] Event: MouseMotion scene=combat
[DEBUG] Event: MouseMotion scene=combat
[DEBUG] Event: MouseMotion scene=combat
[DEBUG] Event: MouseMotion scene=combat
[DEBUG] Event: MouseMotion scene=combat
[DEBUG] Event: MouseMotion scene=combat
[DEBUG] Event: MouseButtonDown scene=combat
[DEBUG] Event: MouseMotion scene=combat
[DEBUG] Event: KeyDown scene=combat
[DEBUG] Event: MouseMotion scene=combat
[DEBUG] Event: MouseMotion scene=combat
[DEBUG] Event: MouseMotion scene=combat
[DEBUG] Event: MouseButtonUp scene=combat
[DEBUG] Event: MouseMotion scene=combat
[DEBUG] Event: MouseMotion scene=combat
[DEBUG] Event: MouseMotion scene=combat
[DEBUG] Event: MouseMotion scene=combat
[DEBUG] Event: MouseMotion scene=combat
[DEBUG] Event: KeyUp scene=combat
[DEBUG] Event: MouseMotion scene=combat
[DEBUG] Event: MouseMotion scene=combat
[DEBUG] Event: MouseMotion scene=combat
[DEBUG] Event: MouseMotion scene=combat
[DEBUG] Event: MouseMotion scene=combat
[DEBUG] Event: KeyDown scene=combat
[DEBUG] Event: MouseMotion scene=combat
[DEBUG] Event: MouseMotion scene=combat
[DEBUG] Event: MouseMotion scene=combat
[DEBUG] Event: MouseMotion scene=combat
[DEBUG] Event: MouseMotion scene=combat
[DEBUG] frame=19080 scene=combat fps=61
[DEBUG] Event: MouseMotion scene=combat
[DEBUG] Event: MouseMotion scene=combat
[DEBUG] Event: MouseMotion scene=combat
[DEBUG] Event: MouseMotion scene=combat
[DEBUG] Event: MouseMotion scene=combat
[DEBUG] Event: MouseMotion scene=combat
[DEBUG] Event: MouseMotion scene=combat
[DEBUG] Event: MouseMotion scene=combat
[DEBUG] Event: KeyDown scene=combat
[DEBUG] Event: MouseMotion scene=combat
[DEBUG] Event: MouseMotion scene=combat
[DEBUG] Event: MouseMotion scene=combat
[DEBUG] Event: MouseMotion scene=combat
[DEBUG] Event: MouseMotion scene=combat
[DEBUG] Event: MouseMotion scene=combat
[DEBUG] Event: MouseMotion scene=combat
[DEBUG] Event: MouseMotion scene=combat
[DEBUG] Event: MouseMotion scene=combat
[DEBUG] Event: MouseMotion scene=combat
[DEBUG] Event: MouseMotion scene=combat
[DEBUG] Event: MouseMotion scene=combat
[DEBUG] Event: MouseMotion scene=combat
[DEBUG] Event: MouseMotion scene=combat
[DEBUG] Event: MouseMotion scene=combat
[DEBUG] Event: MouseMotion scene=combat
[DEBUG] Event: MouseMotion scene=combat
[DEBUG] Event: MouseMotion scene=combat
[DEBUG] Event: KeyUp scene=combat
[DEBUG] Event: KeyUp scene=combat
[DEBUG] Event: MouseButtonDown scene=combat
[DEBUG] Event: MouseMotion scene=combat
[DEBUG] Event: MouseMotion scene=combat
[DEBUG] Event: MouseButtonUp scene=combat
[DEBUG] Event: MouseMotion scene=combat
[DEBUG] Event: MouseMotion scene=combat
[DEBUG] Event: MouseMotion scene=combat
[DEBUG] Event: MouseMotion scene=combat
[DEBUG] Event: MouseMotion scene=combat
[DEBUG] Event: MouseMotion scene=combat
[DEBUG] Event: MouseMotion scene=combat
[DEBUG] Event: MouseMotion scene=combat
[DEBUG] Event: MouseMotion scene=combat
[DEBUG] Event: MouseMotion scene=combat
[DEBUG] Event: MouseMotion scene=combat
[DEBUG] Event: MouseMotion scene=combat
[DEBUG] Event: MouseMotion scene=combat
[DEBUG] frame=19140 scene=combat fps=60
[DEBUG] Event: MouseMotion scene=combat
[DEBUG] Event: MouseMotion scene=combat
[DEBUG] Event: MouseMotion scene=combat
[DEBUG] Event: MouseMotion scene=combat
[DEBUG] Event: MouseMotion scene=combat
[DEBUG] Event: MouseMotion scene=combat
[DEBUG] Event: MouseMotion scene=combat
[DEBUG] Event: MouseMotion scene=combat
[DEBUG] Event: MouseMotion scene=combat
[DEBUG] Event: MouseMotion scene=combat
[DEBUG] Event: MouseMotion scene=combat
[DEBUG] Event: MouseMotion scene=combat
[DEBUG] Event: MouseMotion scene=combat
[DEBUG] Event: MouseMotion scene=combat
[DEBUG] Event: MouseMotion scene=combat
[DEBUG] Event: MouseMotion scene=combat
[DEBUG] Event: MouseMotion scene=combat
[DEBUG] Event: MouseMotion scene=combat
[DEBUG] Event: MouseMotion scene=combat
[DEBUG] Event: MouseMotion scene=combat
[DEBUG] Event: MouseMotion scene=combat
[DEBUG] Event: KeyDown scene=combat
[DEBUG] Event: MouseMotion scene=combat
[DEBUG] Event: MouseMotion scene=combat
[DEBUG] Event: MouseMotion scene=combat
[DEBUG] Event: MouseMotion scene=combat
[DEBUG] Event: MouseMotion scene=combat
[DEBUG] Event: MouseMotion scene=combat
[DEBUG] Event: MouseButtonDown scene=combat
[DEBUG] Event: KeyUp scene=combat
[DEBUG] Event: MouseMotion scene=combat
[DEBUG] Event: MouseMotion scene=combat
[DEBUG] Event: MouseMotion scene=combat
[DEBUG] Event: MouseMotion scene=combat
[DEBUG] Event: MouseButtonUp scene=combat
[DEBUG] Event: MouseMotion scene=combat
[DEBUG] Event: MouseMotion scene=combat
[DEBUG] Event: MouseMotion scene=combat
[DEBUG] Event: MouseMotion scene=combat
[DEBUG] Event: MouseButtonDown scene=combat
[DEBUG] Event: KeyDown scene=combat
[DEBUG] Event: MouseMotion scene=combat
[DEBUG] Event: MouseMotion scene=combat
[DEBUG] frame=19200 scene=combat fps=61
[DEBUG] Event: KeyUp scene=combat
[DEBUG] Event: KeyDown scene=combat
[DEBUG] Event: MouseButtonUp scene=combat
[DEBUG] Event: MouseMotion scene=combat
[DEBUG] Event: MouseMotion scene=combat
[DEBUG] Event: MouseMotion scene=combat
[DEBUG] Event: MouseMotion scene=combat
[DEBUG] Event: MouseMotion scene=combat
[DEBUG] Event: MouseMotion scene=combat
[DEBUG] Event: MouseMotion scene=combat
[DEBUG] Event: KeyDown scene=combat
[DEBUG] Event: MouseMotion scene=combat
[DEBUG] Event: MouseMotion scene=combat
[DEBUG] Event: MouseMotion scene=combat
[DEBUG] Event: MouseMotion scene=combat
[DEBUG] Event: MouseMotion scene=combat
[DEBUG] Event: MouseMotion scene=combat
[DEBUG] Event: MouseMotion scene=combat
[DEBUG] Event: MouseMotion scene=combat
[DEBUG] Event: MouseMotion scene=combat
[DEBUG] Event: MouseMotion scene=combat
[DEBUG] Event: MouseMotion scene=combat
[DEBUG] Event: MouseMotion scene=combat
[DEBUG] Event: KeyUp scene=combat
[DEBUG] Event: MouseMotion scene=combat
[DEBUG] Event: MouseMotion scene=combat
[DEBUG] Event: MouseMotion scene=combat
[DEBUG] Event: MouseMotion scene=combat
[DEBUG] Event: MouseMotion scene=combat
[DEBUG] Event: MouseButtonDown scene=combat
[DEBUG] Event: MouseMotion scene=combat
[DEBUG] Event: MouseMotion scene=combat
[DEBUG] Event: MouseMotion scene=combat
[DEBUG] Event: MouseMotion scene=combat
[DEBUG] Event: MouseMotion scene=combat
[DEBUG] Event: MouseMotion scene=combat
[DEBUG] Event: MouseMotion scene=combat
[DEBUG] Event: MouseButtonUp scene=combat
[DEBUG] Event: MouseMotion scene=combat
[DEBUG] Event: KeyDown scene=combat
[DEBUG] Event: MouseButtonDown scene=combat
[DEBUG] Event: MouseMotion scene=combat
[DEBUG] Event: MouseMotion scene=combat
[DEBUG] frame=19260 scene=combat fps=60
[DEBUG] Event: KeyUp scene=combat
[DEBUG] Event: MouseMotion scene=combat
[DEBUG] Event: MouseMotion scene=combat
[DEBUG] Event: MouseMotion scene=combat
[DEBUG] Event: MouseMotion scene=combat
[DEBUG] Event: MouseMotion scene=combat
[DEBUG] Event: MouseMotion scene=combat
[DEBUG] Event: KeyUp scene=combat
[DEBUG] Event: MouseMotion scene=combat
[DEBUG] Event: MouseMotion scene=combat
[DEBUG] Event: MouseButtonUp scene=combat
[DEBUG] Event: MouseMotion scene=combat
[DEBUG] Event: MouseButtonDown scene=combat
[DEBUG] Event: MouseMotion scene=combat
[DEBUG] Event: MouseButtonUp scene=combat
[DEBUG] Event: MouseMotion scene=combat
[DEBUG] Event: MouseMotion scene=combat
[DEBUG] Event: MouseMotion scene=combat
[DEBUG] Event: MouseMotion scene=combat
[DEBUG] Event: MouseMotion scene=combat
[DEBUG] Event: MouseMotion scene=combat
[DEBUG] Event: MouseMotion scene=combat
[DEBUG] Event: MouseMotion scene=combat
[DEBUG] Event: MouseMotion scene=combat
[DEBUG] Event: MouseMotion scene=combat
[DEBUG] Event: MouseMotion scene=combat
[DEBUG] Event: KeyDown scene=combat
[DEBUG] Event: MouseMotion scene=combat
[DEBUG] Event: MouseMotion scene=combat
[DEBUG] Event: MouseMotion scene=combat
[DEBUG] Event: MouseMotion scene=combat
[DEBUG] Event: MouseMotion scene=combat
[DEBUG] Event: MouseMotion scene=combat
[DEBUG] Event: MouseMotion scene=combat
[DEBUG] Event: MouseMotion scene=combat
[DEBUG] Event: MouseMotion scene=combat
[DEBUG] Event: MouseMotion scene=combat
[DEBUG] Event: MouseMotion scene=combat
[DEBUG] Event: MouseMotion scene=combat
[DEBUG] Event: KeyDown scene=combat
[DEBUG] Event: MouseMotion scene=combat
[DEBUG] Event: MouseMotion scene=combat
[DEBUG] Event: MouseMotion scene=combat
[DEBUG] Event: MouseMotion scene=combat
[DEBUG] Event: MouseButtonDown scene=combat
[DEBUG] Event: MouseMotion scene=combat
[DEBUG] Event: MouseMotion scene=combat
[DEBUG] Event: MouseMotion scene=combat
[DEBUG] Event: MouseButtonUp scene=combat
[DEBUG] Event: MouseMotion scene=combat
[DEBUG] Event: KeyDown scene=combat
[DEBUG] frame=19320 scene=combat fps=60
[DEBUG] Event: KeyUp scene=combat
[DEBUG] Event: MouseMotion scene=combat
[DEBUG] Event: MouseMotion scene=combat
[DEBUG] Event: MouseMotion scene=combat
[DEBUG] Event: MouseMotion scene=combat
[DEBUG] Event: MouseButtonDown scene=combat
[DEBUG] Event: MouseButtonUp scene=combat
[DEBUG] Event: MouseMotion scene=combat
[DEBUG] Event: MouseMotion scene=combat
[DEBUG] Event: MouseMotion scene=combat
[DEBUG] Event: MouseMotion scene=combat
[DEBUG] Event: MouseButtonDown scene=combat
[DEBUG] Event: KeyUp scene=combat
[DEBUG] Event: MouseButtonUp scene=combat
[DEBUG] Event: MouseMotion scene=combat
[DEBUG] Event: KeyDown scene=combat
[DEBUG] Event: MouseButtonDown scene=combat
[DEBUG] Event: KeyUp scene=combat
[DEBUG] Event: MouseButtonUp scene=combat
[DEBUG] Event: MouseMotion scene=combat
[DEBUG] Event: MouseMotion scene=combat
[DEBUG] Event: MouseMotion scene=combat
[DEBUG] Event: MouseMotion scene=combat
[DEBUG] Event: MouseMotion scene=combat
[DEBUG] Event: MouseMotion scene=combat
[DEBUG] Event: MouseMotion scene=combat
[DEBUG] Event: MouseMotion scene=combat
[DEBUG] Event: MouseMotion scene=combat
[DEBUG] Event: MouseMotion scene=combat
[DEBUG] Event: MouseMotion scene=combat
[DEBUG] Event: MouseMotion scene=combat
[DEBUG] Event: MouseButtonDown scene=combat
[DEBUG] Event: MouseMotion scene=combat
[DEBUG] Event: MouseMotion scene=combat
[DEBUG] Event: MouseMotion scene=combat
[DEBUG] Event: MouseMotion scene=combat
[DEBUG] Event: MouseMotion scene=combat
[DEBUG] Event: MouseButtonUp scene=combat
[DEBUG] Event: MouseMotion scene=combat
[DEBUG] frame=19380 scene=combat fps=60
[DEBUG] Event: MouseMotion scene=combat
[DEBUG] Event: MouseMotion scene=combat
[DEBUG] Event: MouseMotion scene=combat
[DEBUG] Event: MouseMotion scene=combat
[DEBUG] Event: MouseMotion scene=combat
[DEBUG] Event: MouseMotion scene=combat
[DEBUG] Event: KeyDown scene=combat
[DEBUG] Event: MouseMotion scene=combat
[DEBUG] Event: MouseMotion scene=combat
[DEBUG] Event: KeyUp scene=combat
[DEBUG] Event: MouseMotion scene=combat
[DEBUG] Event: MouseButtonDown scene=combat
[DEBUG] Event: KeyDown scene=combat
[DEBUG] Event: MouseButtonUp scene=combat
[DEBUG] Event: MouseMotion scene=combat
[DEBUG] Event: MouseMotion scene=combat
[DEBUG] Event: MouseMotion scene=combat
[DEBUG] Event: MouseMotion scene=combat
[DEBUG] Event: MouseMotion scene=combat
[DEBUG] Event: MouseMotion scene=combat
[DEBUG] Event: MouseMotion scene=combat
[DEBUG] Event: MouseButtonDown scene=combat
[DEBUG] Event: MouseMotion scene=combat
[DEBUG] Event: MouseMotion scene=combat
[DEBUG] Event: MouseMotion scene=combat
[DEBUG] Event: MouseMotion scene=combat
[DEBUG] Event: MouseButtonUp scene=combat
[DEBUG] Event: MouseMotion scene=combat
[DEBUG] Event: MouseMotion scene=combat
[DEBUG] Event: MouseMotion scene=combat
[DEBUG] Event: MouseMotion scene=combat
[DEBUG] Event: MouseMotion scene=combat
[DEBUG] Event: MouseButtonDown scene=combat
[DEBUG] Event: MouseMotion scene=combat
[DEBUG] Event: MouseMotion scene=combat
[DEBUG] Event: MouseMotion scene=combat
[DEBUG] Event: MouseMotion scene=combat
[DEBUG] Event: MouseButtonUp scene=combat
[DEBUG] Event: MouseMotion scene=combat
[DEBUG] Event: MouseMotion scene=combat
[DEBUG] Event: MouseMotion scene=combat
[DEBUG] Event: MouseMotion scene=combat
[DEBUG] Event: MouseMotion scene=combat
[DEBUG] Event: MouseMotion scene=combat
[DEBUG] Event: MouseButtonDown scene=combat
[DEBUG] Event: MouseMotion scene=combat
[DEBUG] Event: MouseMotion scene=combat
[DEBUG] Event: KeyUp scene=combat
[DEBUG] Event: MouseMotion scene=combat
[DEBUG] Event: MouseMotion scene=combat
[DEBUG] Event: MouseMotion scene=combat
[DEBUG] Event: MouseButtonUp scene=combat
[DEBUG] Event: MouseMotion scene=combat
[DEBUG] Event: MouseMotion scene=combat
[DEBUG] Event: MouseMotion scene=combat
[DEBUG] Event: MouseMotion scene=combat
[DEBUG] Event: MouseMotion scene=combat
[DEBUG] Event: MouseMotion scene=combat
[DEBUG] Event: MouseMotion scene=combat
[DEBUG] Event: MouseMotion scene=combat
[DEBUG] Event: MouseMotion scene=combat
[DEBUG] Event: MouseMotion scene=combat
[DEBUG] Event: MouseMotion scene=combat
[DEBUG] Event: KeyUp scene=combat
[DEBUG] Event: MouseMotion scene=combat
[DEBUG] Event: MouseMotion scene=combat
[DEBUG] Event: MouseMotion scene=combat
[DEBUG] Event: MouseMotion scene=combat
[DEBUG] Event: MouseMotion scene=combat
[DEBUG] frame=19440 scene=combat fps=61
[DEBUG] Event: MouseMotion scene=combat
[DEBUG] Event: MouseMotion scene=combat
[DEBUG] Event: MouseMotion scene=combat
[DEBUG] Event: MouseMotion scene=combat
[DEBUG] Event: KeyDown scene=combat
[DEBUG] Event: MouseMotion scene=combat
[DEBUG] Event: MouseButtonDown scene=combat
[DEBUG] Event: MouseMotion scene=combat
[DEBUG] Event: MouseMotion scene=combat
[DEBUG] Event: MouseMotion scene=combat
[DEBUG] Event: MouseMotion scene=combat
[DEBUG] Event: MouseMotion scene=combat
[DEBUG] Event: MouseMotion scene=combat
[DEBUG] Event: MouseButtonUp scene=combat
[DEBUG] Event: MouseMotion scene=combat
[DEBUG] Event: MouseMotion scene=combat
[DEBUG] Event: MouseMotion scene=combat
[DEBUG] Event: MouseMotion scene=combat
[DEBUG] Event: MouseMotion scene=combat
[DEBUG] Event: MouseMotion scene=combat
[DEBUG] Event: MouseMotion scene=combat
[DEBUG] Event: MouseMotion scene=combat
[DEBUG] Event: MouseMotion scene=combat
[DEBUG] Event: MouseMotion scene=combat
[DEBUG] Event: MouseMotion scene=combat
[DEBUG] Event: MouseMotion scene=combat
[DEBUG] Event: MouseMotion scene=combat
[DEBUG] Event: MouseMotion scene=combat
[DEBUG] Event: MouseMotion scene=combat
[DEBUG] Event: MouseMotion scene=combat
[DEBUG] Event: MouseMotion scene=combat
[DEBUG] Event: MouseMotion scene=combat
[DEBUG] Event: MouseMotion scene=combat
[DEBUG] Event: MouseMotion scene=combat
[DEBUG] Event: MouseMotion scene=combat
[DEBUG] Event: MouseMotion scene=combat
[DEBUG] Event: MouseMotion scene=combat
[DEBUG] Event: MouseMotion scene=combat
[DEBUG] Event: MouseMotion scene=combat
[DEBUG] Event: MouseMotion scene=combat
[DEBUG] Event: MouseMotion scene=combat
[DEBUG] Event: MouseMotion scene=combat
[DEBUG] Event: MouseMotion scene=combat
[DEBUG] Event: MouseMotion scene=combat
[DEBUG] Event: MouseMotion scene=combat
[DEBUG] Event: MouseMotion scene=combat
[DEBUG] Event: MouseMotion scene=combat
[DEBUG] Event: MouseMotion scene=combat
[DEBUG] Event: MouseMotion scene=combat
[DEBUG] Event: MouseMotion scene=combat
[DEBUG] Event: MouseMotion scene=combat
[DEBUG] Event: MouseMotion scene=combat
[DEBUG] Event: MouseMotion scene=combat
[DEBUG] Event: MouseMotion scene=combat
[DEBUG] Event: MouseMotion scene=combat
[DEBUG] Event: MouseMotion scene=combat
[DEBUG] frame=19500 scene=combat fps=60
[DEBUG] Event: MouseMotion scene=combat
[DEBUG] Event: MouseMotion scene=combat
[DEBUG] Event: MouseMotion scene=combat
[DEBUG] Event: MouseMotion scene=combat
[DEBUG] Event: MouseMotion scene=combat
[DEBUG] Event: KeyDown scene=combat
[DEBUG] Event: MouseMotion scene=combat
[DEBUG] Event: KeyUp scene=combat
[DEBUG] Event: MouseButtonDown scene=combat
[DEBUG] Event: MouseMotion scene=combat
[DEBUG] Event: MouseButtonUp scene=combat
[DEBUG] Event: KeyDown scene=combat
[DEBUG] Event: KeyUp scene=combat
[DEBUG] Event: MouseMotion scene=combat
[DEBUG] Event: MouseMotion scene=combat
[DEBUG] Event: MouseMotion scene=combat
[DEBUG] Event: MouseMotion scene=combat
[DEBUG] Event: MouseMotion scene=combat
[DEBUG] Event: MouseMotion scene=combat
[DEBUG] Event: MouseMotion scene=combat
[DEBUG] Event: MouseMotion scene=combat
[DEBUG] Event: MouseMotion scene=combat
[DEBUG] Event: MouseMotion scene=combat
[DEBUG] Event: MouseMotion scene=combat
[DEBUG] Event: MouseMotion scene=combat
[DEBUG] Event: MouseMotion scene=combat
[DEBUG] frame=19560 scene=combat fps=61
[DEBUG] Event: MouseMotion scene=combat
[DEBUG] Event: MouseMotion scene=combat
[DEBUG] Event: MouseMotion scene=combat
[DEBUG] Event: MouseMotion scene=combat
[DEBUG] Event: MouseMotion scene=combat
[DEBUG] Event: MouseMotion scene=combat
[DEBUG] Event: MouseMotion scene=combat
[DEBUG] Event: MouseMotion scene=combat
[DEBUG] Event: MouseMotion scene=combat
[DEBUG] Event: MouseMotion scene=combat
[DEBUG] Event: MouseMotion scene=combat
[DEBUG] Event: MouseMotion scene=combat
[DEBUG] Event: MouseMotion scene=combat
[DEBUG] Event: MouseMotion scene=combat
[DEBUG] Event: MouseMotion scene=combat
[DEBUG] Event: MouseButtonDown scene=combat
[DEBUG] Event: MouseMotion scene=combat
[DEBUG] Event: KeyUp scene=combat
[DEBUG] Event: MouseMotion scene=combat
[DEBUG] Event: MouseMotion scene=combat
[DEBUG] Event: MouseButtonUp scene=combat
[DEBUG] Event: KeyDown scene=combat
[DEBUG] Event: MouseMotion scene=combat
[DEBUG] Event: MouseMotion scene=combat
[DEBUG] Event: MouseMotion scene=combat
[DEBUG] Event: MouseMotion scene=combat
[DEBUG] Event: MouseMotion scene=combat
[DEBUG] Event: KeyDown scene=combat
[DEBUG] Event: MouseMotion scene=combat
[DEBUG] Event: MouseMotion scene=combat
[DEBUG] Event: MouseMotion scene=combat
[DEBUG] Event: MouseMotion scene=combat
[DEBUG] frame=19620 scene=combat fps=59
[DEBUG] Event: MouseMotion scene=combat
[DEBUG] Event: MouseMotion scene=combat
[DEBUG] Event: MouseMotion scene=combat
[DEBUG] Event: MouseMotion scene=combat
[DEBUG] Event: MouseMotion scene=combat
[DEBUG] Event: MouseMotion scene=combat
[DEBUG] Event: MouseMotion scene=combat
[DEBUG] Event: MouseMotion scene=combat
[DEBUG] Event: MouseMotion scene=combat
[DEBUG] Event: MouseMotion scene=combat
[DEBUG] Event: MouseMotion scene=combat
[DEBUG] Event: MouseMotion scene=combat
[DEBUG] Event: MouseMotion scene=combat
[DEBUG] Event: MouseMotion scene=combat
[DEBUG] Event: MouseMotion scene=combat
[DEBUG] Event: MouseMotion scene=combat
[DEBUG] Event: KeyUp scene=combat
[DEBUG] Event: MouseMotion scene=combat
[DEBUG] Event: MouseMotion scene=combat
[DEBUG] Event: MouseMotion scene=combat
[DEBUG] Event: MouseMotion scene=combat
[DEBUG] Event: MouseMotion scene=combat
[DEBUG] Event: MouseMotion scene=combat
[DEBUG] Event: MouseMotion scene=combat
[DEBUG] Event: MouseMotion scene=combat
[DEBUG] Event: MouseMotion scene=combat
[DEBUG] Event: MouseMotion scene=combat
[DEBUG] Event: MouseMotion scene=combat
[DEBUG] Event: MouseMotion scene=combat
[DEBUG] Event: MouseMotion scene=combat
[DEBUG] Event: MouseButtonDown scene=combat
[DEBUG] Event: MouseMotion scene=combat
[DEBUG] Event: MouseMotion scene=combat
[DEBUG] Event: MouseMotion scene=combat
[DEBUG] Event: MouseMotion scene=combat
[DEBUG] Event: MouseMotion scene=combat
[DEBUG] Event: MouseMotion scene=combat
[DEBUG] Event: MouseMotion scene=combat
[DEBUG] Event: MouseMotion scene=combat
[DEBUG] Event: MouseMotion scene=combat
[DEBUG] Event: MouseButtonUp scene=combat
[DEBUG] Event: MouseMotion scene=combat
[DEBUG] Event: MouseMotion scene=combat
[DEBUG] Event: MouseMotion scene=combat
[DEBUG] Event: MouseMotion scene=combat
[DEBUG] Event: MouseMotion scene=combat
[DEBUG] Event: MouseMotion scene=combat
[DEBUG] Event: MouseMotion scene=combat
[DEBUG] Event: MouseMotion scene=combat
[DEBUG] Event: MouseMotion scene=combat
[DEBUG] Event: MouseMotion scene=combat
[DEBUG] Event: MouseMotion scene=combat
[DEBUG] frame=19680 scene=combat fps=61
[DEBUG] Event: MouseMotion scene=combat
[DEBUG] Event: MouseMotion scene=combat
[DEBUG] Event: MouseMotion scene=combat
[DEBUG] Event: MouseMotion scene=combat
[DEBUG] Event: MouseMotion scene=combat
[DEBUG] Event: MouseMotion scene=combat
[DEBUG] Event: MouseMotion scene=combat
[DEBUG] Event: MouseMotion scene=combat
[DEBUG] Event: MouseMotion scene=combat
[DEBUG] Event: MouseMotion scene=combat
[DEBUG] Event: MouseMotion scene=combat
[DEBUG] Event: MouseMotion scene=combat
[DEBUG] Event: MouseMotion scene=combat
[DEBUG] Event: MouseMotion scene=combat
[DEBUG] Event: MouseMotion scene=combat
[DEBUG] Event: MouseMotion scene=combat
[DEBUG] Event: MouseMotion scene=combat
[DEBUG] Event: MouseMotion scene=combat
[DEBUG] Event: KeyUp scene=combat
[DEBUG] Event: MouseMotion scene=combat
[DEBUG] Event: MouseMotion scene=combat
[DEBUG] Event: MouseMotion scene=combat
[DEBUG] Event: MouseMotion scene=combat
[DEBUG] Event: MouseMotion scene=combat
[DEBUG] Event: MouseMotion scene=combat
[DEBUG] Event: MouseMotion scene=combat
[DEBUG] Event: MouseMotion scene=combat
[DEBUG] Event: MouseMotion scene=combat
[DEBUG] Event: MouseButtonDown scene=combat
[DEBUG] Event: MouseMotion scene=combat
[DEBUG] Event: KeyDown scene=combat
[DEBUG] Event: MouseMotion scene=combat
[DEBUG] Event: MouseMotion scene=combat
[DEBUG] Event: MouseMotion scene=combat
[DEBUG] Event: MouseMotion scene=combat
[DEBUG] Event: MouseMotion scene=combat
[DEBUG] Event: MouseMotion scene=combat
[DEBUG] Event: MouseMotion scene=combat
[DEBUG] Event: MouseMotion scene=combat
[DEBUG] Event: MouseButtonUp scene=combat
[DEBUG] Event: MouseMotion scene=combat
[DEBUG] Event: MouseMotion scene=combat
[DEBUG] Event: MouseMotion scene=combat
[DEBUG] Event: MouseMotion scene=combat
[DEBUG] Event: MouseMotion scene=combat
[DEBUG] Event: MouseMotion scene=combat
[DEBUG] Event: MouseMotion scene=combat
[DEBUG] frame=19740 scene=combat fps=61
[DEBUG] Event: MouseMotion scene=combat
[DEBUG] Event: MouseMotion scene=combat
[DEBUG] Event: MouseMotion scene=combat
[DEBUG] Event: MouseMotion scene=combat
[DEBUG] Event: MouseMotion scene=combat
[DEBUG] Event: MouseMotion scene=combat
[DEBUG] Event: MouseMotion scene=combat
[DEBUG] Event: MouseMotion scene=combat
[DEBUG] Event: MouseMotion scene=combat
[DEBUG] Event: MouseMotion scene=combat
[DEBUG] Event: MouseMotion scene=combat
[DEBUG] Event: MouseMotion scene=combat
[DEBUG] Event: MouseMotion scene=combat
[DEBUG] Event: MouseMotion scene=combat
[DEBUG] Event: MouseMotion scene=combat
[DEBUG] Event: MouseMotion scene=combat
[DEBUG] Event: MouseMotion scene=combat
[DEBUG] Event: KeyUp scene=combat
[DEBUG] Event: MouseMotion scene=combat
[DEBUG] Event: MouseMotion scene=combat
[DEBUG] Event: MouseMotion scene=combat
[DEBUG] Event: MouseMotion scene=combat
[DEBUG] Event: KeyDown scene=combat
[DEBUG] Event: MouseMotion scene=combat
[DEBUG] Event: MouseButtonDown scene=combat
[DEBUG] Event: KeyDown scene=combat
[DEBUG] frame=19800 scene=combat fps=60
[DEBUG] Event: KeyUp scene=combat
[DEBUG] Event: MouseButtonUp scene=combat
[DEBUG] Event: MouseMotion scene=combat
[DEBUG] Event: KeyUp scene=combat
[DEBUG] Event: MouseMotion scene=combat
[DEBUG] Event: MouseMotion scene=combat
[DEBUG] Event: MouseMotion scene=combat
[DEBUG] Event: MouseMotion scene=combat
[DEBUG] Event: MouseMotion scene=combat
[DEBUG] Event: KeyDown scene=combat
[DEBUG] Event: MouseMotion scene=combat
[DEBUG] Event: MouseMotion scene=combat
[DEBUG] Event: MouseMotion scene=combat
[DEBUG] Event: MouseMotion scene=combat
[DEBUG] Event: MouseMotion scene=combat
[DEBUG] Event: MouseMotion scene=combat
[DEBUG] Event: MouseMotion scene=combat
[DEBUG] Event: MouseMotion scene=combat
[DEBUG] Event: KeyUp scene=combat
[DEBUG] Event: KeyDown scene=combat
[DEBUG] Event: KeyUp scene=combat
[DEBUG] Event: KeyDown scene=combat
[DEBUG] Event: KeyUp scene=combat
[DEBUG] Event: MouseMotion scene=combat
[DEBUG] Event: MouseMotion scene=combat
[DEBUG] Event: KeyDown scene=combat
[DEBUG] Event: MouseMotion scene=combat
[DEBUG] Event: MouseMotion scene=combat
[DEBUG] Event: MouseMotion scene=combat
[DEBUG] Event: KeyUp scene=combat
[DEBUG] Event: MouseMotion scene=combat
[DEBUG] frame=19860 scene=combat fps=60
[DEBUG] Event: MouseMotion scene=combat
[DEBUG] Event: MouseMotion scene=combat
[DEBUG] Event: MouseMotion scene=combat
[DEBUG] Event: MouseMotion scene=combat
[DEBUG] Event: MouseMotion scene=combat
[DEBUG] Event: MouseMotion scene=combat
[DEBUG] Event: MouseMotion scene=combat
[DEBUG] Event: MouseMotion scene=combat
[DEBUG] Event: MouseMotion scene=combat
[DEBUG] Event: MouseMotion scene=combat
[DEBUG] Event: MouseMotion scene=combat
[DEBUG] Event: MouseMotion scene=combat
[DEBUG] Event: MouseMotion scene=combat
[DEBUG] Event: MouseMotion scene=combat
[DEBUG] Event: MouseMotion scene=combat
[DEBUG] Event: MouseMotion scene=combat
[DEBUG] Event: MouseMotion scene=combat
[DEBUG] Event: MouseMotion scene=combat
[DEBUG] Event: MouseMotion scene=combat
[DEBUG] Event: MouseMotion scene=combat
[DEBUG] Event: MouseMotion scene=combat
[DEBUG] Event: MouseMotion scene=combat
[DEBUG] Event: MouseMotion scene=combat
[DEBUG] Event: MouseMotion scene=combat
[DEBUG] Event: MouseMotion scene=combat
[DEBUG] Event: MouseMotion scene=combat
[DEBUG] Event: MouseMotion scene=combat
[DEBUG] Event: MouseMotion scene=combat
[DEBUG] Event: MouseMotion scene=combat
[DEBUG] Event: MouseMotion scene=combat
[DEBUG] Event: MouseButtonDown scene=combat
[DEBUG] Event: MouseMotion scene=combat
[DEBUG] Event: MouseMotion scene=combat
[DEBUG] Event: MouseMotion scene=combat
[DEBUG] Event: MouseMotion scene=combat
[DEBUG] Event: KeyDown scene=combat
[DEBUG] Event: MouseMotion scene=combat
[DEBUG] Event: MouseMotion scene=combat
[DEBUG] Event: MouseButtonUp scene=combat
[DEBUG] Event: MouseMotion scene=combat
[DEBUG] Event: MouseMotion scene=combat
[DEBUG] Event: MouseMotion scene=combat
[DEBUG] Event: KeyDown scene=combat
[DEBUG] Event: MouseMotion scene=combat
[DEBUG] Event: KeyUp scene=combat
[DEBUG] Event: MouseMotion scene=combat
[DEBUG] frame=19920 scene=combat fps=59
[DEBUG] Event: MouseMotion scene=combat
[DEBUG] Event: MouseMotion scene=combat
[DEBUG] Event: MouseMotion scene=combat
[DEBUG] Event: MouseMotion scene=combat
[DEBUG] Event: MouseMotion scene=combat
[DEBUG] Event: KeyUp scene=combat
[DEBUG] Event: MouseMotion scene=combat
[DEBUG] Event: KeyDown scene=combat
[DEBUG] Event: MouseMotion scene=combat
[DEBUG] Event: MouseMotion scene=combat
[DEBUG] Event: MouseMotion scene=combat
[DEBUG] Event: MouseMotion scene=combat
[DEBUG] Event: MouseMotion scene=combat
[DEBUG] Event: MouseMotion scene=combat
[DEBUG] Event: MouseMotion scene=combat
[DEBUG] Event: MouseMotion scene=combat
[DEBUG] Event: MouseMotion scene=combat
[DEBUG] Event: MouseMotion scene=combat
[DEBUG] Event: KeyUp scene=combat
[DEBUG] Event: MouseMotion scene=combat
[DEBUG] Event: MouseMotion scene=combat
[DEBUG] Event: MouseMotion scene=combat
[DEBUG] Event: MouseMotion scene=combat
[DEBUG] Event: MouseMotion scene=combat
[DEBUG] Event: MouseMotion scene=combat
[DEBUG] Event: MouseMotion scene=combat
[DEBUG] Event: MouseMotion scene=combat
[DEBUG] Event: MouseMotion scene=combat
[DEBUG] Event: MouseMotion scene=combat
[DEBUG] Event: MouseMotion scene=combat
[DEBUG] Event: MouseMotion scene=combat
[DEBUG] Event: MouseMotion scene=combat
[DEBUG] Event: MouseMotion scene=combat
[DEBUG] Event: MouseMotion scene=combat
[DEBUG] Event: MouseMotion scene=combat
[DEBUG] Event: MouseButtonDown scene=combat
[DEBUG] Event: KeyDown scene=combat
[DEBUG] Event: MouseButtonUp scene=combat
[DEBUG] Event: MouseMotion scene=combat
[DEBUG] Event: MouseMotion scene=combat
[DEBUG] Event: MouseMotion scene=combat
[DEBUG] Event: MouseMotion scene=combat
[DEBUG] frame=19980 scene=combat fps=61
[DEBUG] Event: MouseMotion scene=combat
[DEBUG] Event: KeyDown scene=combat
[DEBUG] Event: MouseMotion scene=combat
[DEBUG] Event: MouseMotion scene=combat
[DEBUG] Event: MouseMotion scene=combat
[DEBUG] Event: MouseMotion scene=combat
[DEBUG] Event: MouseMotion scene=combat
[DEBUG] Event: MouseMotion scene=combat
[DEBUG] Event: KeyUp scene=combat
[DEBUG] Event: MouseMotion scene=combat
[DEBUG] Event: MouseMotion scene=combat
[DEBUG] Event: MouseMotion scene=combat
[DEBUG] Event: MouseMotion scene=combat
[DEBUG] Event: MouseMotion scene=combat
[DEBUG] Event: MouseMotion scene=combat
[DEBUG] Event: MouseMotion scene=combat
[DEBUG] Event: KeyUp scene=combat
[DEBUG] Event: MouseMotion scene=combat
[DEBUG] Event: KeyDown scene=combat
[DEBUG] Event: MouseMotion scene=combat
[DEBUG] Event: MouseMotion scene=combat
[DEBUG] Event: MouseMotion scene=combat
[DEBUG] Event: MouseMotion scene=combat
[DEBUG] Event: MouseMotion scene=combat
[DEBUG] Event: MouseMotion scene=combat
[DEBUG] Event: MouseMotion scene=combat
[DEBUG] Event: MouseMotion scene=combat
[DEBUG] Event: MouseMotion scene=combat
[DEBUG] Event: MouseMotion scene=combat
[DEBUG] Event: MouseMotion scene=combat
[DEBUG] Event: MouseMotion scene=combat
[DEBUG] Event: MouseMotion scene=combat
[DEBUG] Event: MouseMotion scene=combat
[DEBUG] Event: MouseMotion scene=combat
[DEBUG] Event: MouseMotion scene=combat
[DEBUG] Event: MouseMotion scene=combat
[DEBUG] Event: MouseMotion scene=combat
[DEBUG] Event: MouseMotion scene=combat
[DEBUG] Event: MouseButtonDown scene=combat
[DEBUG] Event: KeyUp scene=combat
[DEBUG] Event: MouseMotion scene=combat
[DEBUG] Event: MouseButtonUp scene=combat
[DEBUG] Event: MouseMotion scene=combat
[DEBUG] Event: MouseMotion scene=combat
[DEBUG] Event: MouseButtonDown scene=combat
[DEBUG] frame=20040 scene=combat fps=61
[DEBUG] Event: KeyDown scene=combat
[DEBUG] Event: MouseButtonUp scene=combat
[DEBUG] Event: MouseMotion scene=combat
[DEBUG] Event: MouseMotion scene=combat
[DEBUG] Event: MouseMotion scene=combat
[DEBUG] Event: MouseMotion scene=combat
[DEBUG] Event: MouseMotion scene=combat
[DEBUG] Event: MouseMotion scene=combat
[DEBUG] Event: MouseMotion scene=combat
[DEBUG] Event: MouseMotion scene=combat
[DEBUG] Event: KeyDown scene=combat
[DEBUG] Event: MouseMotion scene=combat
[DEBUG] Event: MouseMotion scene=combat
[DEBUG] Event: MouseMotion scene=combat
[DEBUG] Event: MouseMotion scene=combat
[DEBUG] Event: KeyUp scene=combat
[DEBUG] Event: MouseMotion scene=combat
[DEBUG] Event: MouseMotion scene=combat
[DEBUG] Event: MouseMotion scene=combat
[DEBUG] Event: MouseMotion scene=combat
[DEBUG] Event: MouseMotion scene=combat
[DEBUG] Event: MouseMotion scene=combat
[DEBUG] Event: MouseMotion scene=combat
[DEBUG] Event: MouseMotion scene=combat
[DEBUG] Event: MouseMotion scene=combat
[DEBUG] Event: MouseMotion scene=combat
[DEBUG] Event: MouseMotion scene=combat
[DEBUG] Event: MouseMotion scene=combat
[DEBUG] Event: MouseMotion scene=combat
[DEBUG] Event: KeyUp scene=combat
[DEBUG] Event: MouseMotion scene=combat
[DEBUG] Event: MouseMotion scene=combat
[DEBUG] Event: MouseMotion scene=combat
[DEBUG] Event: MouseMotion scene=combat
[DEBUG] Event: MouseMotion scene=combat
[DEBUG] Event: MouseMotion scene=combat
[DEBUG] Event: MouseMotion scene=combat
[DEBUG] Event: MouseMotion scene=combat
[DEBUG] Event: MouseMotion scene=combat
[DEBUG] Event: MouseMotion scene=combat
[DEBUG] Event: MouseMotion scene=combat
[DEBUG] Event: MouseButtonDown scene=combat
[DEBUG] Event: MouseMotion scene=combat
[DEBUG] Event: MouseMotion scene=combat
[DEBUG] Event: MouseMotion scene=combat
[DEBUG] Event: MouseButtonUp scene=combat
[DEBUG] Event: KeyDown scene=combat
[DEBUG] Event: MouseMotion scene=combat
[DEBUG] Event: MouseMotion scene=combat
[DEBUG] Event: MouseMotion scene=combat
[DEBUG] Event: KeyDown scene=combat
[DEBUG] frame=20100 scene=combat fps=60
[DEBUG] Event: MouseMotion scene=combat
[DEBUG] Event: MouseButtonDown scene=combat
[DEBUG] Event: KeyUp scene=combat
[DEBUG] Event: MouseMotion scene=combat
[DEBUG] Event: MouseMotion scene=combat
[DEBUG] Event: MouseButtonUp scene=combat
[DEBUG] Event: MouseMotion scene=combat
[DEBUG] Event: MouseMotion scene=combat
[DEBUG] Event: MouseMotion scene=combat
[DEBUG] Event: MouseMotion scene=combat
[DEBUG] Event: MouseMotion scene=combat
[DEBUG] Event: KeyDown scene=combat
[DEBUG] Event: MouseMotion scene=combat
[DEBUG] Event: MouseMotion scene=combat
[DEBUG] Event: KeyUp scene=combat
[DEBUG] Event: MouseMotion scene=combat
[DEBUG] Event: MouseMotion scene=combat
[DEBUG] Event: MouseMotion scene=combat
[DEBUG] Event: MouseMotion scene=combat
[DEBUG] Event: KeyUp scene=combat
[DEBUG] Event: MouseMotion scene=combat
[DEBUG] Event: MouseMotion scene=combat
[DEBUG] Event: MouseMotion scene=combat
[DEBUG] Event: MouseMotion scene=combat
[DEBUG] Event: KeyDown scene=combat
[DEBUG] Event: MouseMotion scene=combat
[DEBUG] Event: MouseMotion scene=combat
[DEBUG] Event: MouseMotion scene=combat
[DEBUG] Event: MouseMotion scene=combat
[DEBUG] Event: MouseMotion scene=combat
[DEBUG] frame=20160 scene=combat fps=60
[DEBUG] Event: MouseMotion scene=combat
[DEBUG] Event: MouseMotion scene=combat
[DEBUG] Event: MouseMotion scene=combat
[DEBUG] Event: MouseMotion scene=combat
[DEBUG] Event: MouseMotion scene=combat
[DEBUG] Event: MouseMotion scene=combat
[DEBUG] Event: MouseMotion scene=combat
[DEBUG] Event: MouseMotion scene=combat
[DEBUG] Event: MouseMotion scene=combat
[DEBUG] Event: MouseMotion scene=combat
[DEBUG] Event: MouseMotion scene=combat
[DEBUG] Event: MouseMotion scene=combat
[DEBUG] Event: MouseButtonDown scene=combat
[DEBUG] Event: KeyUp scene=combat
[DEBUG] Event: MouseMotion scene=combat
[DEBUG] Event: MouseButtonUp scene=combat
[DEBUG] Event: MouseMotion scene=combat
[DEBUG] Event: MouseMotion scene=combat
[DEBUG] Event: MouseMotion scene=combat
[DEBUG] Event: MouseMotion scene=combat
[DEBUG] Event: MouseMotion scene=combat
[DEBUG] Event: MouseMotion scene=combat
[DEBUG] Event: MouseMotion scene=combat
[DEBUG] Event: MouseMotion scene=combat
[DEBUG] Event: MouseMotion scene=combat
[DEBUG] Event: MouseMotion scene=combat
[DEBUG] Event: MouseMotion scene=combat
[DEBUG] Event: MouseMotion scene=combat
[DEBUG] Event: MouseMotion scene=combat
[DEBUG] Event: MouseMotion scene=combat
[DEBUG] Event: MouseMotion scene=combat
[DEBUG] Event: MouseMotion scene=combat
[DEBUG] Event: MouseMotion scene=combat
[DEBUG] Event: MouseMotion scene=combat
[DEBUG] Event: MouseMotion scene=combat
[DEBUG] Event: MouseMotion scene=combat
[DEBUG] frame=20220 scene=combat fps=61
[DEBUG] Event: MouseMotion scene=combat
[DEBUG] Event: MouseMotion scene=combat
[DEBUG] Event: MouseMotion scene=combat
[DEBUG] Event: MouseMotion scene=combat
[DEBUG] Event: MouseMotion scene=combat
[DEBUG] Event: MouseMotion scene=combat
[DEBUG] Event: MouseMotion scene=combat
[DEBUG] Event: MouseMotion scene=combat
[DEBUG] Event: MouseMotion scene=combat
[DEBUG] Event: MouseMotion scene=combat
[DEBUG] Event: MouseMotion scene=combat
[DEBUG] Event: KeyDown scene=combat
[DEBUG] Event: MouseMotion scene=combat
[DEBUG] Event: MouseMotion scene=combat
[DEBUG] Event: MouseMotion scene=combat
[DEBUG] Event: MouseMotion scene=combat
[DEBUG] Event: MouseMotion scene=combat
[DEBUG] Event: MouseMotion scene=combat
[DEBUG] Event: MouseMotion scene=combat
[DEBUG] Event: MouseMotion scene=combat
[DEBUG] Event: MouseMotion scene=combat
[DEBUG] Event: MouseMotion scene=combat
[DEBUG] Event: MouseMotion scene=combat
[DEBUG] Event: MouseMotion scene=combat
[DEBUG] Event: MouseMotion scene=combat
[DEBUG] Event: KeyUp scene=combat
[DEBUG] Event: MouseMotion scene=combat
[DEBUG] Event: MouseMotion scene=combat
[DEBUG] Event: MouseMotion scene=combat
[DEBUG] Event: MouseMotion scene=combat
[DEBUG] Event: KeyDown scene=combat
[DEBUG] Event: MouseMotion scene=combat
[DEBUG] Event: MouseMotion scene=combat
[DEBUG] Event: MouseButtonDown scene=combat
[DEBUG] Event: MouseMotion scene=combat
[DEBUG] Event: MouseButtonUp scene=combat
[DEBUG] Event: MouseMotion scene=combat
[DEBUG] Event: KeyDown scene=combat
[DEBUG] Event: KeyUp scene=combat
[DEBUG] Event: MouseMotion scene=combat
[DEBUG] Event: MouseMotion scene=combat
[DEBUG] Event: MouseMotion scene=combat
[DEBUG] Event: MouseMotion scene=combat
[DEBUG] frame=20280 scene=combat fps=60
[DEBUG] Event: MouseMotion scene=combat
[DEBUG] Event: MouseMotion scene=combat
[DEBUG] Event: MouseMotion scene=combat
[DEBUG] Event: MouseMotion scene=combat
[DEBUG] Event: MouseMotion scene=combat
[DEBUG] Event: MouseMotion scene=combat
[DEBUG] Event: MouseMotion scene=combat
[DEBUG] Event: MouseMotion scene=combat
[DEBUG] Event: MouseMotion scene=combat
[DEBUG] Event: MouseMotion scene=combat
[DEBUG] Event: MouseMotion scene=combat
[DEBUG] Event: MouseMotion scene=combat
[DEBUG] Event: MouseMotion scene=combat
[DEBUG] Event: MouseMotion scene=combat
[DEBUG] Event: MouseMotion scene=combat
[DEBUG] Event: MouseMotion scene=combat
[DEBUG] Event: MouseMotion scene=combat
[DEBUG] Event: MouseMotion scene=combat
[DEBUG] Event: MouseMotion scene=combat
[DEBUG] Event: MouseMotion scene=combat
[DEBUG] Event: MouseMotion scene=combat
[DEBUG] Event: MouseMotion scene=combat
[DEBUG] Event: MouseMotion scene=combat
[DEBUG] Event: KeyUp scene=combat
[DEBUG] Event: MouseMotion scene=combat
[DEBUG] Event: MouseMotion scene=combat
[DEBUG] Event: MouseMotion scene=combat
[DEBUG] Event: MouseMotion scene=combat
[DEBUG] Event: MouseMotion scene=combat
[DEBUG] Event: MouseMotion scene=combat
[DEBUG] Event: MouseMotion scene=combat
[DEBUG] Event: MouseButtonDown scene=combat
[DEBUG] Event: KeyDown scene=combat
[DEBUG] Event: KeyUp scene=combat
[DEBUG] Event: MouseButtonUp scene=combat
[DEBUG] Event: KeyDown scene=combat
[DEBUG] Event: MouseButtonDown scene=combat
[DEBUG] Event: MouseButtonUp scene=combat
[DEBUG] frame=20340 scene=combat fps=61
[DEBUG] Event: MouseMotion scene=combat
[DEBUG] Event: MouseMotion scene=combat
[DEBUG] Event: MouseMotion scene=combat
[DEBUG] Event: MouseMotion scene=combat
[DEBUG] Event: MouseMotion scene=combat
[DEBUG] Event: MouseMotion scene=combat
[DEBUG] Event: MouseMotion scene=combat
[DEBUG] Event: MouseMotion scene=combat
[DEBUG] Event: MouseMotion scene=combat
[DEBUG] Event: MouseMotion scene=combat
[DEBUG] Event: MouseMotion scene=combat
[DEBUG] Event: MouseMotion scene=combat
[DEBUG] Event: MouseMotion scene=combat
[DEBUG] Event: MouseMotion scene=combat
[DEBUG] Event: MouseMotion scene=combat
[DEBUG] Event: KeyDown scene=combat
[DEBUG] Event: MouseMotion scene=combat
[DEBUG] Event: KeyUp scene=combat
[DEBUG] Event: MouseMotion scene=combat
[DEBUG] Event: MouseMotion scene=combat
[DEBUG] Event: MouseMotion scene=combat
[DEBUG] Event: MouseMotion scene=combat
[DEBUG] Event: MouseMotion scene=combat
[DEBUG] Event: KeyUp scene=combat
[DEBUG] Event: MouseMotion scene=combat
[DEBUG] Event: MouseButtonDown scene=combat
[DEBUG] Event: MouseMotion scene=combat
[DEBUG] Event: MouseMotion scene=combat
[DEBUG] Event: MouseMotion scene=combat
[DEBUG] Event: MouseMotion scene=combat
[DEBUG] Event: KeyDown scene=combat
[DEBUG] Event: MouseMotion scene=combat
[DEBUG] Event: MouseMotion scene=combat
[DEBUG] Event: MouseButtonUp scene=combat
[DEBUG] Event: MouseMotion scene=combat
[DEBUG] Event: MouseMotion scene=combat
[DEBUG] Event: MouseMotion scene=combat
[DEBUG] Event: MouseButtonDown scene=combat
[DEBUG] frame=20400 scene=combat fps=60
[DEBUG] Event: MouseButtonUp scene=combat
[DEBUG] Event: MouseMotion scene=combat
[DEBUG] Event: MouseMotion scene=combat
[DEBUG] Event: MouseMotion scene=combat
[DEBUG] Event: MouseMotion scene=combat
[DEBUG] Event: MouseMotion scene=combat
[DEBUG] Event: MouseMotion scene=combat
[DEBUG] Event: MouseMotion scene=combat
[DEBUG] Event: MouseMotion scene=combat
[DEBUG] Event: MouseMotion scene=combat
[DEBUG] Event: MouseMotion scene=combat
[DEBUG] Event: MouseMotion scene=combat
[DEBUG] Event: MouseMotion scene=combat
[DEBUG] Event: KeyUp scene=combat
[DEBUG] Event: MouseMotion scene=combat
[DEBUG] Event: MouseMotion scene=combat
[DEBUG] Event: MouseMotion scene=combat
[DEBUG] Event: MouseMotion scene=combat
[DEBUG] Event: MouseMotion scene=combat
[DEBUG] Event: MouseMotion scene=combat
[DEBUG] Event: MouseMotion scene=combat
[DEBUG] Event: KeyDown scene=combat
[DEBUG] Event: MouseMotion scene=combat
[DEBUG] Event: MouseMotion scene=combat
[DEBUG] Event: MouseButtonDown scene=combat
[DEBUG] Event: MouseMotion scene=combat
[DEBUG] Event: MouseMotion scene=combat
[DEBUG] Event: MouseMotion scene=combat
[DEBUG] Event: MouseMotion scene=combat
[DEBUG] Event: MouseMotion scene=combat
[DEBUG] Event: MouseButtonUp scene=combat
[DEBUG] Event: MouseMotion scene=combat
[DEBUG] Event: MouseMotion scene=combat
[DEBUG] Event: MouseMotion scene=combat
[DEBUG] Event: MouseButtonDown scene=combat
[DEBUG] Event: MouseMotion scene=combat
[DEBUG] frame=20460 scene=combat fps=59
[DEBUG] Event: MouseMotion scene=combat
[DEBUG] Event: MouseMotion scene=combat
[DEBUG] Event: MouseMotion scene=combat
[DEBUG] Event: MouseMotion scene=combat
[DEBUG] Event: MouseButtonUp scene=combat
[DEBUG] Event: MouseMotion scene=combat
[DEBUG] Event: MouseMotion scene=combat
[DEBUG] Event: MouseMotion scene=combat
[DEBUG] Event: KeyDown scene=combat
[DEBUG] Event: KeyDown scene=combat
[DEBUG] Event: KeyUp scene=combat
[DEBUG] Event: KeyUp scene=combat
[DEBUG] Event: MouseMotion scene=combat
[DEBUG] Event: MouseMotion scene=combat
[DEBUG] Event: MouseMotion scene=combat
[DEBUG] Event: MouseMotion scene=combat
[DEBUG] Event: MouseMotion scene=combat
[DEBUG] Event: MouseMotion scene=combat
[DEBUG] Event: MouseMotion scene=combat
[DEBUG] Event: MouseMotion scene=combat
[DEBUG] Event: MouseMotion scene=combat
[DEBUG] Event: MouseMotion scene=combat
[DEBUG] Event: KeyDown scene=combat
[DEBUG] Event: MouseMotion scene=combat
[DEBUG] Event: KeyUp scene=combat
[DEBUG] Event: MouseMotion scene=combat
[DEBUG] Event: MouseButtonDown scene=combat
[DEBUG] Event: MouseMotion scene=combat
[DEBUG] Event: KeyUp scene=combat
[DEBUG] Event: MouseMotion scene=combat
[DEBUG] Event: MouseMotion scene=combat
[DEBUG] Event: MouseMotion scene=combat
[DEBUG] Event: MouseButtonUp scene=combat
[DEBUG] Event: MouseMotion scene=combat
[DEBUG] Event: MouseButtonDown scene=combat
[DEBUG] Event: MouseMotion scene=combat
[DEBUG] Event: MouseMotion scene=combat
[DEBUG] Event: MouseMotion scene=combat
[DEBUG] Event: MouseMotion scene=combat
[DEBUG] Event: MouseMotion scene=combat
[DEBUG] Event: MouseButtonUp scene=combat
[DEBUG] Event: MouseButtonDown scene=combat
[DEBUG] Event: MouseMotion scene=combat
[DEBUG] frame=20520 scene=combat fps=61
[DEBUG] Event: MouseButtonUp scene=combat
[DEBUG] Event: KeyDown scene=combat
[DEBUG] Event: MouseMotion scene=combat
[DEBUG] Event: MouseMotion scene=combat
[DEBUG] Event: MouseMotion scene=combat
[DEBUG] Event: MouseMotion scene=combat
[DEBUG] Event: KeyDown scene=combat
[DEBUG] Event: MouseMotion scene=combat
[DEBUG] Event: MouseMotion scene=combat
[DEBUG] Event: MouseMotion scene=combat
[DEBUG] Event: MouseMotion scene=combat
[DEBUG] Event: MouseMotion scene=combat
[DEBUG] Event: MouseMotion scene=combat
[DEBUG] Event: MouseMotion scene=combat
[DEBUG] Event: KeyUp scene=combat
[DEBUG] Event: MouseMotion scene=combat
[DEBUG] Event: MouseMotion scene=combat
[DEBUG] Event: MouseMotion scene=combat
[DEBUG] Event: MouseMotion scene=combat
[DEBUG] Event: KeyUp scene=combat
[DEBUG] Event: MouseMotion scene=combat
[DEBUG] Event: MouseMotion scene=combat
[DEBUG] Event: MouseMotion scene=combat
[DEBUG] Event: MouseMotion scene=combat
[DEBUG] Event: MouseMotion scene=combat
[DEBUG] Event: MouseMotion scene=combat
[DEBUG] Event: MouseMotion scene=combat
[DEBUG] Event: MouseMotion scene=combat
[DEBUG] Event: MouseMotion scene=combat
[DEBUG] Event: MouseMotion scene=combat
[DEBUG] Event: MouseMotion scene=combat
[DEBUG] Event: KeyDown scene=combat
[DEBUG] Event: MouseMotion scene=combat
[DEBUG] Event: MouseMotion scene=combat
[DEBUG] Event: MouseButtonDown scene=combat
[DEBUG] Event: MouseMotion scene=combat
[DEBUG] Event: MouseMotion scene=combat
[DEBUG] Event: MouseMotion scene=combat
[DEBUG] Event: MouseMotion scene=combat
[DEBUG] Event: MouseMotion scene=combat
[DEBUG] Event: KeyUp scene=combat
[DEBUG] Event: MouseMotion scene=combat
[DEBUG] Event: MouseMotion scene=combat
[DEBUG] Event: MouseButtonUp scene=combat
[DEBUG] Event: KeyDown scene=combat
[DEBUG] Event: MouseMotion scene=combat
[DEBUG] Event: MouseMotion scene=combat
[DEBUG] Event: MouseButtonDown scene=combat
[DEBUG] frame=20580 scene=combat fps=61
[DEBUG] Event: MouseButtonUp scene=combat
[DEBUG] Event: KeyDown scene=combat
[DEBUG] Event: MouseMotion scene=combat
[DEBUG] Event: MouseMotion scene=combat
[DEBUG] Event: MouseMotion scene=combat
[DEBUG] Event: MouseMotion scene=combat
[DEBUG] Event: MouseMotion scene=combat
[DEBUG] Event: MouseMotion scene=combat
[DEBUG] Event: KeyUp scene=combat
[DEBUG] Event: MouseMotion scene=combat
[DEBUG] Event: MouseMotion scene=combat
[DEBUG] Event: MouseMotion scene=combat
[DEBUG] Event: MouseMotion scene=combat
[DEBUG] Event: MouseMotion scene=combat
[DEBUG] Event: MouseMotion scene=combat
[DEBUG] Event: MouseMotion scene=combat
[DEBUG] Event: MouseMotion scene=combat
[DEBUG] Event: MouseMotion scene=combat
[DEBUG] Event: MouseMotion scene=combat
[DEBUG] Event: MouseMotion scene=combat
[DEBUG] Event: KeyDown scene=combat
[DEBUG] Event: KeyUp scene=combat
[DEBUG] Event: MouseMotion scene=combat
[DEBUG] Event: MouseMotion scene=combat
[DEBUG] Event: MouseMotion scene=combat
[DEBUG] Event: MouseMotion scene=combat
[DEBUG] Event: MouseMotion scene=combat
[DEBUG] Event: MouseMotion scene=combat
[DEBUG] Event: MouseMotion scene=combat
[DEBUG] Event: MouseMotion scene=combat
[DEBUG] Event: MouseButtonDown scene=combat
[DEBUG] Event: KeyUp scene=combat
[DEBUG] Event: MouseMotion scene=combat
[DEBUG] Event: MouseButtonUp scene=combat
[DEBUG] Event: MouseMotion scene=combat
[DEBUG] Event: MouseMotion scene=combat
[DEBUG] Event: KeyDown scene=combat
[DEBUG] Event: MouseMotion scene=combat
[DEBUG] Event: MouseMotion scene=combat
[DEBUG] Event: MouseMotion scene=combat
[DEBUG] Event: MouseMotion scene=combat
[DEBUG] Event: MouseMotion scene=combat
[DEBUG] Event: MouseMotion scene=combat
[DEBUG] Event: MouseMotion scene=combat
[DEBUG] Event: MouseMotion scene=combat
[DEBUG] Event: MouseMotion scene=combat
[DEBUG] Event: MouseMotion scene=combat
[DEBUG] Event: MouseMotion scene=combat
[DEBUG] frame=20640 scene=combat fps=60
[DEBUG] Event: MouseMotion scene=combat
[DEBUG] Event: MouseMotion scene=combat
[DEBUG] Event: MouseButtonDown scene=combat
[DEBUG] Event: MouseMotion scene=combat
[DEBUG] Event: KeyUp scene=combat
[DEBUG] Event: MouseMotion scene=combat
[DEBUG] Event: MouseMotion scene=combat
[DEBUG] Event: MouseMotion scene=combat
[DEBUG] Event: MouseMotion scene=combat
[DEBUG] Event: MouseMotion scene=combat
[DEBUG] Event: MouseButtonUp scene=combat
[DEBUG] Event: MouseMotion scene=combat
[DEBUG] Event: MouseMotion scene=combat
[DEBUG] Event: MouseMotion scene=combat
[DEBUG] Event: MouseMotion scene=combat
[DEBUG] Event: MouseMotion scene=combat
[DEBUG] Event: MouseMotion scene=combat
[DEBUG] Event: MouseMotion scene=combat
[DEBUG] Event: MouseMotion scene=combat
[DEBUG] Event: MouseMotion scene=combat
[DEBUG] Event: MouseMotion scene=combat
[DEBUG] Event: MouseMotion scene=combat
[DEBUG] Event: MouseButtonDown scene=combat
[DEBUG] Event: MouseMotion scene=combat
[DEBUG] Event: MouseMotion scene=combat
[DEBUG] Event: MouseMotion scene=combat
[DEBUG] Event: KeyDown scene=combat
[DEBUG] Event: MouseMotion scene=combat
[DEBUG] Event: MouseMotion scene=combat
[DEBUG] Event: MouseMotion scene=combat
[DEBUG] Event: MouseMotion scene=combat
[DEBUG] Event: MouseButtonUp scene=combat
[DEBUG] Event: MouseMotion scene=combat
[DEBUG] Event: MouseMotion scene=combat
[DEBUG] Event: MouseMotion scene=combat
[DEBUG] Event: MouseMotion scene=combat
[DEBUG] Event: MouseMotion scene=combat
[DEBUG] Event: MouseMotion scene=combat
[DEBUG] Event: MouseMotion scene=combat
[DEBUG] Event: MouseMotion scene=combat
[DEBUG] Event: MouseMotion scene=combat
[DEBUG] Event: MouseMotion scene=combat
[DEBUG] Event: MouseMotion scene=combat
[DEBUG] Event: MouseMotion scene=combat
[DEBUG] Event: MouseMotion scene=combat
[DEBUG] Event: MouseMotion scene=combat
[DEBUG] frame=20700 scene=combat fps=61
[DEBUG] Event: MouseMotion scene=combat
[DEBUG] Event: MouseMotion scene=combat
[DEBUG] Event: MouseMotion scene=combat
[DEBUG] Event: MouseMotion scene=combat
[DEBUG] Event: MouseMotion scene=combat
[DEBUG] Event: MouseMotion scene=combat
[DEBUG] Event: MouseMotion scene=combat
[DEBUG] Event: MouseButtonDown scene=combat
[DEBUG] Event: MouseMotion scene=combat
[DEBUG] Event: MouseMotion scene=combat
[DEBUG] Event: MouseMotion scene=combat
[DEBUG] Event: MouseMotion scene=combat
[DEBUG] Event: MouseMotion scene=combat
[DEBUG] Event: MouseMotion scene=combat
[DEBUG] Event: KeyUp scene=combat
[DEBUG] Event: MouseButtonUp scene=combat
[DEBUG] Event: KeyDown scene=combat
[DEBUG] Event: MouseMotion scene=combat
[DEBUG] Event: MouseButtonDown scene=combat
[DEBUG] Event: MouseMotion scene=combat
[DEBUG] Event: MouseMotion scene=combat
[DEBUG] Event: MouseButtonUp scene=combat
[DEBUG] Event: MouseMotion scene=combat
[DEBUG] Event: MouseMotion scene=combat
[DEBUG] Event: MouseMotion scene=combat
[DEBUG] Event: MouseMotion scene=combat
[DEBUG] Event: MouseMotion scene=combat
[DEBUG] Event: MouseMotion scene=combat
[DEBUG] Event: MouseMotion scene=combat
[DEBUG] Event: MouseMotion scene=combat
[DEBUG] Event: MouseMotion scene=combat
[DEBUG] Event: MouseMotion scene=combat
[DEBUG] Event: MouseMotion scene=combat
[DEBUG] Event: MouseMotion scene=combat
[DEBUG] Event: MouseMotion scene=combat
[DEBUG] Event: MouseMotion scene=combat
[DEBUG] Event: MouseMotion scene=combat
[DEBUG] Event: MouseMotion scene=combat
[DEBUG] Event: MouseMotion scene=combat
[DEBUG] Event: MouseMotion scene=combat
[DEBUG] Event: MouseMotion scene=combat
[DEBUG] Event: MouseMotion scene=combat
[DEBUG] Event: MouseMotion scene=combat
[DEBUG] Event: KeyUp scene=combat
[DEBUG] Event: MouseMotion scene=combat
[DEBUG] Event: MouseButtonDown scene=combat
[DEBUG] Event: MouseMotion scene=combat
[DEBUG] Event: MouseMotion scene=combat
[DEBUG] Event: MouseMotion scene=combat
[DEBUG] frame=20760 scene=combat fps=60
[DEBUG] Event: MouseMotion scene=combat
[DEBUG] Event: MouseButtonDown scene=combat
[DEBUG] Event: MouseButtonUp scene=combat
[DEBUG] Event: MouseMotion scene=combat
[DEBUG] Event: MouseMotion scene=combat
[DEBUG] Event: MouseMotion scene=combat
[DEBUG] Event: MouseMotion scene=combat
[DEBUG] Event: MouseMotion scene=combat
[DEBUG] Event: MouseButtonUp scene=combat
[DEBUG] Event: MouseMotion scene=combat
[DEBUG] Event: MouseMotion scene=combat
[DEBUG] Event: MouseMotion scene=combat
[DEBUG] Event: MouseMotion scene=combat
[DEBUG] Event: MouseButtonDown scene=combat
[DEBUG] Event: MouseButtonUp scene=combat
[DEBUG] Event: MouseMotion scene=combat
[DEBUG] Event: MouseMotion scene=combat
[DEBUG] Event: MouseMotion scene=combat
[DEBUG] Event: MouseMotion scene=combat
[DEBUG] Event: KeyDown scene=combat
[DEBUG] Event: MouseMotion scene=combat
[DEBUG] Event: MouseMotion scene=combat
[DEBUG] Event: MouseMotion scene=combat
[DEBUG] Event: MouseMotion scene=combat
[DEBUG] Event: MouseMotion scene=combat
[DEBUG] Event: MouseMotion scene=combat
[DEBUG] Event: MouseMotion scene=combat
[DEBUG] Event: MouseMotion scene=combat
[DEBUG] Event: MouseMotion scene=combat
[DEBUG] Event: MouseMotion scene=combat
[DEBUG] Event: MouseMotion scene=combat
[DEBUG] Event: MouseMotion scene=combat
[DEBUG] Event: MouseMotion scene=combat
[DEBUG] Event: MouseMotion scene=combat
[DEBUG] Event: MouseMotion scene=combat
[DEBUG] Event: MouseMotion scene=combat
[DEBUG] Event: MouseMotion scene=combat
[DEBUG] Event: MouseMotion scene=combat
[DEBUG] Event: KeyUp scene=combat
[DEBUG] Event: MouseMotion scene=combat
[DEBUG] Event: MouseMotion scene=combat
[DEBUG] Event: MouseMotion scene=combat
[DEBUG] Event: MouseMotion scene=combat
[DEBUG] Event: MouseMotion scene=combat
[DEBUG] Event: MouseMotion scene=combat
[DEBUG] Event: MouseMotion scene=combat
[DEBUG] Event: KeyDown scene=combat
[DEBUG] Event: MouseMotion scene=combat
[DEBUG] Event: MouseMotion scene=combat
[DEBUG] Event: MouseMotion scene=combat
[DEBUG] Event: MouseMotion scene=combat
[DEBUG] Event: MouseMotion scene=combat
[DEBUG] Event: KeyDown scene=combat
[DEBUG] Event: MouseMotion scene=combat
[DEBUG] Event: MouseButtonDown scene=combat
[DEBUG] frame=20820 scene=combat fps=60
[DEBUG] Event: MouseMotion scene=combat
[DEBUG] Event: MouseMotion scene=combat
[DEBUG] Event: MouseMotion scene=combat
[DEBUG] Event: MouseMotion scene=combat
[DEBUG] Event: MouseMotion scene=combat
[DEBUG] Event: KeyUp scene=combat
[DEBUG] Event: MouseMotion scene=combat
[DEBUG] Event: MouseMotion scene=combat
[DEBUG] Event: MouseMotion scene=combat
[DEBUG] Event: MouseMotion scene=combat
[DEBUG] Event: MouseButtonUp scene=combat
[DEBUG] Event: MouseMotion scene=combat
[DEBUG] Event: MouseMotion scene=combat
[DEBUG] Event: MouseMotion scene=combat
[DEBUG] Event: KeyDown scene=combat
[DEBUG] Event: KeyUp scene=combat
[DEBUG] Event: MouseMotion scene=combat
[DEBUG] Event: MouseMotion scene=combat
[DEBUG] Event: MouseMotion scene=combat
[DEBUG] Event: KeyUp scene=combat
[DEBUG] Event: MouseMotion scene=combat
[DEBUG] Event: MouseMotion scene=combat
[DEBUG] Event: MouseMotion scene=combat
[DEBUG] Event: KeyDown scene=combat
[DEBUG] Event: MouseMotion scene=combat
[DEBUG] Event: MouseMotion scene=combat
[DEBUG] Event: MouseMotion scene=combat
[DEBUG] Event: MouseMotion scene=combat
[DEBUG] Event: MouseMotion scene=combat
[DEBUG] Event: MouseMotion scene=combat
[DEBUG] Event: MouseMotion scene=combat
[DEBUG] Event: MouseMotion scene=combat
[DEBUG] Event: MouseMotion scene=combat
[DEBUG] Event: MouseMotion scene=combat
[DEBUG] Event: MouseMotion scene=combat
[DEBUG] Event: MouseMotion scene=combat
[DEBUG] Event: MouseMotion scene=combat
[DEBUG] Event: MouseMotion scene=combat
[DEBUG] Event: MouseMotion scene=combat
[DEBUG] Event: MouseMotion scene=combat
[DEBUG] Event: MouseMotion scene=combat
[DEBUG] Event: MouseMotion scene=combat
[DEBUG] Event: MouseMotion scene=combat
[DEBUG] Event: MouseMotion scene=combat
[DEBUG] Event: MouseMotion scene=combat
[DEBUG] Event: MouseMotion scene=combat
[DEBUG] Event: MouseMotion scene=combat
[DEBUG] Event: MouseMotion scene=combat
[DEBUG] Event: MouseMotion scene=combat
[DEBUG] Event: MouseMotion scene=combat
[DEBUG] frame=20880 scene=combat fps=60
[DEBUG] Event: MouseButtonDown scene=combat
[DEBUG] Event: MouseMotion scene=combat
[DEBUG] Event: MouseMotion scene=combat
[DEBUG] Event: MouseMotion scene=combat
[DEBUG] Event: MouseMotion scene=combat
[DEBUG] Event: MouseButtonUp scene=combat
[DEBUG] Event: MouseMotion scene=combat
[DEBUG] Event: KeyUp scene=combat
[DEBUG] Event: MouseMotion scene=combat
[DEBUG] Event: MouseMotion scene=combat
[DEBUG] Event: MouseMotion scene=combat
[DEBUG] Event: MouseMotion scene=combat
[DEBUG] Event: MouseMotion scene=combat
[DEBUG] Event: MouseMotion scene=combat
[DEBUG] Event: MouseMotion scene=combat
[DEBUG] Event: KeyDown scene=combat
[DEBUG] Event: MouseMotion scene=combat
[DEBUG] Event: MouseMotion scene=combat
[DEBUG] Event: MouseMotion scene=combat
[DEBUG] Event: MouseMotion scene=combat
[DEBUG] Event: MouseButtonDown scene=combat
[DEBUG] Event: MouseMotion scene=combat
[DEBUG] Event: MouseMotion scene=combat
[DEBUG] Event: MouseMotion scene=combat
[DEBUG] Event: MouseMotion scene=combat
[DEBUG] Event: MouseMotion scene=combat
[DEBUG] Event: MouseButtonUp scene=combat
[DEBUG] Event: MouseMotion scene=combat
[DEBUG] Event: MouseMotion scene=combat
[DEBUG] Event: MouseMotion scene=combat
[DEBUG] Event: MouseMotion scene=combat
[DEBUG] Event: MouseMotion scene=combat
[DEBUG] Event: MouseMotion scene=combat
[DEBUG] Event: MouseMotion scene=combat
[DEBUG] Event: MouseMotion scene=combat
[DEBUG] Event: MouseMotion scene=combat
[DEBUG] Event: MouseMotion scene=combat
[DEBUG] Event: MouseMotion scene=combat
[DEBUG] Event: MouseMotion scene=combat
[DEBUG] Event: MouseMotion scene=combat
[DEBUG] Event: MouseMotion scene=combat
[DEBUG] Event: MouseMotion scene=combat
[DEBUG] Event: MouseMotion scene=combat
[DEBUG] Event: MouseMotion scene=combat
[DEBUG] Event: MouseMotion scene=combat
[DEBUG] Event: MouseMotion scene=combat
[DEBUG] Event: MouseMotion scene=combat
[DEBUG] Event: MouseMotion scene=combat
[DEBUG] Event: MouseMotion scene=combat
[DEBUG] Event: MouseMotion scene=combat
[DEBUG] Event: MouseMotion scene=combat
[DEBUG] Event: MouseMotion scene=combat
[DEBUG] Event: MouseMotion scene=combat
[DEBUG] Event: MouseMotion scene=combat
[DEBUG] Event: MouseMotion scene=combat
[DEBUG] Event: MouseMotion scene=combat
[DEBUG] Event: MouseMotion scene=combat
[DEBUG] Event: MouseMotion scene=combat
[DEBUG] Event: MouseMotion scene=combat
[DEBUG] frame=20940 scene=combat fps=60
[DEBUG] Event: MouseMotion scene=combat
[DEBUG] Event: MouseMotion scene=combat
[DEBUG] Event: MouseButtonDown scene=combat
[DEBUG] Event: MouseMotion scene=combat
[DEBUG] Event: MouseMotion scene=combat
[DEBUG] Event: MouseMotion scene=combat
[DEBUG] Event: MouseButtonUp scene=combat
[DEBUG] Event: MouseMotion scene=combat
[DEBUG] Event: MouseMotion scene=combat
[DEBUG] Event: MouseMotion scene=combat
[DEBUG] Event: MouseButtonDown scene=combat
[DEBUG] Event: KeyUp scene=combat
[DEBUG] Event: MouseMotion scene=combat
[DEBUG] Event: KeyDown scene=combat
[DEBUG] Event: MouseMotion scene=combat
[DEBUG] Event: MouseMotion scene=combat
[DEBUG] Event: MouseButtonUp scene=combat
[DEBUG] Event: MouseMotion scene=combat
[DEBUG] Event: MouseMotion scene=combat
[DEBUG] Event: MouseMotion scene=combat
[DEBUG] Event: MouseMotion scene=combat
[DEBUG] Event: MouseMotion scene=combat
[DEBUG] Event: MouseMotion scene=combat
[DEBUG] Event: MouseMotion scene=combat
[DEBUG] Event: MouseMotion scene=combat
[DEBUG] Event: MouseMotion scene=combat
[DEBUG] Event: MouseMotion scene=combat
[DEBUG] Event: MouseMotion scene=combat
[DEBUG] Event: MouseMotion scene=combat
[DEBUG] Event: MouseMotion scene=combat
[DEBUG] Event: MouseMotion scene=combat
[DEBUG] Event: MouseMotion scene=combat
[DEBUG] Event: MouseMotion scene=combat
[DEBUG] Event: MouseMotion scene=combat
[DEBUG] Event: MouseMotion scene=combat
[DEBUG] Event: MouseMotion scene=combat
[DEBUG] Event: MouseMotion scene=combat
[DEBUG] Event: MouseMotion scene=combat
[DEBUG] Event: MouseMotion scene=combat
[DEBUG] Event: MouseMotion scene=combat
[DEBUG] Event: MouseMotion scene=combat
[DEBUG] Event: MouseMotion scene=combat
[DEBUG] Event: MouseMotion scene=combat
[DEBUG] Event: MouseMotion scene=combat
[DEBUG] Event: MouseMotion scene=combat
[DEBUG] Event: MouseMotion scene=combat
[DEBUG] Event: MouseMotion scene=combat
[DEBUG] Event: MouseMotion scene=combat
[DEBUG] frame=21000 scene=combat fps=60
[DEBUG] Event: MouseMotion scene=combat
[DEBUG] Event: MouseMotion scene=combat
[DEBUG] Event: MouseMotion scene=combat
[DEBUG] Event: MouseMotion scene=combat
[DEBUG] Event: MouseMotion scene=combat
[DEBUG] Event: MouseMotion scene=combat
[DEBUG] Event: MouseMotion scene=combat
[DEBUG] Event: MouseMotion scene=combat
[DEBUG] Event: MouseMotion scene=combat
[DEBUG] Event: MouseButtonDown scene=combat
[DEBUG] Event: MouseMotion scene=combat
[DEBUG] Event: MouseMotion scene=combat
[DEBUG] Event: MouseMotion scene=combat
[DEBUG] Event: MouseMotion scene=combat
[DEBUG] Event: MouseButtonUp scene=combat
[DEBUG] Event: MouseMotion scene=combat
[DEBUG] Event: MouseMotion scene=combat
[DEBUG] Event: MouseMotion scene=combat
[DEBUG] Event: MouseMotion scene=combat
[DEBUG] Event: KeyUp scene=combat
[DEBUG] Event: MouseMotion scene=combat
[DEBUG] Event: MouseMotion scene=combat
[DEBUG] Event: MouseMotion scene=combat
[DEBUG] Event: KeyDown scene=combat
[DEBUG] Event: MouseMotion scene=combat
[DEBUG] Event: MouseMotion scene=combat
[DEBUG] Event: MouseMotion scene=combat
[DEBUG] Event: MouseMotion scene=combat
[DEBUG] Event: MouseMotion scene=combat
[DEBUG] Event: MouseMotion scene=combat
[DEBUG] Event: MouseMotion scene=combat
[DEBUG] Event: KeyDown scene=combat
[DEBUG] Event: MouseMotion scene=combat
[DEBUG] Event: MouseMotion scene=combat
[DEBUG] Event: MouseMotion scene=combat
[DEBUG] Event: KeyUp scene=combat
[DEBUG] Event: MouseMotion scene=combat
[DEBUG] Event: MouseMotion scene=combat
[DEBUG] Event: MouseMotion scene=combat
[DEBUG] Event: MouseMotion scene=combat
[DEBUG] Event: MouseMotion scene=combat
[DEBUG] Event: MouseMotion scene=combat
[DEBUG] frame=21060 scene=combat fps=61
[DEBUG] Event: MouseMotion scene=combat
[DEBUG] Event: MouseMotion scene=combat
[DEBUG] Event: KeyDown scene=combat
[DEBUG] Event: MouseMotion scene=combat
[DEBUG] Event: KeyUp scene=combat
[DEBUG] Event: KeyDown scene=combat
[DEBUG] Event: KeyUp scene=combat
[DEBUG] Event: MouseMotion scene=combat
[DEBUG] Event: MouseMotion scene=combat
[DEBUG] Event: MouseMotion scene=combat
[DEBUG] Event: MouseMotion scene=combat
[DEBUG] Event: KeyUp scene=combat
[DEBUG] Event: MouseMotion scene=combat
[DEBUG] Event: MouseMotion scene=combat
[DEBUG] Event: MouseMotion scene=combat
[DEBUG] frame=21120 scene=combat fps=62
[DEBUG] Event: MouseMotion scene=combat
[DEBUG] Event: MouseMotion scene=combat
[DEBUG] Event: MouseMotion scene=combat
[DEBUG] Event: MouseMotion scene=combat
[DEBUG] Event: MouseMotion scene=combat
[DEBUG] Event: MouseMotion scene=combat
[DEBUG] Event: MouseMotion scene=combat
[DEBUG] Event: MouseMotion scene=combat
[DEBUG] Event: MouseMotion scene=combat
[DEBUG] Event: MouseMotion scene=combat
[DEBUG] Event: MouseMotion scene=combat
[DEBUG] Event: MouseMotion scene=combat
[DEBUG] Event: MouseMotion scene=combat
[DEBUG] Event: MouseMotion scene=combat
[DEBUG] Event: MouseMotion scene=combat
[DEBUG] Event: MouseMotion scene=combat
[DEBUG] Event: MouseMotion scene=combat
[DEBUG] Event: MouseButtonDown scene=combat
[DEBUG] Event: KeyDown scene=combat
[DEBUG] Event: MouseMotion scene=combat
[DEBUG] Event: MouseButtonUp scene=combat
[DEBUG] Event: MouseMotion scene=combat
[DEBUG] Event: MouseMotion scene=combat
[DEBUG] Event: MouseMotion scene=combat
[DEBUG] Event: MouseMotion scene=combat
[DEBUG] Event: MouseMotion scene=combat
[DEBUG] Event: KeyDown scene=combat
[DEBUG] Event: KeyUp scene=combat
[DEBUG] Event: MouseMotion scene=combat
[DEBUG] Event: MouseMotion scene=combat
[DEBUG] Event: MouseMotion scene=combat
[DEBUG] Event: MouseMotion scene=combat
[DEBUG] Event: MouseMotion scene=combat
[DEBUG] Event: MouseMotion scene=combat
[DEBUG] Event: MouseMotion scene=combat
[DEBUG] Event: MouseMotion scene=combat
[DEBUG] Event: MouseMotion scene=combat
[DEBUG] Event: MouseMotion scene=combat
[DEBUG] Event: KeyDown scene=combat
[DEBUG] Event: MouseMotion scene=combat
[DEBUG] Event: MouseMotion scene=combat
[DEBUG] Event: MouseMotion scene=combat
[DEBUG] Event: MouseMotion scene=combat
[DEBUG] Event: MouseMotion scene=combat
[DEBUG] frame=21180 scene=combat fps=60
[DEBUG] Event: MouseMotion scene=combat
[DEBUG] Event: MouseMotion scene=combat
[DEBUG] Event: MouseMotion scene=combat
[DEBUG] Event: MouseMotion scene=combat
[DEBUG] Event: MouseMotion scene=combat
[DEBUG] Event: MouseMotion scene=combat
[DEBUG] Event: MouseMotion scene=combat
[DEBUG] Event: MouseMotion scene=combat
[DEBUG] Event: KeyUp scene=combat
[DEBUG] Event: MouseMotion scene=combat
[DEBUG] Event: MouseButtonDown scene=combat
[DEBUG] Event: MouseMotion scene=combat
[DEBUG] Event: MouseMotion scene=combat
[DEBUG] Event: MouseMotion scene=combat
[DEBUG] Event: MouseMotion scene=combat
[DEBUG] Event: MouseMotion scene=combat
[DEBUG] Event: MouseButtonUp scene=combat
[DEBUG] frame=21240 scene=combat fps=60
[DEBUG] Event: MouseMotion scene=combat
[DEBUG] Event: MouseMotion scene=combat
[DEBUG] Event: KeyUp scene=combat
[DEBUG] Event: MouseMotion scene=combat
[DEBUG] Event: MouseMotion scene=combat
[DEBUG] Event: MouseMotion scene=combat
[DEBUG] Event: MouseMotion scene=combat
[DEBUG] Event: MouseMotion scene=combat
[DEBUG] Event: MouseMotion scene=combat
[DEBUG] Event: MouseMotion scene=combat
[DEBUG] Event: MouseMotion scene=combat
[DEBUG] Event: MouseMotion scene=combat
[DEBUG] Event: MouseButtonDown scene=combat
[DEBUG] Event: MouseMotion scene=combat
[DEBUG] Event: MouseMotion scene=combat
[DEBUG] Event: MouseMotion scene=combat
[DEBUG] Event: MouseButtonUp scene=combat
[DEBUG] Event: MouseMotion scene=combat
[DEBUG] Event: MouseMotion scene=combat
[DEBUG] Event: MouseMotion scene=combat
[DEBUG] Event: MouseMotion scene=combat
[DEBUG] Event: MouseMotion scene=combat
[DEBUG] Event: MouseMotion scene=combat
[DEBUG] Event: MouseMotion scene=combat
[DEBUG] Event: MouseMotion scene=combat
[DEBUG] Event: MouseMotion scene=combat
[DEBUG] Event: MouseMotion scene=combat
[DEBUG] Event: MouseMotion scene=combat
[DEBUG] Event: MouseMotion scene=combat
[DEBUG] Event: KeyDown scene=combat
[DEBUG] Event: MouseMotion scene=combat
[DEBUG] Event: MouseButtonDown scene=combat
[DEBUG] Event: MouseMotion scene=combat
[DEBUG] Event: MouseMotion scene=combat
[DEBUG] frame=21300 scene=combat fps=60
[DEBUG] Event: KeyDown scene=combat
[DEBUG] Event: MouseMotion scene=combat
[DEBUG] Event: MouseMotion scene=combat
[DEBUG] Event: MouseMotion scene=combat
[DEBUG] Event: KeyUp scene=combat
[DEBUG] Event: MouseMotion scene=combat
[DEBUG] Event: MouseButtonUp scene=combat
[DEBUG] Event: MouseMotion scene=combat
[DEBUG] Event: MouseMotion scene=combat
[DEBUG] Event: MouseMotion scene=combat
[DEBUG] Event: MouseMotion scene=combat
[DEBUG] Event: MouseMotion scene=combat
[DEBUG] Event: KeyDown scene=combat
[DEBUG] Event: MouseMotion scene=combat
[DEBUG] Event: MouseMotion scene=combat
[DEBUG] Event: MouseMotion scene=combat
[DEBUG] Event: MouseMotion scene=combat
[DEBUG] Event: MouseMotion scene=combat
[DEBUG] Event: MouseMotion scene=combat
[DEBUG] Event: KeyUp scene=combat
[DEBUG] Event: MouseMotion scene=combat
[DEBUG] Event: MouseMotion scene=combat
[DEBUG] Event: MouseMotion scene=combat
[DEBUG] Event: MouseMotion scene=combat
[DEBUG] Event: MouseMotion scene=combat
[DEBUG] Event: MouseMotion scene=combat
[DEBUG] Event: MouseMotion scene=combat
[DEBUG] Event: MouseMotion scene=combat
[DEBUG] Event: MouseButtonDown scene=combat
[DEBUG] Event: KeyDown scene=combat
[DEBUG] Event: KeyUp scene=combat
[DEBUG] Event: MouseButtonUp scene=combat
[DEBUG] frame=21360 scene=combat fps=61
[DEBUG] Event: KeyUp scene=combat
[DEBUG] Event: KeyDown scene=combat
[DEBUG] Event: MouseMotion scene=combat
[DEBUG] Event: MouseMotion scene=combat
[DEBUG] Event: MouseMotion scene=combat
[DEBUG] Event: MouseMotion scene=combat
[DEBUG] Event: MouseMotion scene=combat
[DEBUG] Event: MouseMotion scene=combat
[DEBUG] Event: MouseMotion scene=combat
[DEBUG] Event: MouseMotion scene=combat
[DEBUG] Event: MouseMotion scene=combat
[DEBUG] Event: MouseButtonDown scene=combat
[DEBUG] Event: MouseMotion scene=combat
[DEBUG] Event: MouseMotion scene=combat
[DEBUG] Event: MouseMotion scene=combat
[DEBUG] Event: MouseMotion scene=combat
[DEBUG] Event: MouseMotion scene=combat
[DEBUG] Event: MouseButtonUp scene=combat
[DEBUG] Event: MouseMotion scene=combat
[DEBUG] Event: MouseMotion scene=combat
[DEBUG] Event: MouseMotion scene=combat
[DEBUG] Event: MouseMotion scene=combat
[DEBUG] Event: KeyUp scene=combat
[DEBUG] Event: KeyDown scene=combat
[DEBUG] Event: MouseMotion scene=combat
[DEBUG] Event: MouseMotion scene=combat
[DEBUG] Event: MouseMotion scene=combat
[DEBUG] Event: MouseMotion scene=combat
[DEBUG] Event: MouseMotion scene=combat
[DEBUG] Event: MouseMotion scene=combat
[DEBUG] Event: MouseMotion scene=combat
[DEBUG] Event: MouseMotion scene=combat
[DEBUG] Event: MouseMotion scene=combat
[DEBUG] Event: MouseMotion scene=combat
[DEBUG] Event: KeyUp scene=combat
[DEBUG] Event: MouseMotion scene=combat
[DEBUG] Event: MouseMotion scene=combat
[DEBUG] Event: MouseMotion scene=combat
[DEBUG] Event: KeyDown scene=combat
[DEBUG] Event: MouseMotion scene=combat
[DEBUG] Event: MouseMotion scene=combat
[DEBUG] Event: MouseMotion scene=combat
[DEBUG] Event: MouseMotion scene=combat
[DEBUG] Event: MouseMotion scene=combat
[DEBUG] Event: MouseButtonDown scene=combat
[DEBUG] frame=21420 scene=combat fps=60
[DEBUG] Event: KeyDown scene=combat
[DEBUG] Event: MouseMotion scene=combat
[DEBUG] Event: MouseMotion scene=combat
[DEBUG] Event: MouseMotion scene=combat
[DEBUG] Event: KeyUp scene=combat
[DEBUG] Event: MouseMotion scene=combat
[DEBUG] Event: MouseMotion scene=combat
[DEBUG] Event: MouseMotion scene=combat
[DEBUG] Event: MouseMotion scene=combat
[DEBUG] Event: MouseMotion scene=combat
[DEBUG] Event: MouseMotion scene=combat
[DEBUG] Event: MouseButtonUp scene=combat
[DEBUG] Event: MouseMotion scene=combat
[DEBUG] Event: MouseMotion scene=combat
[DEBUG] Event: MouseMotion scene=combat
[DEBUG] Event: MouseMotion scene=combat
[DEBUG] Event: MouseMotion scene=combat
[DEBUG] Event: MouseMotion scene=combat
[DEBUG] Event: MouseMotion scene=combat
[DEBUG] Event: MouseMotion scene=combat
[DEBUG] Event: MouseMotion scene=combat
[DEBUG] Event: MouseMotion scene=combat
[DEBUG] Event: KeyDown scene=combat
[DEBUG] Event: MouseMotion scene=combat
[DEBUG] Event: MouseMotion scene=combat
[DEBUG] Event: MouseMotion scene=combat
[DEBUG] Event: MouseButtonDown scene=combat
[DEBUG] Event: MouseMotion scene=combat
[DEBUG] Event: KeyUp scene=combat
[DEBUG] Event: MouseMotion scene=combat
[DEBUG] Event: MouseMotion scene=combat
[DEBUG] Event: MouseButtonUp scene=combat
[DEBUG] Event: MouseMotion scene=combat
[DEBUG] Event: MouseMotion scene=combat
[DEBUG] Event: MouseMotion scene=combat
[DEBUG] Event: MouseMotion scene=combat
[DEBUG] Event: KeyUp scene=combat
[DEBUG] Event: MouseMotion scene=combat
[DEBUG] Event: MouseButtonDown scene=combat
[DEBUG] Event: MouseMotion scene=combat
[DEBUG] Event: MouseMotion scene=combat
[DEBUG] Event: MouseMotion scene=combat
[DEBUG] Event: MouseMotion scene=combat
[DEBUG] Event: MouseMotion scene=combat
[DEBUG] Event: MouseMotion scene=combat
[DEBUG] Event: KeyDown scene=combat
[DEBUG] Event: MouseMotion scene=combat
[DEBUG] Event: MouseMotion scene=combat
[DEBUG] Event: MouseButtonUp scene=combat
[DEBUG] Event: MouseMotion scene=combat
[DEBUG] Event: MouseMotion scene=combat
[DEBUG] Event: MouseMotion scene=combat
[DEBUG] Event: MouseMotion scene=combat
[DEBUG] Event: MouseButtonDown scene=combat
[DEBUG] Event: MouseMotion scene=combat
[DEBUG] Event: MouseMotion scene=combat
[DEBUG] Event: MouseMotion scene=combat
[DEBUG] Event: MouseMotion scene=combat
[DEBUG] Event: MouseButtonUp scene=combat
[DEBUG] Event: MouseMotion scene=combat
[DEBUG] Event: MouseMotion scene=combat
[DEBUG] Event: MouseMotion scene=combat
[DEBUG] Event: KeyDown scene=combat
[DEBUG] Event: MouseMotion scene=combat
[DEBUG] Event: MouseButtonDown scene=combat
[DEBUG] Event: MouseMotion scene=combat
[DEBUG] Event: MouseButtonUp scene=combat
[DEBUG] Event: MouseMotion scene=combat
[DEBUG] frame=21480 scene=combat fps=60
[DEBUG] Event: MouseMotion scene=combat
[DEBUG] Event: KeyUp scene=combat
[DEBUG] Event: MouseMotion scene=combat
[DEBUG] Event: KeyUp scene=combat
[DEBUG] Event: MouseMotion scene=combat
[DEBUG] Event: MouseMotion scene=combat
[DEBUG] Event: MouseMotion scene=combat
[DEBUG] Event: MouseMotion scene=combat
[DEBUG] Event: MouseMotion scene=combat
[DEBUG] Event: MouseMotion scene=combat
[DEBUG] Event: MouseMotion scene=combat
[DEBUG] Event: KeyDown scene=combat
[DEBUG] Event: MouseMotion scene=combat
[DEBUG] Event: MouseMotion scene=combat
[DEBUG] Event: MouseMotion scene=combat
[DEBUG] Event: MouseMotion scene=combat
[DEBUG] Event: KeyDown scene=combat
[DEBUG] Event: MouseMotion scene=combat
[DEBUG] Event: KeyUp scene=combat
[DEBUG] Event: MouseMotion scene=combat
[DEBUG] Event: MouseMotion scene=combat
[DEBUG] Event: MouseMotion scene=combat
[DEBUG] Event: MouseMotion scene=combat
[DEBUG] Event: MouseMotion scene=combat
[DEBUG] Event: MouseMotion scene=combat
[DEBUG] Event: MouseMotion scene=combat
[DEBUG] Event: MouseMotion scene=combat
[DEBUG] Event: MouseMotion scene=combat
[DEBUG] Event: MouseMotion scene=combat
[DEBUG] Event: MouseMotion scene=combat
[DEBUG] Event: MouseMotion scene=combat
[DEBUG] Event: KeyDown scene=combat
[DEBUG] Event: MouseMotion scene=combat
[DEBUG] Event: MouseMotion scene=combat
[DEBUG] Event: MouseMotion scene=combat
[DEBUG] Event: MouseMotion scene=combat
[DEBUG] Event: MouseMotion scene=combat
[DEBUG] Event: MouseMotion scene=combat
[DEBUG] Event: MouseMotion scene=combat
[DEBUG] Event: MouseMotion scene=combat
[DEBUG] Event: MouseMotion scene=combat
[DEBUG] Event: MouseMotion scene=combat
[DEBUG] Event: MouseMotion scene=combat
[DEBUG] Event: MouseMotion scene=combat
[DEBUG] Event: KeyUp scene=combat
[DEBUG] Event: MouseMotion scene=combat
[DEBUG] Event: MouseMotion scene=combat
[DEBUG] Event: MouseMotion scene=combat
[DEBUG] Event: MouseMotion scene=combat
[DEBUG] Event: MouseMotion scene=combat
[DEBUG] Event: MouseMotion scene=combat
[DEBUG] Event: MouseMotion scene=combat
[DEBUG] Event: MouseMotion scene=combat
[DEBUG] Event: MouseMotion scene=combat
[DEBUG] Event: MouseMotion scene=combat
[DEBUG] Event: MouseMotion scene=combat
[DEBUG] Event: MouseMotion scene=combat
[DEBUG] Event: MouseMotion scene=combat
[DEBUG] Event: MouseMotion scene=combat
[DEBUG] Event: MouseMotion scene=combat
[DEBUG] Event: MouseMotion scene=combat
[DEBUG] frame=21540 scene=combat fps=60
[DEBUG] Event: MouseMotion scene=combat
[DEBUG] Event: MouseMotion scene=combat
[DEBUG] Event: MouseMotion scene=combat
[DEBUG] Event: MouseMotion scene=combat
[DEBUG] Event: MouseMotion scene=combat
[DEBUG] Event: MouseMotion scene=combat
[DEBUG] Event: MouseMotion scene=combat
[DEBUG] Event: MouseMotion scene=combat
[DEBUG] Event: MouseMotion scene=combat
[DEBUG] Event: MouseMotion scene=combat
[DEBUG] Event: MouseMotion scene=combat
[DEBUG] Event: MouseMotion scene=combat
[DEBUG] Event: MouseMotion scene=combat
[DEBUG] Event: MouseMotion scene=combat
[DEBUG] Event: MouseMotion scene=combat
[DEBUG] Event: MouseMotion scene=combat
[DEBUG] Event: MouseMotion scene=combat
[DEBUG] Event: MouseMotion scene=combat
[DEBUG] Event: MouseMotion scene=combat
[DEBUG] Event: KeyDown scene=combat
[DEBUG] Event: MouseMotion scene=combat
[DEBUG] Event: MouseMotion scene=combat
[DEBUG] Event: MouseMotion scene=combat
[DEBUG] Event: MouseMotion scene=combat
[DEBUG] Event: KeyUp scene=combat
[DEBUG] Event: MouseMotion scene=combat
[DEBUG] Event: MouseMotion scene=combat
[DEBUG] Event: MouseMotion scene=combat
[DEBUG] Event: MouseMotion scene=combat
[DEBUG] Event: MouseMotion scene=combat
[DEBUG] Event: MouseMotion scene=combat
[DEBUG] Event: MouseMotion scene=combat
[DEBUG] Event: MouseMotion scene=combat
[DEBUG] Event: MouseMotion scene=combat
[DEBUG] Event: MouseMotion scene=combat
[DEBUG] Event: MouseMotion scene=combat
[DEBUG] Event: MouseMotion scene=combat
[DEBUG] Event: MouseMotion scene=combat
[DEBUG] Event: MouseMotion scene=combat
[DEBUG] Event: MouseMotion scene=combat
[DEBUG] Event: MouseMotion scene=combat
[DEBUG] Event: KeyDown scene=combat
[DEBUG] Event: MouseMotion scene=combat
[DEBUG] Event: MouseMotion scene=combat
[DEBUG] Event: MouseMotion scene=combat
[DEBUG] frame=21600 scene=combat fps=61
[DEBUG] Event: MouseMotion scene=combat
[DEBUG] Event: KeyUp scene=combat
[DEBUG] Event: MouseMotion scene=combat
[DEBUG] Event: MouseMotion scene=combat
[DEBUG] Event: MouseMotion scene=combat
[DEBUG] Event: MouseMotion scene=combat
[DEBUG] Event: MouseMotion scene=combat
[DEBUG] Event: MouseMotion scene=combat
[DEBUG] Event: KeyDown scene=combat
[DEBUG] Event: MouseMotion scene=combat
[DEBUG] Event: MouseMotion scene=combat
[DEBUG] Event: KeyUp scene=combat
[DEBUG] Event: KeyUp scene=combat
[DEBUG] Event: MouseMotion scene=combat
[DEBUG] Event: MouseMotion scene=combat
[DEBUG] Event: MouseMotion scene=combat
[DEBUG] Event: MouseMotion scene=combat
[DEBUG] Event: MouseMotion scene=combat
[DEBUG] Event: MouseMotion scene=combat
[DEBUG] Event: MouseMotion scene=combat
[DEBUG] Event: MouseMotion scene=combat
[DEBUG] Event: MouseMotion scene=combat
[DEBUG] Event: MouseMotion scene=combat
[DEBUG] frame=21660 scene=combat fps=62
[DEBUG] Event: KeyDown scene=combat
[DEBUG] Event: MouseMotion scene=combat
[DEBUG] Event: KeyUp scene=combat
[DEBUG] Event: MouseMotion scene=combat
[DEBUG] Event: MouseMotion scene=combat
[DEBUG] Event: MouseMotion scene=combat
[DEBUG] Event: MouseMotion scene=combat
[DEBUG] Event: MouseMotion scene=combat
[DEBUG] Event: MouseMotion scene=combat
[DEBUG] Event: MouseMotion scene=combat
[DEBUG] Event: MouseMotion scene=combat
[DEBUG] Event: MouseMotion scene=combat
[DEBUG] Event: MouseMotion scene=combat
[DEBUG] Event: MouseMotion scene=combat
[DEBUG] Event: MouseMotion scene=combat
[DEBUG] Event: MouseMotion scene=combat
[DEBUG] Event: MouseMotion scene=combat
[DEBUG] Event: MouseMotion scene=combat
[DEBUG] Event: MouseMotion scene=combat
[DEBUG] Event: MouseMotion scene=combat
[DEBUG] Event: MouseMotion scene=combat
[DEBUG] Event: ActiveEvent scene=combat
[DEBUG] Event: WindowLeave scene=combat
[DEBUG] Event: ActiveEvent scene=combat
[DEBUG] Event: WindowEnter scene=combat
[DEBUG] Event: MouseMotion scene=combat
[DEBUG] Event: MouseMotion scene=combat
[DEBUG] Event: MouseMotion scene=combat
[DEBUG] Event: MouseMotion scene=combat
[DEBUG] frame=21720 scene=combat fps=60
[DEBUG] Event: MouseMotion scene=combat
[DEBUG] Event: MouseMotion scene=combat
[DEBUG] Event: MouseMotion scene=combat
[DEBUG] Event: MouseMotion scene=combat
[DEBUG] Event: MouseMotion scene=combat
[DEBUG] Event: MouseMotion scene=combat
[DEBUG] Event: MouseMotion scene=combat
[DEBUG] Event: MouseMotion scene=combat
[DEBUG] Event: MouseMotion scene=combat
[DEBUG] Event: MouseMotion scene=combat
[DEBUG] Event: MouseMotion scene=combat
[DEBUG] Event: MouseMotion scene=combat
[DEBUG] Event: MouseMotion scene=combat
[DEBUG] Event: MouseMotion scene=combat
[DEBUG] Event: MouseMotion scene=combat
[DEBUG] Event: MouseMotion scene=combat
[DEBUG] Event: MouseMotion scene=combat
[DEBUG] Event: MouseMotion scene=combat
[DEBUG] Event: MouseMotion scene=combat
[DEBUG] Event: MouseMotion scene=combat
[DEBUG] Event: MouseMotion scene=combat
[DEBUG] Event: MouseMotion scene=combat
[DEBUG] Event: MouseMotion scene=combat
[DEBUG] Event: MouseMotion scene=combat
[DEBUG] Event: MouseMotion scene=combat
[DEBUG] Event: MouseMotion scene=combat
[DEBUG] Event: MouseMotion scene=combat
[DEBUG] Event: MouseMotion scene=combat
[DEBUG] Event: MouseMotion scene=combat
[DEBUG] Event: MouseMotion scene=combat
[DEBUG] Event: MouseMotion scene=combat
[DEBUG] Event: MouseMotion scene=combat
[DEBUG] Event: MouseMotion scene=combat
[DEBUG] Event: MouseMotion scene=combat
[DEBUG] Event: MouseMotion scene=combat
[DEBUG] Event: MouseMotion scene=combat
[DEBUG] Event: MouseMotion scene=combat
[DEBUG] frame=21780 scene=combat fps=61
[DEBUG] Event: MouseMotion scene=combat
[DEBUG] Event: MouseMotion scene=combat
[DEBUG] Event: MouseMotion scene=combat
[DEBUG] Event: MouseMotion scene=combat
[DEBUG] Event: MouseMotion scene=combat
[DEBUG] Event: MouseMotion scene=combat
[DEBUG] Event: MouseMotion scene=combat
[DEBUG] Event: MouseMotion scene=combat
[DEBUG] Event: MouseMotion scene=combat
[DEBUG] Event: MouseMotion scene=combat
[DEBUG] Event: MouseMotion scene=combat
[DEBUG] Event: MouseMotion scene=combat
[DEBUG] Event: MouseMotion scene=combat
[DEBUG] Event: MouseMotion scene=combat
[DEBUG] Event: MouseMotion scene=combat
[DEBUG] Event: MouseMotion scene=combat
[DEBUG] Event: MouseMotion scene=combat
[DEBUG] Event: MouseMotion scene=combat
[DEBUG] Event: MouseMotion scene=combat
[DEBUG] Event: MouseMotion scene=combat
[DEBUG] Event: MouseMotion scene=combat
[DEBUG] Event: MouseMotion scene=combat
[DEBUG] Event: MouseMotion scene=combat
[DEBUG] Event: MouseMotion scene=combat
[DEBUG] Event: MouseMotion scene=combat
[DEBUG] Event: MouseMotion scene=combat
[DEBUG] Event: MouseMotion scene=combat
[DEBUG] Event: MouseMotion scene=combat
[DEBUG] Event: MouseMotion scene=combat
[DEBUG] Event: MouseMotion scene=combat
[DEBUG] Event: MouseMotion scene=combat
[DEBUG] Event: MouseMotion scene=combat
[DEBUG] Event: MouseMotion scene=combat
[DEBUG] Event: MouseMotion scene=combat
[DEBUG] Event: MouseMotion scene=combat
[DEBUG] Event: MouseMotion scene=combat
[DEBUG] Event: MouseMotion scene=combat
[DEBUG] Event: MouseMotion scene=combat
[DEBUG] Event: MouseMotion scene=combat
[DEBUG] Event: MouseMotion scene=combat
[DEBUG] Event: MouseMotion scene=combat
[DEBUG] Event: MouseMotion scene=combat
[DEBUG] Event: MouseMotion scene=combat
[DEBUG] Event: MouseMotion scene=combat
[DEBUG] frame=21840 scene=combat fps=61
[DEBUG] Event: MouseMotion scene=combat
[DEBUG] Event: MouseMotion scene=combat
[DEBUG] Event: MouseMotion scene=combat
[DEBUG] Event: MouseMotion scene=combat
[DEBUG] Event: MouseMotion scene=combat
[DEBUG] Event: MouseMotion scene=combat
[DEBUG] Event: MouseMotion scene=combat
[DEBUG] Event: MouseMotion scene=combat
[DEBUG] Event: MouseMotion scene=combat
[DEBUG] Event: MouseMotion scene=combat
[DEBUG] Event: MouseMotion scene=combat
[DEBUG] Event: MouseMotion scene=combat
[DEBUG] Event: MouseMotion scene=combat
[DEBUG] Event: MouseMotion scene=combat
[DEBUG] Event: MouseMotion scene=combat
[DEBUG] Event: MouseMotion scene=combat
[DEBUG] Event: MouseMotion scene=combat
[DEBUG] Event: MouseMotion scene=combat
[DEBUG] Event: MouseMotion scene=combat
[DEBUG] Event: MouseMotion scene=combat
[DEBUG] Event: MouseMotion scene=combat
[DEBUG] Event: MouseMotion scene=combat
[DEBUG] Event: MouseMotion scene=combat
[DEBUG] Event: MouseMotion scene=combat
[DEBUG] Event: MouseMotion scene=combat
[DEBUG] Event: MouseMotion scene=combat
[DEBUG] Event: MouseMotion scene=combat
[DEBUG] Event: MouseMotion scene=combat
[DEBUG] Event: MouseMotion scene=combat
[DEBUG] Event: MouseMotion scene=combat
[DEBUG] Event: MouseMotion scene=combat
[DEBUG] Event: MouseMotion scene=combat
[DEBUG] Event: MouseMotion scene=combat
[DEBUG] Event: MouseMotion scene=combat
[DEBUG] Event: MouseMotion scene=combat
[DEBUG] Event: MouseMotion scene=combat
[DEBUG] Event: MouseMotion scene=combat
[DEBUG] Event: MouseMotion scene=combat
[DEBUG] Event: MouseMotion scene=combat
[DEBUG] Event: MouseMotion scene=combat
[DEBUG] Event: MouseMotion scene=combat
[DEBUG] Event: MouseMotion scene=combat
[DEBUG] Event: MouseMotion scene=combat
[DEBUG] Event: MouseMotion scene=combat
[DEBUG] Event: MouseMotion scene=combat
[DEBUG] Event: MouseMotion scene=combat
[DEBUG] Event: MouseMotion scene=combat
[DEBUG] frame=21900 scene=combat fps=61
[DEBUG] Event: MouseMotion scene=combat
[DEBUG] Event: MouseMotion scene=combat
[DEBUG] Event: MouseMotion scene=combat
[DEBUG] Event: MouseMotion scene=combat
[DEBUG] Event: MouseMotion scene=combat
[DEBUG] Event: MouseMotion scene=combat
[DEBUG] Event: MouseMotion scene=combat
[DEBUG] Event: MouseMotion scene=combat
[DEBUG] Event: MouseMotion scene=combat
[DEBUG] Event: MouseMotion scene=combat
[DEBUG] Event: MouseMotion scene=combat
[DEBUG] Event: MouseMotion scene=combat
[DEBUG] Event: MouseMotion scene=combat
[DEBUG] Event: MouseMotion scene=combat
[DEBUG] Event: MouseMotion scene=combat
[DEBUG] Event: MouseMotion scene=combat
[DEBUG] Event: MouseMotion scene=combat
[DEBUG] Event: MouseMotion scene=combat
[DEBUG] Event: MouseMotion scene=combat
[DEBUG] Event: MouseMotion scene=combat
[DEBUG] Event: MouseMotion scene=combat
[DEBUG] Event: MouseMotion scene=combat
[DEBUG] Event: MouseMotion scene=combat
[DEBUG] Event: MouseMotion scene=combat
[DEBUG] Event: MouseMotion scene=combat
[DEBUG] Event: MouseMotion scene=combat
[DEBUG] Event: MouseMotion scene=combat
[DEBUG] Event: MouseMotion scene=combat
[DEBUG] Event: MouseMotion scene=combat
[DEBUG] Event: MouseMotion scene=combat
[DEBUG] Event: MouseMotion scene=combat
[DEBUG] Event: MouseMotion scene=combat
[DEBUG] Event: MouseMotion scene=combat
[DEBUG] frame=21960 scene=combat fps=61
[DEBUG] Event: MouseMotion scene=combat
[DEBUG] Event: MouseMotion scene=combat
[DEBUG] Event: MouseMotion scene=combat
[DEBUG] Event: MouseMotion scene=combat
[DEBUG] Event: MouseMotion scene=combat
[DEBUG] Event: MouseMotion scene=combat
[DEBUG] Event: MouseMotion scene=combat
[DEBUG] Event: MouseMotion scene=combat
[DEBUG] Event: MouseMotion scene=combat
[DEBUG] Event: MouseButtonDown scene=combat
[DEBUG] Event: MouseMotion scene=combat
[DEBUG] Event: MouseMotion scene=combat
[DEBUG] Event: MouseButtonUp scene=combat
[DEBUG] Event: MouseMotion scene=combat
[DEBUG] Event: MouseMotion scene=combat
[DEBUG] Event: MouseMotion scene=combat
[DEBUG] Event: KeyDown scene=combat
[DEBUG] Event: MouseMotion scene=combat
[DEBUG] Event: MouseMotion scene=combat
[DEBUG] Event: MouseMotion scene=combat
[DEBUG] Event: MouseMotion scene=combat
[DEBUG] Event: MouseMotion scene=combat
[DEBUG] Event: MouseMotion scene=combat
[DEBUG] Event: MouseMotion scene=combat
[DEBUG] Event: KeyDown scene=combat
[DEBUG] Event: MouseMotion scene=combat
[DEBUG] Event: MouseMotion scene=combat
[DEBUG] Event: MouseMotion scene=combat
[DEBUG] Event: MouseMotion scene=combat
[DEBUG] Event: MouseMotion scene=combat
[DEBUG] Event: MouseMotion scene=combat
[DEBUG] Event: MouseMotion scene=combat
[DEBUG] Event: MouseMotion scene=combat
[DEBUG] Event: MouseMotion scene=combat
[DEBUG] Event: MouseMotion scene=combat
[DEBUG] Event: MouseMotion scene=combat
[DEBUG] Event: MouseMotion scene=combat
[DEBUG] Event: MouseMotion scene=combat
[DEBUG] Event: MouseMotion scene=combat
[DEBUG] Event: MouseMotion scene=combat
[DEBUG] Event: MouseMotion scene=combat
[DEBUG] Event: MouseMotion scene=combat
[DEBUG] Event: MouseMotion scene=combat
[DEBUG] frame=22020 scene=combat fps=61
[DEBUG] Event: MouseMotion scene=combat
[DEBUG] Event: MouseMotion scene=combat
[DEBUG] Event: MouseMotion scene=combat
[DEBUG] Event: MouseMotion scene=combat
[DEBUG] Event: MouseMotion scene=combat
[DEBUG] Event: MouseMotion scene=combat
[DEBUG] Event: MouseMotion scene=combat
[DEBUG] Event: MouseMotion scene=combat
[DEBUG] Event: MouseMotion scene=combat
[DEBUG] Event: MouseMotion scene=combat
[DEBUG] Event: MouseMotion scene=combat
[DEBUG] Event: MouseButtonDown scene=combat
[DEBUG] Event: MouseMotion scene=combat
[DEBUG] Event: KeyUp scene=combat
[DEBUG] Event: MouseButtonUp scene=combat
[DEBUG] Event: MouseMotion scene=combat
[DEBUG] Event: MouseMotion scene=combat
[DEBUG] Event: MouseMotion scene=combat
[DEBUG] Event: MouseMotion scene=combat
[DEBUG] Event: MouseMotion scene=combat
[DEBUG] Event: MouseMotion scene=combat
[DEBUG] Event: MouseMotion scene=combat
[DEBUG] Event: MouseMotion scene=combat
[DEBUG] Event: MouseMotion scene=combat
[DEBUG] Event: MouseMotion scene=combat
[DEBUG] Event: MouseMotion scene=combat
[DEBUG] Event: MouseMotion scene=combat
[DEBUG] Event: MouseMotion scene=combat
[DEBUG] Event: MouseMotion scene=combat
[DEBUG] Event: MouseMotion scene=combat
[DEBUG] Event: MouseMotion scene=combat
[DEBUG] Event: MouseMotion scene=combat
[DEBUG] Event: MouseMotion scene=combat
[DEBUG] Event: MouseMotion scene=combat
[DEBUG] Event: MouseMotion scene=combat
[DEBUG] Event: MouseMotion scene=combat
[DEBUG] Event: MouseMotion scene=combat
[DEBUG] Event: MouseMotion scene=combat
[DEBUG] Event: MouseMotion scene=combat
[DEBUG] Event: MouseMotion scene=combat
[DEBUG] Event: MouseMotion scene=combat
[DEBUG] Event: MouseMotion scene=combat
[DEBUG] Event: MouseMotion scene=combat
[DEBUG] Event: MouseMotion scene=combat
[DEBUG] Event: MouseMotion scene=combat
[DEBUG] Event: MouseMotion scene=combat
[DEBUG] Event: MouseMotion scene=combat
[DEBUG] Event: MouseMotion scene=combat
[DEBUG] Event: KeyDown scene=combat
[DEBUG] Event: MouseMotion scene=combat
[DEBUG] Event: MouseMotion scene=combat
[DEBUG] Event: MouseMotion scene=combat
[DEBUG] Event: MouseMotion scene=combat
[DEBUG] Event: MouseMotion scene=combat
[DEBUG] frame=22080 scene=combat fps=61
[DEBUG] Event: MouseMotion scene=combat
[DEBUG] Event: MouseMotion scene=combat
[DEBUG] Event: MouseMotion scene=combat
[DEBUG] Event: MouseMotion scene=combat
[DEBUG] Event: MouseMotion scene=combat
[DEBUG] Event: MouseMotion scene=combat
[DEBUG] Event: KeyUp scene=combat
[DEBUG] Event: MouseMotion scene=combat
[DEBUG] Event: MouseMotion scene=combat
[DEBUG] Event: MouseMotion scene=combat
[DEBUG] Event: MouseMotion scene=combat
[DEBUG] Event: MouseMotion scene=combat
[DEBUG] Event: MouseMotion scene=combat
[DEBUG] Event: MouseMotion scene=combat
[DEBUG] Event: MouseMotion scene=combat
[DEBUG] Event: MouseMotion scene=combat
[DEBUG] Event: MouseMotion scene=combat
[DEBUG] Event: KeyUp scene=combat
[DEBUG] Event: MouseMotion scene=combat
[DEBUG] Event: MouseMotion scene=combat
[DEBUG] Event: MouseMotion scene=combat
[DEBUG] Event: MouseMotion scene=combat
[DEBUG] Event: MouseMotion scene=combat
[DEBUG] Event: MouseMotion scene=combat
[DEBUG] Event: MouseMotion scene=combat
[DEBUG] Event: KeyDown scene=combat
[DEBUG] Event: MouseMotion scene=combat
[DEBUG] Event: MouseMotion scene=combat
[DEBUG] Event: MouseMotion scene=combat
[DEBUG] Event: MouseMotion scene=combat
[DEBUG] Event: MouseMotion scene=combat
[DEBUG] Event: MouseMotion scene=combat
[DEBUG] Event: MouseMotion scene=combat
[DEBUG] Event: MouseMotion scene=combat
[DEBUG] Event: MouseMotion scene=combat
[DEBUG] Event: MouseMotion scene=combat
[DEBUG] Event: MouseMotion scene=combat
[DEBUG] Event: MouseMotion scene=combat
[DEBUG] Event: MouseMotion scene=combat
[DEBUG] Event: MouseMotion scene=combat
[DEBUG] Event: MouseMotion scene=combat
[DEBUG] Event: MouseMotion scene=combat
[DEBUG] Event: MouseButtonDown scene=combat
[DEBUG] Event: KeyUp scene=combat
[DEBUG] Event: MouseMotion scene=combat
[DEBUG] Event: MouseMotion scene=combat
[DEBUG] Event: MouseMotion scene=combat
[DEBUG] Event: MouseMotion scene=combat
[DEBUG] Event: MouseButtonUp scene=combat
[DEBUG] Event: MouseMotion scene=combat
[DEBUG] Event: MouseMotion scene=combat
[DEBUG] Event: MouseMotion scene=combat
[DEBUG] Event: MouseMotion scene=combat
[DEBUG] Event: MouseButtonDown scene=combat
[DEBUG] Event: MouseMotion scene=combat
[DEBUG] Event: MouseButtonUp scene=combat
[DEBUG] Event: MouseMotion scene=combat
[DEBUG] Event: MouseMotion scene=combat
[DEBUG] Event: MouseMotion scene=combat
[DEBUG] Event: MouseMotion scene=combat
[DEBUG] frame=22140 scene=combat fps=60
[DEBUG] Event: MouseButtonDown scene=combat
[DEBUG] Event: MouseMotion scene=combat
[DEBUG] Event: MouseMotion scene=combat
[DEBUG] Event: MouseButtonUp scene=combat
[DEBUG] Event: MouseMotion scene=combat
[DEBUG] Event: MouseMotion scene=combat
[DEBUG] Event: MouseMotion scene=combat
[DEBUG] Event: MouseMotion scene=combat
[DEBUG] Event: MouseMotion scene=combat
[DEBUG] Event: KeyDown scene=combat
[DEBUG] Event: MouseMotion scene=combat
[DEBUG] Event: MouseButtonDown scene=combat
[DEBUG] Event: MouseMotion scene=combat
[DEBUG] Event: MouseMotion scene=combat
[DEBUG] Event: MouseMotion scene=combat
[DEBUG] Event: MouseMotion scene=combat
[DEBUG] Event: MouseMotion scene=combat
[DEBUG] Event: MouseMotion scene=combat
[DEBUG] Event: MouseMotion scene=combat
[DEBUG] Event: MouseMotion scene=combat
[DEBUG] Event: MouseMotion scene=combat
[DEBUG] Event: MouseButtonUp scene=combat
[DEBUG] Event: KeyUp scene=combat
[DEBUG] Event: MouseMotion scene=combat
[DEBUG] Event: MouseMotion scene=combat
[DEBUG] Event: MouseMotion scene=combat
[DEBUG] Event: MouseButtonDown scene=combat
[DEBUG] Event: MouseMotion scene=combat
[DEBUG] Event: MouseMotion scene=combat
[DEBUG] Event: MouseMotion scene=combat
[DEBUG] Event: MouseMotion scene=combat
[DEBUG] Event: MouseButtonUp scene=combat
[DEBUG] Event: KeyDown scene=combat
[DEBUG] Event: MouseMotion scene=combat
[DEBUG] Event: MouseMotion scene=combat
[DEBUG] Event: MouseMotion scene=combat
[DEBUG] Event: MouseMotion scene=combat
[DEBUG] Event: MouseMotion scene=combat
[DEBUG] Event: MouseButtonDown scene=combat
[DEBUG] Event: MouseMotion scene=combat
[DEBUG] Event: MouseMotion scene=combat
[DEBUG] Event: MouseButtonUp scene=combat
[DEBUG] Event: MouseMotion scene=combat
[DEBUG] Event: MouseMotion scene=combat
[DEBUG] Event: MouseMotion scene=combat
[DEBUG] Event: MouseMotion scene=combat
[DEBUG] Event: MouseMotion scene=combat
[DEBUG] Event: MouseButtonDown scene=combat
[DEBUG] Event: MouseMotion scene=combat
[DEBUG] Event: MouseMotion scene=combat
[DEBUG] Event: MouseMotion scene=combat
[DEBUG] Event: MouseMotion scene=combat
[DEBUG] Event: MouseButtonUp scene=combat
[DEBUG] Event: MouseMotion scene=combat
[DEBUG] Event: MouseMotion scene=combat
[DEBUG] Event: MouseMotion scene=combat
[DEBUG] Event: MouseMotion scene=combat
[DEBUG] Event: MouseMotion scene=combat
[DEBUG] Event: MouseButtonDown scene=combat
[DEBUG] Event: MouseMotion scene=combat
[DEBUG] Event: MouseMotion scene=combat
[DEBUG] frame=22200 scene=combat fps=61
[DEBUG] Event: MouseMotion scene=combat
[DEBUG] Event: MouseMotion scene=combat
[DEBUG] Event: MouseButtonUp scene=combat
[DEBUG] Event: MouseMotion scene=combat
[DEBUG] Event: MouseMotion scene=combat
[DEBUG] Event: MouseMotion scene=combat
[DEBUG] Event: MouseMotion scene=combat
[DEBUG] Event: MouseMotion scene=combat
[DEBUG] Event: MouseMotion scene=combat
[DEBUG] Event: MouseMotion scene=combat
[DEBUG] Event: MouseMotion scene=combat
[DEBUG] Event: MouseMotion scene=combat
[DEBUG] Event: MouseMotion scene=combat
[DEBUG] Event: MouseMotion scene=combat
[DEBUG] Event: MouseMotion scene=combat
[DEBUG] Event: MouseMotion scene=combat
[DEBUG] Event: MouseMotion scene=combat
[DEBUG] Event: MouseButtonDown scene=combat
[DEBUG] Event: MouseMotion scene=combat
[DEBUG] Event: MouseMotion scene=combat
[DEBUG] Event: MouseMotion scene=combat
[DEBUG] Event: MouseMotion scene=combat
[DEBUG] Event: MouseMotion scene=combat
[DEBUG] Event: MouseMotion scene=combat
[DEBUG] Event: MouseMotion scene=combat
[DEBUG] Event: MouseButtonUp scene=combat
[DEBUG] Event: KeyUp scene=combat
[DEBUG] Event: MouseMotion scene=combat
[DEBUG] Event: MouseMotion scene=combat
[DEBUG] Event: MouseMotion scene=combat
[DEBUG] Event: MouseMotion scene=combat
[DEBUG] Event: MouseMotion scene=combat
[DEBUG] Event: KeyDown scene=combat
[DEBUG] Event: MouseMotion scene=combat
[DEBUG] Event: MouseMotion scene=combat
[DEBUG] Event: MouseMotion scene=combat
[DEBUG] Event: MouseMotion scene=combat
[DEBUG] Event: MouseMotion scene=combat
[DEBUG] Event: MouseMotion scene=combat
[DEBUG] Event: MouseMotion scene=combat
[DEBUG] Event: MouseMotion scene=combat
[DEBUG] Event: MouseMotion scene=combat
[DEBUG] Event: MouseMotion scene=combat
[DEBUG] Event: MouseMotion scene=combat
[DEBUG] Event: MouseMotion scene=combat
[DEBUG] Event: MouseMotion scene=combat
[DEBUG] Event: MouseMotion scene=combat
[DEBUG] Event: MouseMotion scene=combat
[DEBUG] Event: MouseMotion scene=combat
[DEBUG] Event: MouseMotion scene=combat
[DEBUG] Event: MouseMotion scene=combat
[DEBUG] Event: MouseMotion scene=combat
[DEBUG] Event: MouseMotion scene=combat
[DEBUG] Event: MouseMotion scene=combat
[DEBUG] Event: MouseMotion scene=combat
[DEBUG] Event: MouseMotion scene=combat
[DEBUG] Event: MouseMotion scene=combat
[DEBUG] Event: MouseMotion scene=combat
[DEBUG] Event: MouseMotion scene=combat
[DEBUG] Event: MouseMotion scene=combat
[DEBUG] Event: MouseMotion scene=combat
[DEBUG] Event: MouseMotion scene=combat
[DEBUG] frame=22260 scene=combat fps=59
[DEBUG] Event: MouseMotion scene=combat
[DEBUG] Event: MouseMotion scene=combat
[DEBUG] Event: MouseMotion scene=combat
[DEBUG] Event: MouseMotion scene=combat
[DEBUG] Event: MouseMotion scene=combat
[DEBUG] Event: MouseMotion scene=combat
[DEBUG] Event: MouseMotion scene=combat
[DEBUG] Event: MouseMotion scene=combat
[DEBUG] Event: MouseMotion scene=combat
[DEBUG] Event: MouseMotion scene=combat
[DEBUG] Event: MouseMotion scene=combat
[DEBUG] Event: MouseMotion scene=combat
[DEBUG] Event: MouseMotion scene=combat
[DEBUG] Event: MouseMotion scene=combat
[DEBUG] Event: MouseMotion scene=combat
[DEBUG] Event: MouseMotion scene=combat
[DEBUG] Event: MouseMotion scene=combat
[DEBUG] Event: MouseMotion scene=combat
[DEBUG] Event: MouseMotion scene=combat
[DEBUG] Event: MouseButtonDown scene=combat
[DEBUG] Event: MouseMotion scene=combat
[DEBUG] Event: MouseMotion scene=combat
[DEBUG] Event: MouseMotion scene=combat
[DEBUG] Event: MouseMotion scene=combat
[DEBUG] Event: MouseMotion scene=combat
[DEBUG] Event: MouseMotion scene=combat
[DEBUG] Event: MouseMotion scene=combat
[DEBUG] Event: MouseMotion scene=combat
[DEBUG] Event: MouseButtonUp scene=combat
[DEBUG] Event: MouseMotion scene=combat
[DEBUG] Event: MouseMotion scene=combat
[DEBUG] Event: MouseMotion scene=combat
[DEBUG] Event: KeyDown scene=combat
[DEBUG] Event: MouseMotion scene=combat
[DEBUG] Event: MouseMotion scene=combat
[DEBUG] Event: MouseMotion scene=combat
[DEBUG] Event: MouseMotion scene=combat
[DEBUG] Event: MouseMotion scene=combat
[DEBUG] Event: MouseMotion scene=combat
[DEBUG] Event: MouseMotion scene=combat
[DEBUG] Event: MouseMotion scene=combat
[DEBUG] Event: MouseMotion scene=combat
[DEBUG] Event: MouseMotion scene=combat
[DEBUG] Event: MouseMotion scene=combat
[DEBUG] Event: MouseMotion scene=combat
[DEBUG] Event: MouseMotion scene=combat
[DEBUG] Event: MouseButtonDown scene=combat
[DEBUG] Event: MouseMotion scene=combat
[DEBUG] Event: MouseMotion scene=combat
[DEBUG] Event: KeyUp scene=combat
[DEBUG] Event: MouseMotion scene=combat
[DEBUG] Event: MouseButtonDown scene=combat
[DEBUG] Event: MouseButtonUp scene=combat
[DEBUG] Event: MouseMotion scene=combat
[DEBUG] Event: MouseMotion scene=combat
[DEBUG] Event: MouseMotion scene=combat
[DEBUG] Event: MouseMotion scene=combat
[DEBUG] Event: KeyUp scene=combat
[DEBUG] Event: MouseMotion scene=combat
[DEBUG] Event: MouseButtonUp scene=combat
[DEBUG] Event: MouseMotion scene=combat
[DEBUG] Event: MouseMotion scene=combat
[DEBUG] Event: MouseMotion scene=combat
[DEBUG] frame=22320 scene=combat fps=60
[DEBUG] Event: MouseMotion scene=combat
[DEBUG] Event: KeyDown scene=combat
[DEBUG] Event: MouseMotion scene=combat
[DEBUG] Event: MouseMotion scene=combat
[DEBUG] Event: MouseButtonDown scene=combat
[DEBUG] Event: MouseMotion scene=combat
[DEBUG] Event: MouseMotion scene=combat
[DEBUG] Event: MouseMotion scene=combat
[DEBUG] Event: MouseMotion scene=combat
[DEBUG] Event: MouseButtonUp scene=combat
[DEBUG] Event: MouseMotion scene=combat
[DEBUG] Event: MouseMotion scene=combat
[DEBUG] Event: MouseMotion scene=combat
[DEBUG] Event: MouseMotion scene=combat
[DEBUG] Event: MouseButtonDown scene=combat
[DEBUG] Event: KeyDown scene=combat
[DEBUG] Event: KeyUp scene=combat
[DEBUG] Event: MouseMotion scene=combat
[DEBUG] Event: MouseMotion scene=combat
[DEBUG] Event: MouseMotion scene=combat
[DEBUG] Event: MouseButtonUp scene=combat
[DEBUG] Event: MouseMotion scene=combat
[DEBUG] Event: MouseMotion scene=combat
[DEBUG] Event: MouseMotion scene=combat
[DEBUG] Event: MouseMotion scene=combat
[DEBUG] Event: MouseMotion scene=combat
[DEBUG] Event: MouseButtonDown scene=combat
[DEBUG] Event: MouseMotion scene=combat
[DEBUG] Event: MouseMotion scene=combat
[DEBUG] Event: MouseMotion scene=combat
[DEBUG] Event: MouseMotion scene=combat
[DEBUG] Event: MouseMotion scene=combat
[DEBUG] Event: KeyUp scene=combat
[DEBUG] Event: MouseMotion scene=combat
[DEBUG] Event: MouseMotion scene=combat
[DEBUG] Event: MouseMotion scene=combat
[DEBUG] Event: MouseMotion scene=combat
[DEBUG] Event: MouseButtonUp scene=combat
[DEBUG] Event: MouseMotion scene=combat
[DEBUG] Event: MouseMotion scene=combat
[DEBUG] Event: KeyDown scene=combat
[DEBUG] Event: MouseMotion scene=combat
[DEBUG] Event: MouseMotion scene=combat
[DEBUG] Event: MouseMotion scene=combat
[DEBUG] Event: MouseButtonDown scene=combat
[DEBUG] Event: MouseMotion scene=combat
[DEBUG] Event: MouseMotion scene=combat
[DEBUG] Event: MouseMotion scene=combat
[DEBUG] Event: MouseMotion scene=combat
[DEBUG] Event: MouseMotion scene=combat
[DEBUG] Event: MouseButtonUp scene=combat
[DEBUG] Event: MouseMotion scene=combat
[DEBUG] Event: MouseButtonDown scene=combat
[DEBUG] Event: KeyDown scene=combat
[DEBUG] Event: MouseMotion scene=combat
[DEBUG] Event: MouseMotion scene=combat
[DEBUG] Event: MouseMotion scene=combat
[DEBUG] Event: MouseMotion scene=combat
[DEBUG] Event: MouseMotion scene=combat
[DEBUG] Event: MouseMotion scene=combat
[DEBUG] Event: KeyUp scene=combat
[DEBUG] Event: MouseMotion scene=combat
[DEBUG] Event: MouseButtonUp scene=combat
[DEBUG] Event: MouseMotion scene=combat
[DEBUG] Event: MouseMotion scene=combat
[DEBUG] frame=22380 scene=combat fps=60
[DEBUG] Event: MouseMotion scene=combat
[DEBUG] Event: MouseButtonDown scene=combat
[DEBUG] Event: MouseMotion scene=combat
[DEBUG] Event: KeyUp scene=combat
[DEBUG] Event: MouseMotion scene=combat
[DEBUG] Event: MouseMotion scene=combat
[DEBUG] Event: MouseMotion scene=combat
[DEBUG] Event: MouseMotion scene=combat
[DEBUG] Event: MouseButtonUp scene=combat
[DEBUG] Event: MouseMotion scene=combat
[DEBUG] Event: KeyDown scene=combat
[DEBUG] Event: MouseMotion scene=combat
[DEBUG] Event: MouseMotion scene=combat
[DEBUG] Event: MouseMotion scene=combat
[DEBUG] Event: MouseButtonDown scene=combat
[DEBUG] Event: MouseMotion scene=combat
[DEBUG] Event: MouseMotion scene=combat
[DEBUG] Event: MouseMotion scene=combat
[DEBUG] Event: MouseMotion scene=combat
[DEBUG] Event: MouseButtonUp scene=combat
[DEBUG] Event: MouseMotion scene=combat
[DEBUG] Event: MouseMotion scene=combat
[DEBUG] Event: MouseMotion scene=combat
[DEBUG] Event: MouseMotion scene=combat
[DEBUG] Event: MouseMotion scene=combat
[DEBUG] Event: MouseMotion scene=combat
[DEBUG] Event: MouseButtonDown scene=combat
[DEBUG] Event: MouseMotion scene=combat
[DEBUG] Event: MouseMotion scene=combat
[DEBUG] Event: MouseButtonUp scene=combat
[DEBUG] Event: MouseMotion scene=combat
[DEBUG] Event: MouseMotion scene=combat
[DEBUG] Event: MouseMotion scene=combat
[DEBUG] Event: MouseMotion scene=combat
[DEBUG] Event: MouseMotion scene=combat
[DEBUG] Event: MouseMotion scene=combat
[DEBUG] Event: MouseMotion scene=combat
[DEBUG] Event: MouseMotion scene=combat
[DEBUG] Event: MouseMotion scene=combat
[DEBUG] Event: KeyUp scene=combat
[DEBUG] Event: MouseMotion scene=combat
[DEBUG] Event: MouseMotion scene=combat
[DEBUG] Event: MouseMotion scene=combat
[DEBUG] Event: MouseMotion scene=combat
[DEBUG] Event: MouseMotion scene=combat
[DEBUG] Event: MouseMotion scene=combat
[DEBUG] Event: MouseMotion scene=combat
[DEBUG] Event: MouseMotion scene=combat
[DEBUG] Event: MouseButtonDown scene=combat
[DEBUG] Event: MouseMotion scene=combat
[DEBUG] Event: MouseMotion scene=combat
[DEBUG] Event: MouseMotion scene=combat
[DEBUG] Event: MouseMotion scene=combat
[DEBUG] Event: MouseMotion scene=combat
[DEBUG] Event: MouseButtonUp scene=combat
[DEBUG] Event: MouseMotion scene=combat
[DEBUG] Event: KeyDown scene=combat
[DEBUG] Event: MouseMotion scene=combat
[DEBUG] Event: MouseMotion scene=combat
[DEBUG] Event: MouseMotion scene=combat
[DEBUG] frame=22440 scene=combat fps=61
[DEBUG] Event: MouseMotion scene=combat
[DEBUG] Event: MouseMotion scene=combat
[DEBUG] Event: MouseMotion scene=combat
[DEBUG] Event: MouseMotion scene=combat
[DEBUG] Event: MouseMotion scene=combat
[DEBUG] Event: MouseMotion scene=combat
[DEBUG] Event: MouseMotion scene=combat
[DEBUG] Event: MouseMotion scene=combat
[DEBUG] Event: MouseMotion scene=combat
[DEBUG] Event: KeyUp scene=combat
[DEBUG] Event: KeyDown scene=combat
[DEBUG] Event: MouseMotion scene=combat
[DEBUG] Event: MouseMotion scene=combat
[DEBUG] Event: MouseMotion scene=combat
[DEBUG] Event: MouseMotion scene=combat
[DEBUG] Event: MouseMotion scene=combat
[DEBUG] Event: MouseMotion scene=combat
[DEBUG] Event: MouseMotion scene=combat
[DEBUG] Event: MouseMotion scene=combat
[DEBUG] Event: MouseMotion scene=combat
[DEBUG] Event: MouseMotion scene=combat
[DEBUG] Event: MouseMotion scene=combat
[DEBUG] Event: MouseMotion scene=combat
[DEBUG] Event: MouseMotion scene=combat
[DEBUG] Event: MouseMotion scene=combat
[DEBUG] Event: MouseMotion scene=combat
[DEBUG] Event: MouseMotion scene=combat
[DEBUG] Event: MouseMotion scene=combat
[DEBUG] Event: MouseMotion scene=combat
[DEBUG] Event: MouseMotion scene=combat
[DEBUG] Event: MouseMotion scene=combat
[DEBUG] Event: MouseMotion scene=combat
[DEBUG] Event: MouseMotion scene=combat
[DEBUG] Event: MouseMotion scene=combat
[DEBUG] Event: MouseMotion scene=combat
[DEBUG] Event: MouseMotion scene=combat
[DEBUG] Event: MouseMotion scene=combat
[DEBUG] Event: MouseMotion scene=combat
[DEBUG] Event: MouseMotion scene=combat
[DEBUG] Event: MouseMotion scene=combat
[DEBUG] Event: MouseButtonDown scene=combat
[DEBUG] Event: MouseMotion scene=combat
[DEBUG] Event: MouseMotion scene=combat
[DEBUG] Event: MouseMotion scene=combat
[DEBUG] Event: MouseButtonUp scene=combat
[DEBUG] Event: MouseMotion scene=combat
[DEBUG] Event: KeyUp scene=combat
[DEBUG] Event: MouseMotion scene=combat
[DEBUG] Event: KeyDown scene=combat
[DEBUG] Event: MouseMotion scene=combat
[DEBUG] Event: MouseMotion scene=combat
[DEBUG] frame=22500 scene=combat fps=60
[DEBUG] Event: MouseMotion scene=combat
[DEBUG] Event: MouseMotion scene=combat
[DEBUG] Event: MouseMotion scene=combat
[DEBUG] Event: MouseMotion scene=combat
[DEBUG] Event: MouseMotion scene=combat
[DEBUG] Event: MouseMotion scene=combat
[DEBUG] Event: MouseButtonDown scene=combat
[DEBUG] Event: MouseMotion scene=combat
[DEBUG] Event: MouseMotion scene=combat
[DEBUG] Event: MouseMotion scene=combat
[DEBUG] Event: MouseButtonUp scene=combat
[DEBUG] Event: MouseMotion scene=combat
[DEBUG] Event: MouseMotion scene=combat
[DEBUG] Event: MouseMotion scene=combat
[DEBUG] Event: MouseMotion scene=combat
[DEBUG] Event: MouseMotion scene=combat
[DEBUG] Event: MouseMotion scene=combat
[DEBUG] Event: MouseMotion scene=combat
[DEBUG] Event: MouseMotion scene=combat
[DEBUG] Event: MouseMotion scene=combat
[DEBUG] Event: MouseMotion scene=combat
[DEBUG] Event: MouseMotion scene=combat
[DEBUG] Event: MouseMotion scene=combat
[DEBUG] Event: MouseMotion scene=combat
[DEBUG] Event: MouseMotion scene=combat
[DEBUG] Event: MouseMotion scene=combat
[DEBUG] Event: MouseMotion scene=combat
[DEBUG] Event: MouseMotion scene=combat
[DEBUG] Event: MouseMotion scene=combat
[DEBUG] Event: MouseMotion scene=combat
[DEBUG] Event: MouseMotion scene=combat
[DEBUG] Event: MouseMotion scene=combat
[DEBUG] Event: MouseMotion scene=combat
[DEBUG] Event: MouseMotion scene=combat
[DEBUG] Event: MouseMotion scene=combat
[DEBUG] Event: MouseMotion scene=combat
[DEBUG] Event: MouseMotion scene=combat
[DEBUG] Event: MouseMotion scene=combat
[DEBUG] Event: MouseMotion scene=combat
[DEBUG] Event: KeyDown scene=combat
[DEBUG] Event: MouseMotion scene=combat
[DEBUG] Event: MouseMotion scene=combat
[DEBUG] Event: MouseMotion scene=combat
[DEBUG] Event: MouseMotion scene=combat
[DEBUG] Event: KeyUp scene=combat
[DEBUG] Event: MouseMotion scene=combat
[DEBUG] Event: MouseMotion scene=combat
[DEBUG] Event: MouseMotion scene=combat
[DEBUG] Event: MouseMotion scene=combat
[DEBUG] Event: MouseMotion scene=combat
[DEBUG] Event: MouseMotion scene=combat
[DEBUG] Event: MouseMotion scene=combat
[DEBUG] Event: MouseMotion scene=combat
[DEBUG] Event: MouseMotion scene=combat
[DEBUG] Event: MouseMotion scene=combat
[DEBUG] Event: MouseMotion scene=combat
[DEBUG] Event: MouseMotion scene=combat
[DEBUG] frame=22560 scene=combat fps=61
[DEBUG] Event: MouseMotion scene=combat
[DEBUG] Event: MouseMotion scene=combat
[DEBUG] Event: MouseMotion scene=combat
[DEBUG] Event: MouseMotion scene=combat
[DEBUG] Event: MouseMotion scene=combat
[DEBUG] Event: KeyDown scene=combat
[DEBUG] Event: MouseMotion scene=combat
[DEBUG] Event: MouseButtonDown scene=combat
[DEBUG] Event: KeyUp scene=combat
[DEBUG] Event: MouseMotion scene=combat
[DEBUG] Event: MouseMotion scene=combat
[DEBUG] Event: MouseMotion scene=combat
[DEBUG] Event: MouseButtonUp scene=combat
[DEBUG] Event: MouseMotion scene=combat
[DEBUG] Event: KeyUp scene=combat
[DEBUG] Event: MouseMotion scene=combat
[DEBUG] Event: MouseMotion scene=combat
[DEBUG] Event: MouseMotion scene=combat
[DEBUG] Event: MouseMotion scene=combat
[DEBUG] Event: MouseMotion scene=combat
[DEBUG] Event: MouseMotion scene=combat
[DEBUG] Event: MouseMotion scene=combat
[DEBUG] Event: MouseMotion scene=combat
[DEBUG] Event: MouseMotion scene=combat
[DEBUG] Event: MouseMotion scene=combat
[DEBUG] Event: MouseMotion scene=combat
[DEBUG] Event: MouseMotion scene=combat
[DEBUG] Event: MouseMotion scene=combat
[DEBUG] Event: MouseMotion scene=combat
[DEBUG] Event: MouseMotion scene=combat
[DEBUG] Event: MouseMotion scene=combat
[DEBUG] Event: MouseMotion scene=combat
[DEBUG] Event: KeyDown scene=combat
[DEBUG] Event: MouseMotion scene=combat
[DEBUG] Event: MouseMotion scene=combat
[DEBUG] Event: MouseMotion scene=combat
[DEBUG] Event: MouseMotion scene=combat
[DEBUG] Event: MouseButtonDown scene=combat
[DEBUG] Event: MouseMotion scene=combat
[DEBUG] Event: MouseMotion scene=combat
[DEBUG] Event: MouseMotion scene=combat
[DEBUG] Event: MouseMotion scene=combat
[DEBUG] Event: MouseMotion scene=combat
[DEBUG] Event: MouseButtonUp scene=combat
[DEBUG] Event: MouseMotion scene=combat
[DEBUG] Event: MouseMotion scene=combat
[DEBUG] Event: MouseMotion scene=combat
[DEBUG] Event: KeyDown scene=combat
[DEBUG] Event: MouseMotion scene=combat
[DEBUG] Event: MouseMotion scene=combat
[DEBUG] Event: MouseMotion scene=combat
[DEBUG] Event: KeyUp scene=combat
[DEBUG] Event: MouseMotion scene=combat
[DEBUG] Event: MouseMotion scene=combat
[DEBUG] Event: MouseMotion scene=combat
[DEBUG] Event: MouseMotion scene=combat
[DEBUG] Event: MouseButtonDown scene=combat
[DEBUG] frame=22620 scene=combat fps=60
[DEBUG] Event: MouseMotion scene=combat
[DEBUG] Event: MouseMotion scene=combat
[DEBUG] Event: MouseMotion scene=combat
[DEBUG] Event: MouseMotion scene=combat
[DEBUG] Event: MouseButtonUp scene=combat
[DEBUG] Event: MouseMotion scene=combat
[DEBUG] Event: MouseMotion scene=combat
[DEBUG] Event: MouseMotion scene=combat
[DEBUG] Event: MouseMotion scene=combat
[DEBUG] Event: MouseMotion scene=combat
[DEBUG] Event: MouseMotion scene=combat
[DEBUG] Event: MouseMotion scene=combat
[DEBUG] Event: MouseMotion scene=combat
[DEBUG] Event: MouseMotion scene=combat
[DEBUG] Event: MouseMotion scene=combat
[DEBUG] Event: MouseMotion scene=combat
[DEBUG] Event: MouseMotion scene=combat
[DEBUG] Event: MouseMotion scene=combat
[DEBUG] Event: MouseMotion scene=combat
[DEBUG] Event: MouseMotion scene=combat
[DEBUG] Event: MouseMotion scene=combat
[DEBUG] Event: MouseMotion scene=combat
[DEBUG] Event: MouseMotion scene=combat
[DEBUG] Event: MouseMotion scene=combat
[DEBUG] Event: MouseMotion scene=combat
[DEBUG] Event: MouseMotion scene=combat
[DEBUG] Event: MouseMotion scene=combat
[DEBUG] Event: MouseMotion scene=combat
[DEBUG] Event: MouseMotion scene=combat
[DEBUG] Event: MouseMotion scene=combat
[DEBUG] Event: MouseMotion scene=combat
[DEBUG] Event: MouseMotion scene=combat
[DEBUG] Event: MouseMotion scene=combat
[DEBUG] Event: MouseMotion scene=combat
[DEBUG] Event: MouseMotion scene=combat
[DEBUG] Event: MouseMotion scene=combat
[DEBUG] Event: MouseMotion scene=combat
[DEBUG] Event: MouseMotion scene=combat
[DEBUG] Event: MouseMotion scene=combat
[DEBUG] Event: MouseMotion scene=combat
[DEBUG] Event: MouseMotion scene=combat
[DEBUG] Event: MouseMotion scene=combat
[DEBUG] Event: MouseMotion scene=combat
[DEBUG] Event: MouseMotion scene=combat
[DEBUG] Event: MouseMotion scene=combat
[DEBUG] Event: MouseMotion scene=combat
[DEBUG] Event: MouseMotion scene=combat
[DEBUG] Event: MouseMotion scene=combat
[DEBUG] Event: MouseMotion scene=combat
[DEBUG] Event: MouseMotion scene=combat
[DEBUG] Event: MouseMotion scene=combat
[DEBUG] Event: MouseMotion scene=combat
[DEBUG] Event: MouseMotion scene=combat
[DEBUG] Event: MouseMotion scene=combat
[DEBUG] Event: MouseMotion scene=combat
[DEBUG] Event: MouseMotion scene=combat
[DEBUG] Event: MouseMotion scene=combat
[DEBUG] Event: MouseMotion scene=combat
[DEBUG] Event: MouseMotion scene=combat
[DEBUG] Event: MouseMotion scene=combat
[DEBUG] frame=22680 scene=combat fps=61
[DEBUG] Event: MouseMotion scene=combat
[DEBUG] Event: MouseButtonDown scene=combat
[DEBUG] Event: MouseMotion scene=combat
[DEBUG] Event: MouseMotion scene=combat
[DEBUG] Event: MouseMotion scene=combat
[DEBUG] Event: MouseMotion scene=combat
[DEBUG] Event: MouseMotion scene=combat
[DEBUG] Event: MouseMotion scene=combat
[DEBUG] Event: MouseMotion scene=combat
[DEBUG] Event: MouseMotion scene=combat
[DEBUG] Event: MouseButtonUp scene=combat
[DEBUG] Event: MouseMotion scene=combat
[DEBUG] Event: MouseMotion scene=combat
[DEBUG] Event: MouseMotion scene=combat
[DEBUG] Event: MouseMotion scene=combat
[DEBUG] Event: MouseMotion scene=combat
[DEBUG] Event: MouseMotion scene=combat
[DEBUG] Event: MouseMotion scene=combat
[DEBUG] Event: MouseMotion scene=combat
[DEBUG] Event: MouseMotion scene=combat
[DEBUG] Event: MouseMotion scene=combat
[DEBUG] Event: MouseMotion scene=combat
[DEBUG] Event: MouseMotion scene=combat
[DEBUG] Event: MouseMotion scene=combat
[DEBUG] Event: MouseMotion scene=combat
[DEBUG] Event: MouseMotion scene=combat
[DEBUG] Event: MouseMotion scene=combat
[DEBUG] Event: KeyUp scene=combat
[DEBUG] Event: MouseMotion scene=combat
[DEBUG] Event: MouseMotion scene=combat
[DEBUG] Event: MouseMotion scene=combat
[DEBUG] Event: MouseMotion scene=combat
[DEBUG] Event: MouseMotion scene=combat
[DEBUG] Event: MouseMotion scene=combat
[DEBUG] Event: MouseMotion scene=combat
[DEBUG] Event: MouseMotion scene=combat
[DEBUG] Event: MouseButtonDown scene=combat
[DEBUG] Event: MouseMotion scene=combat
[DEBUG] Event: MouseMotion scene=combat
[DEBUG] Event: MouseMotion scene=combat
[DEBUG] Event: MouseMotion scene=combat
[DEBUG] Event: MouseMotion scene=combat
[DEBUG] Event: MouseMotion scene=combat
[DEBUG] Event: MouseMotion scene=combat
[DEBUG] Event: MouseMotion scene=combat
[DEBUG] Event: MouseMotion scene=combat
[DEBUG] Event: MouseMotion scene=combat
[DEBUG] Event: MouseMotion scene=combat
[DEBUG] Event: MouseButtonUp scene=combat
[DEBUG] Event: MouseMotion scene=combat
[DEBUG] Event: MouseMotion scene=combat
[DEBUG] Event: MouseMotion scene=combat
[DEBUG] Event: MouseMotion scene=combat
[DEBUG] Event: MouseMotion scene=combat
[DEBUG] Event: MouseMotion scene=combat
[DEBUG] Event: MouseButtonDown scene=combat
[DEBUG] Event: MouseMotion scene=combat
[DEBUG] frame=22740 scene=combat fps=61
[DEBUG] Event: MouseMotion scene=combat
[DEBUG] Event: MouseButtonUp scene=combat
[DEBUG] Event: MouseMotion scene=combat
[DEBUG] Event: MouseMotion scene=combat
[DEBUG] Event: MouseMotion scene=combat
[DEBUG] Event: MouseMotion scene=combat
[DEBUG] Event: MouseMotion scene=combat
[DEBUG] Event: MouseMotion scene=combat
[DEBUG] Event: MouseMotion scene=combat
[DEBUG] Event: MouseMotion scene=combat
[DEBUG] Event: MouseMotion scene=combat
[DEBUG] Event: MouseMotion scene=combat
[DEBUG] Event: MouseButtonDown scene=combat
[DEBUG] Event: MouseMotion scene=combat
[DEBUG] Event: MouseMotion scene=combat
[DEBUG] Event: MouseMotion scene=combat
[DEBUG] Event: MouseMotion scene=combat
[DEBUG] Event: MouseMotion scene=combat
[DEBUG] Event: MouseMotion scene=combat
[DEBUG] Event: MouseButtonUp scene=combat
[DEBUG] Event: MouseMotion scene=combat
[DEBUG] Event: MouseMotion scene=combat
[DEBUG] Event: MouseMotion scene=combat
[DEBUG] Event: MouseMotion scene=combat
[DEBUG] Event: MouseMotion scene=combat
[DEBUG] Event: MouseMotion scene=combat
[DEBUG] Event: MouseMotion scene=combat
[DEBUG] Event: MouseMotion scene=combat
[DEBUG] Event: MouseMotion scene=combat
[DEBUG] Event: MouseMotion scene=combat
[DEBUG] Event: MouseMotion scene=combat
[DEBUG] Event: MouseMotion scene=combat
[DEBUG] Event: MouseMotion scene=combat
[DEBUG] Event: MouseMotion scene=combat
[DEBUG] Event: MouseMotion scene=combat
[DEBUG] Event: MouseMotion scene=combat
[DEBUG] Event: MouseMotion scene=combat
[DEBUG] Event: MouseMotion scene=combat
[DEBUG] Event: MouseMotion scene=combat
[DEBUG] Event: MouseMotion scene=combat
[DEBUG] Event: MouseMotion scene=combat
[DEBUG] Event: MouseMotion scene=combat
[DEBUG] Event: MouseMotion scene=combat
[DEBUG] frame=22800 scene=combat fps=61
[DEBUG] Event: MouseMotion scene=combat
[DEBUG] Event: MouseMotion scene=combat
[DEBUG] Event: MouseMotion scene=combat
[DEBUG] Event: MouseMotion scene=combat
[DEBUG] Event: MouseMotion scene=combat
[DEBUG] Event: MouseMotion scene=combat
[DEBUG] Event: MouseMotion scene=combat
[DEBUG] Event: MouseMotion scene=combat
[DEBUG] Event: MouseMotion scene=combat
[DEBUG] Event: MouseMotion scene=combat
[DEBUG] Event: MouseMotion scene=combat
[DEBUG] Event: MouseMotion scene=combat
[DEBUG] Event: MouseMotion scene=combat
[DEBUG] Event: MouseMotion scene=combat
[DEBUG] Event: MouseMotion scene=combat
[DEBUG] Event: MouseMotion scene=combat
[DEBUG] Event: MouseMotion scene=combat
[DEBUG] Event: MouseMotion scene=combat
[DEBUG] Event: MouseMotion scene=combat
[DEBUG] Event: MouseMotion scene=combat
[DEBUG] Event: MouseMotion scene=combat
[DEBUG] Event: MouseMotion scene=combat
[DEBUG] Event: MouseMotion scene=combat
[DEBUG] Event: MouseMotion scene=combat
[DEBUG] Event: MouseMotion scene=combat
[DEBUG] Event: MouseButtonDown scene=combat
[DEBUG] Event: MouseButtonUp scene=combat
[DEBUG] Event: MouseMotion scene=combat
[DEBUG] Event: MouseMotion scene=combat
[DEBUG] Event: KeyDown scene=combat
[DEBUG] Event: MouseMotion scene=combat
[DEBUG] Event: MouseMotion scene=combat
[DEBUG] Event: MouseMotion scene=combat
[DEBUG] Event: MouseMotion scene=combat
[DEBUG] frame=22860 scene=combat fps=59
[DEBUG] Event: KeyUp scene=combat
[DEBUG] Event: MouseMotion scene=combat
[DEBUG] Event: MouseMotion scene=combat
[DEBUG] Event: MouseMotion scene=combat
[DEBUG] Event: MouseMotion scene=combat
[DEBUG] Event: MouseMotion scene=combat
[DEBUG] Event: MouseMotion scene=combat
[DEBUG] Event: MouseMotion scene=combat
[DEBUG] Event: MouseMotion scene=combat
[DEBUG] Event: MouseMotion scene=combat
[DEBUG] Event: MouseMotion scene=combat
[DEBUG] Event: MouseMotion scene=combat
[DEBUG] Event: MouseMotion scene=combat
[DEBUG] Event: MouseMotion scene=combat
[DEBUG] Event: MouseMotion scene=combat
[DEBUG] Event: MouseMotion scene=combat
[DEBUG] Event: MouseMotion scene=combat
[DEBUG] Event: MouseMotion scene=combat
[DEBUG] Event: MouseMotion scene=combat
[DEBUG] Event: MouseMotion scene=combat
[DEBUG] Event: MouseMotion scene=combat
[DEBUG] Event: MouseMotion scene=combat
[DEBUG] Event: MouseMotion scene=combat
[DEBUG] Event: MouseMotion scene=combat
[DEBUG] Event: MouseMotion scene=combat
[DEBUG] Event: MouseMotion scene=combat
[DEBUG] Event: MouseMotion scene=combat
[DEBUG] Event: MouseButtonDown scene=combat
[DEBUG] Event: MouseButtonUp scene=combat
[DEBUG] Event: MouseMotion scene=combat
[DEBUG] Event: MouseMotion scene=combat
[DEBUG] Event: MouseMotion scene=combat
[DEBUG] Event: MouseMotion scene=combat
[DEBUG] Event: MouseMotion scene=combat
[DEBUG] Event: MouseMotion scene=combat
[DEBUG] Event: MouseMotion scene=combat
[DEBUG] Event: MouseMotion scene=combat
[DEBUG] Event: MouseMotion scene=combat
[DEBUG] Event: MouseMotion scene=combat
[DEBUG] Event: MouseMotion scene=combat
[DEBUG] Event: MouseMotion scene=combat
[DEBUG] Event: MouseMotion scene=combat
[DEBUG] Event: MouseMotion scene=combat
[DEBUG] Event: MouseMotion scene=combat
[DEBUG] Event: MouseMotion scene=combat
[DEBUG] frame=22920 scene=combat fps=62
[DEBUG] Event: MouseMotion scene=combat
[DEBUG] Event: MouseMotion scene=combat
[DEBUG] Event: MouseButtonDown scene=combat
[DEBUG] Event: MouseButtonUp scene=combat
[DEBUG] Event: MouseMotion scene=combat
[DEBUG] Event: MouseMotion scene=combat
[DEBUG] Event: MouseMotion scene=combat
[DEBUG] Event: MouseMotion scene=combat
[DEBUG] Event: MouseMotion scene=combat
[DEBUG] Event: MouseMotion scene=combat
[DEBUG] Event: MouseMotion scene=combat
[DEBUG] Event: MouseMotion scene=combat
[DEBUG] Event: MouseMotion scene=combat
[DEBUG] Event: MouseMotion scene=combat
[DEBUG] Event: MouseMotion scene=combat
[DEBUG] Event: MouseMotion scene=combat
[DEBUG] Event: MouseMotion scene=combat
[DEBUG] Event: MouseMotion scene=combat
[DEBUG] Event: MouseMotion scene=combat
[DEBUG] Event: MouseMotion scene=combat
[DEBUG] Event: MouseMotion scene=combat
[DEBUG] Event: MouseMotion scene=combat
[DEBUG] Event: MouseMotion scene=combat
[DEBUG] Event: MouseMotion scene=combat
[DEBUG] Event: MouseMotion scene=combat
[DEBUG] Event: MouseMotion scene=combat
[DEBUG] Event: MouseMotion scene=combat
[DEBUG] Event: MouseMotion scene=combat
[DEBUG] Event: MouseMotion scene=combat
[DEBUG] Event: MouseMotion scene=combat
[DEBUG] Event: MouseMotion scene=combat
[DEBUG] Event: MouseMotion scene=combat
[DEBUG] Event: MouseMotion scene=combat
[DEBUG] Event: MouseMotion scene=combat
[DEBUG] Event: MouseMotion scene=combat
[DEBUG] Event: MouseMotion scene=combat
[DEBUG] Event: MouseMotion scene=combat
[DEBUG] Event: MouseMotion scene=combat
[DEBUG] Event: MouseMotion scene=combat
[DEBUG] Event: MouseMotion scene=combat
[DEBUG] Event: MouseMotion scene=combat
[DEBUG] Event: MouseMotion scene=combat
[DEBUG] Event: MouseMotion scene=combat
[DEBUG] Event: MouseMotion scene=combat
[DEBUG] Event: MouseMotion scene=combat
[DEBUG] Event: MouseMotion scene=combat
[DEBUG] Event: MouseMotion scene=combat
[DEBUG] Event: MouseMotion scene=combat
[DEBUG] Event: MouseMotion scene=combat
[DEBUG] Event: MouseMotion scene=combat
[DEBUG] Event: MouseMotion scene=combat
[DEBUG] Event: MouseMotion scene=combat
[DEBUG] frame=22980 scene=combat fps=60
[DEBUG] Event: MouseMotion scene=combat
[DEBUG] Event: MouseMotion scene=combat
[DEBUG] Event: MouseMotion scene=combat
[DEBUG] Event: MouseMotion scene=combat
[DEBUG] Event: MouseMotion scene=combat
[DEBUG] Event: MouseMotion scene=combat
[DEBUG] Event: MouseMotion scene=combat
[DEBUG] Event: MouseMotion scene=combat
[DEBUG] Event: MouseMotion scene=combat
[DEBUG] Event: MouseMotion scene=combat
[DEBUG] Event: MouseMotion scene=combat
[DEBUG] Event: MouseMotion scene=combat
[DEBUG] Event: MouseButtonDown scene=combat
[DEBUG] Event: MouseMotion scene=combat
[DEBUG] Event: MouseMotion scene=combat
[DEBUG] Event: MouseMotion scene=combat
[DEBUG] Event: MouseMotion scene=combat
[DEBUG] Event: MouseButtonUp scene=combat
[DEBUG] Event: MouseMotion scene=combat
[DEBUG] Event: MouseMotion scene=combat
[DEBUG] Event: KeyDown scene=combat
[DEBUG] Event: MouseMotion scene=combat
[DEBUG] Event: MouseMotion scene=combat
[DEBUG] Event: MouseMotion scene=combat
[DEBUG] Event: MouseMotion scene=combat
[DEBUG] Event: MouseMotion scene=combat
[DEBUG] Event: MouseMotion scene=combat
[DEBUG] Event: MouseMotion scene=combat
[DEBUG] Event: MouseMotion scene=combat
[DEBUG] Event: MouseMotion scene=combat
[DEBUG] Event: MouseMotion scene=combat
[DEBUG] Event: MouseMotion scene=combat
[DEBUG] Event: MouseMotion scene=combat
[DEBUG] Event: MouseMotion scene=combat
[DEBUG] Event: MouseMotion scene=combat
[DEBUG] Event: MouseMotion scene=combat
[DEBUG] Event: MouseMotion scene=combat
[DEBUG] Event: MouseMotion scene=combat
[DEBUG] Event: MouseMotion scene=combat
[DEBUG] Event: MouseMotion scene=combat
[DEBUG] Event: MouseMotion scene=combat
[DEBUG] Event: MouseMotion scene=combat
[DEBUG] Event: MouseMotion scene=combat
[DEBUG] Event: MouseMotion scene=combat
[DEBUG] Event: MouseMotion scene=combat
[DEBUG] Event: MouseMotion scene=combat
[DEBUG] Event: MouseMotion scene=combat
[DEBUG] Event: MouseMotion scene=combat
[DEBUG] Event: MouseMotion scene=combat
[DEBUG] Event: MouseMotion scene=combat
[DEBUG] frame=23040 scene=combat fps=61
[DEBUG] Event: MouseMotion scene=combat
[DEBUG] Event: MouseMotion scene=combat
[DEBUG] Event: MouseMotion scene=combat
[DEBUG] Event: MouseMotion scene=combat
[DEBUG] Event: MouseMotion scene=combat
[DEBUG] Event: MouseMotion scene=combat
[DEBUG] Event: MouseMotion scene=combat
[DEBUG] Event: MouseMotion scene=combat
[DEBUG] Event: MouseMotion scene=combat
[DEBUG] Event: MouseMotion scene=combat
[DEBUG] Event: MouseMotion scene=combat
[DEBUG] Event: MouseMotion scene=combat
[DEBUG] Event: MouseMotion scene=combat
[DEBUG] Event: MouseMotion scene=combat
[DEBUG] Event: MouseMotion scene=combat
[DEBUG] Event: MouseMotion scene=combat
[DEBUG] Event: MouseMotion scene=combat
[DEBUG] Event: MouseMotion scene=combat
[DEBUG] Event: MouseMotion scene=combat
[DEBUG] Event: MouseButtonDown scene=combat
[DEBUG] Event: MouseMotion scene=combat
[DEBUG] Event: MouseMotion scene=combat
[DEBUG] Event: MouseMotion scene=combat
[DEBUG] Event: MouseMotion scene=combat
[DEBUG] Event: MouseMotion scene=combat
[DEBUG] Event: MouseMotion scene=combat
[DEBUG] Event: MouseMotion scene=combat
[DEBUG] Event: MouseMotion scene=combat
[DEBUG] Event: MouseMotion scene=combat
[DEBUG] Event: MouseMotion scene=combat
[DEBUG] Event: MouseButtonUp scene=combat
[DEBUG] Event: MouseMotion scene=combat
[DEBUG] Event: MouseMotion scene=combat
[DEBUG] Event: MouseMotion scene=combat
[DEBUG] Event: MouseMotion scene=combat
[DEBUG] Event: MouseMotion scene=combat
[DEBUG] Event: MouseMotion scene=combat
[DEBUG] Event: MouseMotion scene=combat
[DEBUG] Event: MouseMotion scene=combat
[DEBUG] Event: MouseMotion scene=combat
[DEBUG] Event: MouseMotion scene=combat
[DEBUG] Event: MouseMotion scene=combat
[DEBUG] Event: MouseMotion scene=combat
[DEBUG] Event: MouseMotion scene=combat
[DEBUG] Event: MouseMotion scene=combat
[DEBUG] Event: MouseMotion scene=combat
[DEBUG] Event: MouseMotion scene=combat
[DEBUG] Event: MouseMotion scene=combat
[DEBUG] Event: MouseMotion scene=combat
[DEBUG] Event: MouseMotion scene=combat
[DEBUG] Event: MouseMotion scene=combat
[DEBUG] Event: MouseMotion scene=combat
[DEBUG] Event: MouseMotion scene=combat
[DEBUG] Event: MouseMotion scene=combat
[DEBUG] Event: MouseMotion scene=combat
[DEBUG] Event: MouseMotion scene=combat
[DEBUG] Event: MouseMotion scene=combat
[DEBUG] Event: MouseMotion scene=combat
[DEBUG] Event: KeyUp scene=combat
[DEBUG] Event: MouseMotion scene=combat
[DEBUG] Event: MouseButtonDown scene=combat
[DEBUG] Event: MouseMotion scene=combat
[DEBUG] Event: MouseButtonUp scene=combat
[DEBUG] frame=23100 scene=combat fps=60
[DEBUG] Event: MouseMotion scene=combat
[DEBUG] Event: KeyDown scene=combat
[DEBUG] Event: MouseMotion scene=combat
[DEBUG] Event: MouseMotion scene=combat
[DEBUG] Event: MouseMotion scene=combat
[DEBUG] Event: MouseButtonDown scene=combat
[DEBUG] Event: MouseMotion scene=combat
[DEBUG] Event: MouseMotion scene=combat
[DEBUG] Event: MouseMotion scene=combat
[DEBUG] Event: MouseMotion scene=combat
[DEBUG] Event: MouseMotion scene=combat
[DEBUG] Event: MouseMotion scene=combat
[DEBUG] Event: KeyDown scene=combat
[DEBUG] Event: KeyUp scene=combat
[DEBUG] Event: MouseMotion scene=combat
[DEBUG] Event: MouseMotion scene=combat
[DEBUG] Event: MouseMotion scene=combat
[DEBUG] Event: MouseButtonUp scene=combat
[DEBUG] Event: MouseMotion scene=combat
[DEBUG] Event: MouseMotion scene=combat
[DEBUG] Event: MouseMotion scene=combat
[DEBUG] Event: MouseMotion scene=combat
[DEBUG] Event: MouseMotion scene=combat
[DEBUG] Event: MouseMotion scene=combat
[DEBUG] Event: MouseMotion scene=combat
[DEBUG] Event: MouseMotion scene=combat
[DEBUG] Event: MouseMotion scene=combat
[DEBUG] Event: MouseMotion scene=combat
[DEBUG] Event: MouseMotion scene=combat
[DEBUG] Event: MouseMotion scene=combat
[DEBUG] Event: MouseMotion scene=combat
[DEBUG] Event: MouseButtonDown scene=combat
[DEBUG] Event: MouseMotion scene=combat
[DEBUG] Event: MouseMotion scene=combat
[DEBUG] Event: MouseMotion scene=combat
[DEBUG] Event: KeyUp scene=combat
[DEBUG] Event: MouseMotion scene=combat
[DEBUG] Event: MouseMotion scene=combat
[DEBUG] Event: MouseMotion scene=combat
[DEBUG] Event: MouseButtonUp scene=combat
[DEBUG] Event: MouseMotion scene=combat
[DEBUG] Event: MouseMotion scene=combat
[DEBUG] Event: MouseMotion scene=combat
[DEBUG] Event: MouseMotion scene=combat
[DEBUG] frame=23160 scene=combat fps=60
[DEBUG] Event: MouseMotion scene=combat
[DEBUG] Event: MouseMotion scene=combat
[DEBUG] Event: MouseMotion scene=combat
[DEBUG] Event: MouseMotion scene=combat
[DEBUG] Event: MouseMotion scene=combat
[DEBUG] Event: MouseMotion scene=combat
[DEBUG] Event: MouseMotion scene=combat
[DEBUG] Event: MouseMotion scene=combat
[DEBUG] Event: MouseMotion scene=combat
[DEBUG] Event: MouseMotion scene=combat
[DEBUG] Event: MouseMotion scene=combat
[DEBUG] Event: MouseMotion scene=combat
[DEBUG] Event: MouseMotion scene=combat
[DEBUG] Event: MouseMotion scene=combat
[DEBUG] Event: MouseMotion scene=combat
[DEBUG] Event: MouseMotion scene=combat
[DEBUG] Event: MouseMotion scene=combat
[DEBUG] Event: MouseMotion scene=combat
[DEBUG] Event: MouseMotion scene=combat
[DEBUG] Event: MouseMotion scene=combat
[DEBUG] Event: MouseMotion scene=combat
[DEBUG] Event: MouseMotion scene=combat
[DEBUG] Event: MouseMotion scene=combat
[DEBUG] Event: MouseMotion scene=combat
[DEBUG] Event: MouseMotion scene=combat
[DEBUG] Event: MouseButtonDown scene=combat
[DEBUG] Event: MouseMotion scene=combat
[DEBUG] Event: MouseMotion scene=combat
[DEBUG] Event: MouseButtonUp scene=combat
[DEBUG] Event: MouseMotion scene=combat
[DEBUG] Event: MouseMotion scene=combat
[DEBUG] Event: MouseMotion scene=combat
[DEBUG] Event: MouseMotion scene=combat
[DEBUG] Event: MouseMotion scene=combat
[DEBUG] Event: MouseMotion scene=combat
[DEBUG] Event: MouseMotion scene=combat
[DEBUG] Event: MouseMotion scene=combat
[DEBUG] Event: MouseMotion scene=combat
[DEBUG] Event: MouseMotion scene=combat
[DEBUG] Event: MouseButtonDown scene=combat
[DEBUG] Event: MouseMotion scene=combat
[DEBUG] Event: MouseButtonUp scene=combat
[DEBUG] Event: MouseMotion scene=combat
[DEBUG] frame=23220 scene=combat fps=61
[DEBUG] Event: MouseMotion scene=combat
[DEBUG] Event: MouseMotion scene=combat
[DEBUG] Event: MouseMotion scene=combat
[DEBUG] Event: MouseMotion scene=combat
[DEBUG] Event: MouseMotion scene=combat
[DEBUG] Event: MouseMotion scene=combat
[DEBUG] Event: MouseMotion scene=combat
[DEBUG] Event: MouseMotion scene=combat
[DEBUG] Event: MouseMotion scene=combat
[DEBUG] Event: MouseMotion scene=combat
[DEBUG] Event: MouseMotion scene=combat
[DEBUG] Event: MouseMotion scene=combat
[DEBUG] Event: MouseMotion scene=combat
[DEBUG] Event: MouseMotion scene=combat
[DEBUG] Event: MouseMotion scene=combat
[DEBUG] Event: MouseMotion scene=combat
[DEBUG] Event: MouseMotion scene=combat
[DEBUG] Event: MouseMotion scene=combat
[DEBUG] Event: MouseMotion scene=combat
[DEBUG] Event: MouseMotion scene=combat
[DEBUG] Event: MouseMotion scene=combat
[DEBUG] Event: MouseMotion scene=combat
[DEBUG] Event: MouseMotion scene=combat
[DEBUG] Event: MouseMotion scene=combat
[DEBUG] Event: MouseMotion scene=combat
[DEBUG] Event: MouseMotion scene=combat
[DEBUG] Event: MouseMotion scene=combat
[DEBUG] Event: MouseMotion scene=combat
[DEBUG] Event: MouseMotion scene=combat
[DEBUG] Event: MouseMotion scene=combat
[DEBUG] Event: MouseMotion scene=combat
[DEBUG] Event: MouseMotion scene=combat
[DEBUG] Event: MouseMotion scene=combat
[DEBUG] Event: MouseMotion scene=combat
[DEBUG] Event: MouseMotion scene=combat
[DEBUG] Event: MouseMotion scene=combat
[DEBUG] Event: MouseMotion scene=combat
[DEBUG] Event: MouseMotion scene=combat
[DEBUG] Event: MouseMotion scene=combat
[DEBUG] Event: MouseMotion scene=combat
[DEBUG] Event: MouseMotion scene=combat
[DEBUG] frame=23280 scene=combat fps=61
[DEBUG] Event: MouseMotion scene=combat
[DEBUG] Event: MouseButtonDown scene=combat
[DEBUG] Event: MouseButtonUp scene=combat
[DEBUG] Event: MouseMotion scene=combat
[DEBUG] Event: MouseMotion scene=combat
[DEBUG] Event: MouseMotion scene=combat
[DEBUG] Event: MouseMotion scene=combat
[DEBUG] Event: MouseMotion scene=combat
[DEBUG] Event: MouseMotion scene=combat
[DEBUG] Event: MouseMotion scene=combat
[DEBUG] Event: MouseMotion scene=combat
[DEBUG] Event: MouseMotion scene=combat
[DEBUG] Event: MouseMotion scene=combat
[DEBUG] Event: MouseMotion scene=combat
[DEBUG] Event: MouseMotion scene=combat
[DEBUG] Event: MouseMotion scene=combat
[DEBUG] Event: MouseMotion scene=combat
[DEBUG] Event: MouseMotion scene=combat
[DEBUG] Event: MouseMotion scene=combat
[DEBUG] Event: MouseMotion scene=combat
[DEBUG] Event: MouseMotion scene=combat
[DEBUG] Event: MouseMotion scene=combat
[DEBUG] Event: MouseMotion scene=combat
[DEBUG] Event: MouseMotion scene=combat
[DEBUG] Event: MouseMotion scene=combat
[DEBUG] frame=23340 scene=combat fps=60
[DEBUG] Event: MouseMotion scene=combat
[DEBUG] Event: MouseMotion scene=combat
[DEBUG] Event: MouseMotion scene=combat
[DEBUG] Event: MouseMotion scene=combat
[DEBUG] Event: MouseMotion scene=combat
[DEBUG] Event: MouseMotion scene=combat
[DEBUG] Event: MouseMotion scene=combat
[DEBUG] Event: MouseMotion scene=combat
[DEBUG] Event: MouseMotion scene=combat
[DEBUG] Event: MouseMotion scene=combat
[DEBUG] Event: MouseMotion scene=combat
[DEBUG] Event: MouseMotion scene=combat
[DEBUG] Event: MouseMotion scene=combat
[DEBUG] Event: MouseMotion scene=combat
[DEBUG] Event: MouseMotion scene=combat
[DEBUG] Event: MouseMotion scene=combat
[DEBUG] Event: MouseMotion scene=combat
[DEBUG] Event: MouseMotion scene=combat
[DEBUG] Event: MouseMotion scene=combat
[DEBUG] Event: MouseMotion scene=combat
[DEBUG] Event: MouseMotion scene=combat
[DEBUG] Event: MouseButtonDown scene=combat
[DEBUG] Event: MouseButtonUp scene=combat
[DEBUG] Event: MouseMotion scene=combat
[DEBUG] Event: MouseMotion scene=combat
[DEBUG] Event: MouseMotion scene=combat
[DEBUG] Event: MouseMotion scene=combat
[DEBUG] Event: MouseMotion scene=combat
[DEBUG] Event: MouseMotion scene=combat
[DEBUG] Event: MouseMotion scene=combat
[DEBUG] Event: MouseMotion scene=combat
[DEBUG] Event: MouseMotion scene=combat
[DEBUG] Event: MouseMotion scene=combat
[DEBUG] Event: MouseMotion scene=combat
[DEBUG] Event: MouseMotion scene=combat
[DEBUG] Event: MouseMotion scene=combat
[DEBUG] Event: MouseMotion scene=combat
[DEBUG] Event: MouseMotion scene=combat
[DEBUG] Event: MouseMotion scene=combat
[DEBUG] Event: MouseMotion scene=combat
[DEBUG] Event: MouseMotion scene=combat
[DEBUG] Event: MouseMotion scene=combat
[DEBUG] frame=23400 scene=combat fps=62
[DEBUG] Event: MouseMotion scene=combat
[DEBUG] Event: MouseMotion scene=combat
[DEBUG] Event: MouseMotion scene=combat
[DEBUG] Event: MouseMotion scene=combat
[DEBUG] Event: MouseMotion scene=combat
[DEBUG] Event: MouseMotion scene=combat
[DEBUG] Event: MouseMotion scene=combat
[DEBUG] Event: MouseMotion scene=combat
[DEBUG] Event: MouseMotion scene=combat
[DEBUG] Event: MouseMotion scene=combat
[DEBUG] Event: MouseMotion scene=combat
[DEBUG] Event: MouseMotion scene=combat
[DEBUG] Event: MouseMotion scene=combat
[DEBUG] Event: MouseMotion scene=combat
[DEBUG] Event: MouseMotion scene=combat
[DEBUG] Event: MouseMotion scene=combat
[DEBUG] Event: MouseMotion scene=combat
[DEBUG] Event: MouseMotion scene=combat
[DEBUG] Event: MouseMotion scene=combat
[DEBUG] Event: MouseMotion scene=combat
[DEBUG] Event: MouseMotion scene=combat
[DEBUG] Event: MouseMotion scene=combat
[DEBUG] Event: MouseMotion scene=combat
[DEBUG] Event: MouseMotion scene=combat
[DEBUG] Event: MouseMotion scene=combat
[DEBUG] Event: MouseMotion scene=combat
[DEBUG] Event: MouseMotion scene=combat
[DEBUG] Event: MouseMotion scene=combat
[DEBUG] Event: MouseMotion scene=combat
[DEBUG] Event: MouseMotion scene=combat
[DEBUG] Event: MouseMotion scene=combat
[DEBUG] Event: MouseMotion scene=combat
[DEBUG] Event: MouseMotion scene=combat
[DEBUG] Event: MouseMotion scene=combat
[DEBUG] Event: MouseMotion scene=combat
[DEBUG] Event: MouseMotion scene=combat
[DEBUG] Event: MouseMotion scene=combat
[DEBUG] Event: MouseMotion scene=combat
[DEBUG] Event: MouseMotion scene=combat
[DEBUG] Event: MouseButtonDown scene=combat
[DEBUG] Event: MouseMotion scene=combat
[DEBUG] Event: MouseMotion scene=combat
[DEBUG] Event: MouseMotion scene=combat
[DEBUG] Event: MouseMotion scene=combat
[DEBUG] Event: MouseButtonUp scene=combat
[DEBUG] Event: MouseMotion scene=combat
[DEBUG] Event: MouseMotion scene=combat
[DEBUG] Event: MouseMotion scene=combat
[DEBUG] Event: MouseMotion scene=combat
[DEBUG] frame=23460 scene=combat fps=61
[DEBUG] Event: MouseMotion scene=combat
[DEBUG] Event: MouseMotion scene=combat
[DEBUG] Event: MouseMotion scene=combat
[DEBUG] Event: MouseMotion scene=combat
[DEBUG] Event: MouseMotion scene=combat
[DEBUG] Event: MouseMotion scene=combat
[DEBUG] Event: MouseMotion scene=combat
[DEBUG] Event: MouseMotion scene=combat
[DEBUG] Event: MouseMotion scene=combat
[DEBUG] Event: MouseMotion scene=combat
[DEBUG] Event: MouseMotion scene=combat
[DEBUG] Event: MouseMotion scene=combat
[DEBUG] Event: MouseMotion scene=combat
[DEBUG] Event: MouseMotion scene=combat
[DEBUG] Event: MouseMotion scene=combat
[DEBUG] Event: MouseMotion scene=combat
[DEBUG] Event: MouseMotion scene=combat
[DEBUG] Event: MouseMotion scene=combat
[DEBUG] Event: MouseMotion scene=combat
[DEBUG] Event: MouseMotion scene=combat
[DEBUG] Event: MouseMotion scene=combat
[DEBUG] Event: MouseMotion scene=combat
[DEBUG] Event: MouseMotion scene=combat
[DEBUG] Event: MouseMotion scene=combat
[DEBUG] Event: MouseMotion scene=combat
[DEBUG] Event: MouseMotion scene=combat
[DEBUG] Event: MouseMotion scene=combat
[DEBUG] Event: MouseMotion scene=combat
[DEBUG] Event: MouseMotion scene=combat
[DEBUG] Event: MouseMotion scene=combat
[DEBUG] Event: MouseMotion scene=combat
[DEBUG] Event: MouseMotion scene=combat
[DEBUG] Event: MouseMotion scene=combat
[DEBUG] Event: MouseMotion scene=combat
[DEBUG] Event: MouseButtonDown scene=combat
[DEBUG] Event: MouseButtonUp scene=combat
[DEBUG] Event: MouseMotion scene=combat
[DEBUG] Event: MouseMotion scene=combat
[DEBUG] Event: MouseMotion scene=combat
[DEBUG] Event: MouseMotion scene=combat
[DEBUG] frame=23520 scene=combat fps=60
[DEBUG] Event: MouseMotion scene=combat
[DEBUG] Event: MouseMotion scene=combat
[DEBUG] Event: MouseMotion scene=combat
[DEBUG] Event: MouseMotion scene=combat
[DEBUG] Event: MouseMotion scene=combat
[DEBUG] Event: MouseMotion scene=combat
[DEBUG] Event: MouseMotion scene=combat
[DEBUG] Event: MouseMotion scene=combat
[DEBUG] Event: MouseMotion scene=combat
[DEBUG] Event: MouseMotion scene=combat
[DEBUG] Event: MouseMotion scene=combat
[DEBUG] Event: MouseMotion scene=combat
[DEBUG] Event: MouseMotion scene=combat
[DEBUG] Event: MouseMotion scene=combat
[DEBUG] Event: MouseMotion scene=combat
[DEBUG] Event: MouseMotion scene=combat
[DEBUG] Event: MouseMotion scene=combat
[DEBUG] Event: MouseMotion scene=combat
[DEBUG] Event: MouseMotion scene=combat
[DEBUG] Event: MouseMotion scene=combat
[DEBUG] Event: MouseMotion scene=combat
[DEBUG] Event: MouseMotion scene=combat
[DEBUG] Event: MouseMotion scene=combat
[DEBUG] Event: MouseMotion scene=combat
[DEBUG] Event: MouseMotion scene=combat
[DEBUG] Event: MouseMotion scene=combat
[DEBUG] Event: MouseMotion scene=combat
[DEBUG] Event: MouseMotion scene=combat
[DEBUG] Event: MouseMotion scene=combat
[DEBUG] Event: MouseMotion scene=combat
[DEBUG] Event: MouseMotion scene=combat
[DEBUG] Event: MouseMotion scene=combat
[DEBUG] Event: MouseMotion scene=combat
[DEBUG] Event: MouseMotion scene=combat
[DEBUG] Event: MouseMotion scene=combat
[DEBUG] Event: MouseMotion scene=combat
[DEBUG] Event: MouseMotion scene=combat
[DEBUG] Event: MouseMotion scene=combat
[DEBUG] Event: MouseMotion scene=combat
[DEBUG] Event: MouseMotion scene=combat
[DEBUG] Event: MouseMotion scene=combat
[DEBUG] Event: MouseMotion scene=combat
[DEBUG] Event: MouseMotion scene=combat
[DEBUG] Event: MouseMotion scene=combat
[DEBUG] Event: MouseButtonDown scene=combat
[DEBUG] Event: MouseButtonUp scene=combat
[DEBUG] Event: MouseMotion scene=combat
[DEBUG] Event: MouseMotion scene=combat
[DEBUG] Event: MouseMotion scene=combat
[DEBUG] Event: MouseMotion scene=combat
[DEBUG] Event: MouseMotion scene=combat
[DEBUG] frame=23580 scene=combat fps=60
[DEBUG] Event: MouseMotion scene=combat
[DEBUG] Event: MouseMotion scene=combat
[DEBUG] Event: MouseMotion scene=combat
[DEBUG] Event: MouseMotion scene=combat
[DEBUG] Event: MouseButtonDown scene=combat
[DEBUG] Event: MouseMotion scene=combat
[DEBUG] Event: MouseMotion scene=combat
[DEBUG] Event: MouseButtonUp scene=combat
[DEBUG] Event: MouseMotion scene=combat
[DEBUG] Event: MouseMotion scene=combat
[DEBUG] Event: MouseMotion scene=combat
[DEBUG] Event: MouseMotion scene=combat
[DEBUG] Event: MouseMotion scene=combat
[DEBUG] Event: MouseMotion scene=combat
[DEBUG] Event: MouseMotion scene=combat
[DEBUG] Event: MouseMotion scene=combat
[DEBUG] Event: MouseMotion scene=combat
[DEBUG] Event: MouseMotion scene=combat
[DEBUG] Event: MouseMotion scene=combat
[DEBUG] Event: MouseMotion scene=combat
[DEBUG] Event: MouseMotion scene=combat
[DEBUG] Event: MouseMotion scene=combat
[DEBUG] Event: MouseMotion scene=combat
[DEBUG] Event: MouseMotion scene=combat
[DEBUG] Event: MouseMotion scene=combat
[DEBUG] Event: MouseMotion scene=combat
[DEBUG] Event: MouseMotion scene=combat
[DEBUG] Event: MouseMotion scene=combat
[DEBUG] Event: MouseMotion scene=combat
[DEBUG] Event: MouseMotion scene=combat
[DEBUG] Event: MouseMotion scene=combat
[DEBUG] Event: MouseMotion scene=combat
[DEBUG] Event: MouseMotion scene=combat
[DEBUG] Event: MouseMotion scene=combat
[DEBUG] Event: MouseMotion scene=combat
[DEBUG] Event: MouseMotion scene=combat
[DEBUG] Event: MouseButtonDown scene=combat
[DEBUG] Event: MouseMotion scene=combat
[DEBUG] Event: MouseMotion scene=combat
[DEBUG] frame=23640 scene=combat fps=61
[DEBUG] Event: MouseMotion scene=combat
[DEBUG] Event: MouseMotion scene=combat
[DEBUG] Event: MouseButtonUp scene=combat
[DEBUG] Event: MouseMotion scene=combat
[DEBUG] Event: MouseMotion scene=combat
[DEBUG] Event: MouseMotion scene=combat
[DEBUG] Event: MouseMotion scene=combat
[DEBUG] Event: MouseMotion scene=combat
[DEBUG] Event: MouseMotion scene=combat
[DEBUG] Event: MouseMotion scene=combat
[DEBUG] Event: MouseMotion scene=combat
[DEBUG] Event: MouseMotion scene=combat
[DEBUG] Event: MouseMotion scene=combat
[DEBUG] Event: MouseMotion scene=combat
[DEBUG] Event: MouseMotion scene=combat
[DEBUG] Event: MouseMotion scene=combat
[DEBUG] Event: MouseButtonDown scene=combat
[DEBUG] Event: MouseMotion scene=combat
[DEBUG] Event: MouseButtonUp scene=combat
[DEBUG] Event: MouseMotion scene=combat
[DEBUG] Event: MouseMotion scene=combat
[DEBUG] Event: MouseMotion scene=combat
[DEBUG] Event: MouseMotion scene=combat
[DEBUG] Event: MouseMotion scene=combat
[DEBUG] Event: MouseMotion scene=combat
[DEBUG] Event: MouseMotion scene=combat
[DEBUG] Event: MouseMotion scene=combat
[DEBUG] Event: MouseMotion scene=combat
[DEBUG] Event: MouseMotion scene=combat
[DEBUG] Event: MouseMotion scene=combat
[DEBUG] Event: MouseMotion scene=combat
[DEBUG] Event: MouseMotion scene=combat
[DEBUG] Event: MouseMotion scene=combat
[DEBUG] frame=23700 scene=combat fps=60
[DEBUG] Event: MouseMotion scene=combat
[DEBUG] Event: MouseMotion scene=combat
[DEBUG] Event: MouseMotion scene=combat
[DEBUG] Event: MouseMotion scene=combat
[DEBUG] Event: MouseMotion scene=combat
[DEBUG] Event: MouseMotion scene=combat
[DEBUG] Event: MouseMotion scene=combat
[DEBUG] Event: MouseMotion scene=combat
[DEBUG] Event: MouseMotion scene=combat
[DEBUG] Event: MouseMotion scene=combat
[DEBUG] Event: MouseMotion scene=combat
[DEBUG] Event: MouseMotion scene=combat
[DEBUG] Event: MouseMotion scene=combat
[DEBUG] Event: MouseMotion scene=combat
[DEBUG] Event: MouseMotion scene=combat
[DEBUG] Event: MouseMotion scene=combat
[DEBUG] Event: MouseMotion scene=combat
[DEBUG] Event: MouseMotion scene=combat
[DEBUG] Event: MouseMotion scene=combat
[DEBUG] Event: MouseMotion scene=combat
[DEBUG] Event: MouseMotion scene=combat
[DEBUG] Event: MouseMotion scene=combat
[DEBUG] Event: MouseMotion scene=combat
[DEBUG] Event: MouseMotion scene=combat
[DEBUG] Event: MouseMotion scene=combat
[DEBUG] Event: MouseMotion scene=combat
[DEBUG] Event: MouseMotion scene=combat
[DEBUG] Event: MouseMotion scene=combat
[DEBUG] Event: MouseMotion scene=combat
[DEBUG] Event: MouseMotion scene=combat
[DEBUG] Event: MouseMotion scene=combat
[DEBUG] Event: MouseMotion scene=combat
[DEBUG] Event: MouseButtonDown scene=combat
[DEBUG] Event: MouseButtonUp scene=combat
[DEBUG] frame=23760 scene=combat fps=61
[DEBUG] Event: MouseMotion scene=combat
[DEBUG] Event: MouseMotion scene=combat
[DEBUG] Event: MouseMotion scene=combat
[DEBUG] Event: MouseMotion scene=combat
[DEBUG] Event: MouseMotion scene=combat
[DEBUG] Event: MouseMotion scene=combat
[DEBUG] Event: MouseMotion scene=combat
[DEBUG] Event: MouseMotion scene=combat
[DEBUG] Event: MouseMotion scene=combat
[DEBUG] Event: MouseMotion scene=combat
[DEBUG] Event: MouseMotion scene=combat
[DEBUG] Event: MouseMotion scene=combat
[DEBUG] Event: MouseMotion scene=combat
[DEBUG] Event: MouseMotion scene=combat
[DEBUG] Event: MouseMotion scene=combat
[DEBUG] Event: MouseMotion scene=combat
[DEBUG] Event: MouseMotion scene=combat
[DEBUG] Event: MouseButtonDown scene=combat
[DEBUG] frame=23820 scene=combat fps=61
[DEBUG] Event: MouseButtonUp scene=combat
[DEBUG] Event: MouseMotion scene=combat
[DEBUG] Event: MouseMotion scene=combat
[DEBUG] Event: MouseMotion scene=combat
[DEBUG] Event: MouseMotion scene=combat
[DEBUG] Event: MouseMotion scene=combat
[DEBUG] Event: MouseMotion scene=combat
[DEBUG] Event: MouseMotion scene=combat
[DEBUG] Event: MouseMotion scene=combat
[DEBUG] Event: MouseMotion scene=combat
[DEBUG] Event: MouseMotion scene=combat
[DEBUG] Event: MouseMotion scene=combat
[DEBUG] Event: MouseMotion scene=combat
[DEBUG] Event: MouseMotion scene=combat
[DEBUG] Event: MouseMotion scene=combat
[DEBUG] Event: MouseMotion scene=combat
[DEBUG] Event: MouseMotion scene=combat
[DEBUG] Event: MouseMotion scene=combat
[DEBUG] Event: MouseMotion scene=combat
[DEBUG] Event: MouseMotion scene=combat
[DEBUG] Event: MouseMotion scene=combat
[DEBUG] Event: MouseMotion scene=combat
[DEBUG] frame=23880 scene=combat fps=61
[DEBUG] Event: MouseMotion scene=combat
[DEBUG] Event: MouseMotion scene=combat
[DEBUG] Event: MouseMotion scene=combat
[DEBUG] Event: MouseMotion scene=combat
[DEBUG] Event: MouseMotion scene=combat
[DEBUG] Event: MouseMotion scene=combat
[DEBUG] Event: MouseMotion scene=combat
[DEBUG] Event: MouseButtonDown scene=combat
[DEBUG] Event: MouseButtonUp scene=combat
[DEBUG] Event: MouseMotion scene=combat
[DEBUG] Event: MouseMotion scene=combat
[DEBUG] Event: MouseMotion scene=combat
[DEBUG] Event: MouseMotion scene=combat
[DEBUG] Event: MouseMotion scene=combat
[DEBUG] Event: MouseMotion scene=combat
[DEBUG] Event: MouseMotion scene=combat
[DEBUG] Event: MouseMotion scene=combat
[DEBUG] Event: MouseMotion scene=combat
[DEBUG] Event: MouseMotion scene=combat
[DEBUG] Event: MouseMotion scene=combat
[DEBUG] Event: MouseMotion scene=combat
[DEBUG] Event: MouseMotion scene=combat
[DEBUG] Event: MouseMotion scene=combat
[DEBUG] Event: MouseMotion scene=combat
[DEBUG] Event: MouseMotion scene=combat
[DEBUG] Event: MouseMotion scene=combat
[DEBUG] frame=23940 scene=combat fps=60
[DEBUG] Event: MouseMotion scene=combat
[DEBUG] Event: MouseMotion scene=combat
[DEBUG] Event: MouseMotion scene=combat
[DEBUG] Event: MouseMotion scene=combat
[DEBUG] Event: MouseMotion scene=combat
[DEBUG] Event: MouseMotion scene=combat
[DEBUG] Event: MouseMotion scene=combat
[DEBUG] Event: MouseMotion scene=combat
[DEBUG] Event: MouseMotion scene=combat
[DEBUG] Event: MouseMotion scene=combat
[DEBUG] Event: MouseMotion scene=combat
[DEBUG] Event: MouseMotion scene=combat
[DEBUG] Event: MouseMotion scene=combat
[DEBUG] Event: MouseButtonDown scene=combat
[DEBUG] Event: MouseButtonUp scene=combat
[DEBUG] Event: MouseMotion scene=combat
[DEBUG] Event: MouseMotion scene=combat
[DEBUG] Event: MouseMotion scene=combat
[DEBUG] frame=24000 scene=combat fps=61
[DEBUG] Event: MouseButtonDown scene=combat
[DEBUG] Event: MouseButtonUp scene=combat
[DEBUG] frame=24060 scene=combat fps=60
[DEBUG] Event: MouseMotion scene=combat
[DEBUG] Event: MouseMotion scene=combat
[DEBUG] Event: MouseMotion scene=combat
[DEBUG] Event: MouseMotion scene=combat
[DEBUG] Event: MouseMotion scene=combat
[DEBUG] Event: MouseMotion scene=combat
[DEBUG] Event: MouseMotion scene=combat
[DEBUG] Event: MouseMotion scene=combat
[DEBUG] Event: MouseMotion scene=combat
[DEBUG] Event: MouseMotion scene=combat
[DEBUG] Event: MouseMotion scene=combat
[DEBUG] Event: MouseMotion scene=combat
[DEBUG] Event: MouseMotion scene=combat
[DEBUG] Event: MouseMotion scene=combat
[DEBUG] Event: MouseMotion scene=combat
[DEBUG] Event: MouseMotion scene=combat
[DEBUG] Event: MouseMotion scene=combat
[DEBUG] Event: MouseMotion scene=combat
[DEBUG] Event: MouseMotion scene=combat
[DEBUG] Event: MouseMotion scene=combat
[DEBUG] Event: MouseMotion scene=combat
[DEBUG] Event: MouseMotion scene=combat
[DEBUG] Event: MouseMotion scene=combat
[DEBUG] Event: MouseMotion scene=combat
[DEBUG] Event: MouseMotion scene=combat
[DEBUG] frame=24120 scene=combat fps=61
[DEBUG] Event: MouseMotion scene=combat
[DEBUG] Event: MouseMotion scene=combat
[DEBUG] Event: MouseMotion scene=combat
[DEBUG] Event: MouseMotion scene=combat
[DEBUG] Event: MouseMotion scene=combat
[DEBUG] Event: MouseMotion scene=combat
[DEBUG] Event: MouseMotion scene=combat
[DEBUG] Event: MouseMotion scene=combat
[DEBUG] Event: MouseButtonDown scene=combat
[DEBUG] Event: MouseButtonUp scene=combat
[DEBUG] Event: KeyDown scene=combat
[DEBUG] frame=24180 scene=combat fps=61
[DEBUG] Event: KeyUp scene=combat
[DEBUG] Event: MouseButtonDown scene=combat
[DEBUG] Event: KeyDown scene=combat
[DEBUG] Event: MouseButtonUp scene=combat
[DEBUG] frame=24240 scene=combat fps=60
[DEBUG] Event: MouseMotion scene=combat
[DEBUG] Event: MouseMotion scene=combat
[DEBUG] Event: MouseMotion scene=combat
[DEBUG] Event: MouseMotion scene=combat
[DEBUG] Event: MouseMotion scene=combat
[DEBUG] Event: MouseMotion scene=combat
[DEBUG] Event: MouseMotion scene=combat
[DEBUG] Event: MouseMotion scene=combat
[DEBUG] Event: MouseMotion scene=combat
[DEBUG] Event: MouseMotion scene=combat
[DEBUG] Event: MouseMotion scene=combat
[DEBUG] Event: MouseMotion scene=combat
[DEBUG] Event: MouseMotion scene=combat
[DEBUG] Event: MouseMotion scene=combat
[DEBUG] Event: MouseMotion scene=combat
[DEBUG] Event: MouseMotion scene=combat
[DEBUG] Event: MouseMotion scene=combat
[DEBUG] Event: MouseMotion scene=combat
[DEBUG] Event: MouseMotion scene=combat
[DEBUG] Event: MouseMotion scene=combat
[DEBUG] Event: MouseMotion scene=combat
[DEBUG] Event: KeyUp scene=combat
[DEBUG] Event: MouseMotion scene=combat
[DEBUG] Event: MouseMotion scene=combat
[DEBUG] Event: MouseMotion scene=combat
[DEBUG] Event: MouseMotion scene=combat
[DEBUG] Event: MouseMotion scene=combat
[DEBUG] Event: MouseMotion scene=combat
[DEBUG] Event: MouseMotion scene=combat
[DEBUG] Event: MouseMotion scene=combat
[DEBUG] Event: MouseMotion scene=combat
[DEBUG] Event: MouseMotion scene=combat
[DEBUG] Event: MouseMotion scene=combat
[DEBUG] Event: MouseMotion scene=combat
[DEBUG] Event: MouseMotion scene=combat
[DEBUG] Event: MouseMotion scene=combat
[DEBUG] Event: MouseMotion scene=combat
[DEBUG] Event: KeyDown scene=combat
[DEBUG] Event: MouseMotion scene=combat
[DEBUG] Event: MouseMotion scene=combat
[DEBUG] Event: MouseMotion scene=combat
[DEBUG] Event: MouseMotion scene=combat
[DEBUG] Event: MouseMotion scene=combat
[DEBUG] Event: MouseMotion scene=combat
[DEBUG] Event: MouseMotion scene=combat
[DEBUG] Event: MouseMotion scene=combat
[DEBUG] Event: MouseMotion scene=combat
[DEBUG] Event: MouseMotion scene=combat
[DEBUG] Event: MouseMotion scene=combat
[DEBUG] Event: MouseMotion scene=combat
[DEBUG] Event: MouseMotion scene=combat
[DEBUG] Event: KeyUp scene=combat
[DEBUG] Event: MouseMotion scene=combat
[DEBUG] Event: MouseMotion scene=combat
[DEBUG] Event: MouseButtonDown scene=combat
[DEBUG] Event: MouseMotion scene=combat
[DEBUG] Event: MouseButtonUp scene=combat
[DEBUG] frame=24300 scene=combat fps=60
[DEBUG] Event: MouseMotion scene=combat
[DEBUG] Event: MouseMotion scene=combat
[DEBUG] Event: MouseMotion scene=combat
[DEBUG] Event: MouseMotion scene=combat
[DEBUG] Event: MouseMotion scene=combat
[DEBUG] Event: MouseMotion scene=combat
[DEBUG] Event: KeyDown scene=combat
[DEBUG] Event: MouseMotion scene=combat
[DEBUG] Event: MouseMotion scene=combat
[DEBUG] Event: MouseMotion scene=combat
[DEBUG] Event: MouseMotion scene=combat
[DEBUG] Event: MouseMotion scene=combat
[DEBUG] Event: MouseMotion scene=combat
[DEBUG] Event: MouseMotion scene=combat
[DEBUG] Event: MouseMotion scene=combat
[DEBUG] Event: MouseMotion scene=combat
[DEBUG] Event: MouseMotion scene=combat
[DEBUG] Event: MouseMotion scene=combat
[DEBUG] Event: MouseMotion scene=combat
[DEBUG] Event: KeyUp scene=combat
[DEBUG] Event: MouseMotion scene=combat
[DEBUG] Event: MouseButtonDown scene=combat
[DEBUG] Event: KeyDown scene=combat
[DEBUG] Event: MouseButtonUp scene=combat
[DEBUG] Event: MouseMotion scene=combat
[DEBUG] Event: MouseMotion scene=combat
[DEBUG] Event: MouseMotion scene=combat
[DEBUG] Event: MouseMotion scene=combat
[DEBUG] Event: KeyDown scene=combat
[DEBUG] Event: MouseMotion scene=combat
[DEBUG] Event: MouseMotion scene=combat
[DEBUG] Event: MouseMotion scene=combat
[DEBUG] Event: MouseMotion scene=combat
[DEBUG] Event: MouseMotion scene=combat
[DEBUG] Event: MouseMotion scene=combat
[DEBUG] Event: MouseMotion scene=combat
[DEBUG] Event: MouseButtonDown scene=combat
[DEBUG] Event: MouseMotion scene=combat
[DEBUG] Event: MouseMotion scene=combat
[DEBUG] Event: MouseMotion scene=combat
[DEBUG] Event: MouseMotion scene=combat
[DEBUG] Event: KeyUp scene=combat
[DEBUG] Event: MouseButtonUp scene=combat
[DEBUG] Event: MouseMotion scene=combat
[DEBUG] frame=24360 scene=combat fps=60
[DEBUG] Event: MouseButtonDown scene=combat
[DEBUG] Event: MouseButtonUp scene=combat
[DEBUG] Event: MouseMotion scene=combat
[DEBUG] Event: MouseMotion scene=combat
[DEBUG] Event: MouseMotion scene=combat
[DEBUG] Event: KeyUp scene=combat
[DEBUG] Event: MouseMotion scene=combat
[DEBUG] Event: MouseMotion scene=combat
[DEBUG] Event: MouseMotion scene=combat
[DEBUG] Event: MouseButtonDown scene=combat
[DEBUG] Event: MouseButtonUp scene=combat
[DEBUG] Event: MouseMotion scene=combat
[DEBUG] Event: MouseMotion scene=combat
[DEBUG] Event: MouseMotion scene=combat
[DEBUG] Event: MouseMotion scene=combat
[DEBUG] Event: KeyDown scene=combat
[DEBUG] Event: MouseMotion scene=combat
[DEBUG] Event: MouseMotion scene=combat
[DEBUG] Event: MouseMotion scene=combat
[DEBUG] Event: MouseMotion scene=combat
[DEBUG] Event: MouseMotion scene=combat
[DEBUG] Event: MouseMotion scene=combat
[DEBUG] Event: KeyUp scene=combat
[DEBUG] Event: MouseButtonDown scene=combat
[DEBUG] Event: MouseMotion scene=combat
[DEBUG] Event: MouseMotion scene=combat
[DEBUG] Event: MouseMotion scene=combat
[DEBUG] Event: MouseMotion scene=combat
[DEBUG] Event: MouseMotion scene=combat
[DEBUG] Event: MouseMotion scene=combat
[DEBUG] Event: MouseMotion scene=combat
[DEBUG] Event: MouseButtonUp scene=combat
[DEBUG] Event: MouseMotion scene=combat
[DEBUG] frame=24420 scene=combat fps=60
[DEBUG] Event: MouseMotion scene=combat
[DEBUG] Event: MouseMotion scene=combat
[DEBUG] Event: MouseMotion scene=combat
[DEBUG] Event: MouseMotion scene=combat
[DEBUG] Event: MouseMotion scene=combat
[DEBUG] Event: KeyDown scene=combat
[DEBUG] Event: MouseMotion scene=combat
[DEBUG] Event: MouseMotion scene=combat
[DEBUG] Event: MouseMotion scene=combat
[DEBUG] Event: MouseMotion scene=combat
[DEBUG] Event: MouseMotion scene=combat
[DEBUG] Event: MouseMotion scene=combat
[DEBUG] Event: MouseMotion scene=combat
[DEBUG] Event: KeyUp scene=combat
[DEBUG] Event: KeyDown scene=combat
[DEBUG] Event: MouseMotion scene=combat
[DEBUG] Event: MouseMotion scene=combat
[DEBUG] Event: MouseMotion scene=combat
[DEBUG] Event: MouseMotion scene=combat
[DEBUG] Event: MouseButtonDown scene=combat
[DEBUG] Event: MouseMotion scene=combat
[DEBUG] Event: MouseMotion scene=combat
[DEBUG] Event: MouseButtonUp scene=combat
[DEBUG] Event: MouseMotion scene=combat
[DEBUG] Event: KeyUp scene=combat
[DEBUG] Event: MouseMotion scene=combat
[DEBUG] Event: MouseMotion scene=combat
[DEBUG] Event: MouseMotion scene=combat
[DEBUG] Event: MouseMotion scene=combat
[DEBUG] Event: MouseMotion scene=combat
[DEBUG] Event: MouseButtonDown scene=combat
[DEBUG] Event: MouseMotion scene=combat
[DEBUG] Event: MouseButtonUp scene=combat
[DEBUG] Event: MouseMotion scene=combat
[DEBUG] Event: MouseMotion scene=combat
[DEBUG] Event: MouseMotion scene=combat
[DEBUG] Event: MouseButtonDown scene=combat
[DEBUG] Event: MouseButtonUp scene=combat
[DEBUG] Event: MouseMotion scene=combat
[DEBUG] Event: MouseMotion scene=combat
[DEBUG] Event: MouseMotion scene=combat
[DEBUG] Event: MouseMotion scene=combat
[DEBUG] Event: MouseMotion scene=combat
[DEBUG] Event: MouseMotion scene=combat
[DEBUG] Event: MouseButtonDown scene=combat
[DEBUG] frame=24480 scene=combat fps=60
[DEBUG] Event: MouseButtonUp scene=combat
[DEBUG] Event: MouseMotion scene=combat
[DEBUG] Event: MouseMotion scene=combat
[DEBUG] Event: MouseMotion scene=combat
[DEBUG] Event: MouseMotion scene=combat
[DEBUG] Event: MouseMotion scene=combat
[DEBUG] Event: MouseMotion scene=combat
[DEBUG] Event: MouseMotion scene=combat
[DEBUG] Event: MouseMotion scene=combat
[DEBUG] Event: MouseMotion scene=combat
[DEBUG] Event: MouseMotion scene=combat
[DEBUG] Event: MouseMotion scene=combat
[DEBUG] Event: MouseMotion scene=combat
[DEBUG] Event: MouseMotion scene=combat
[DEBUG] Event: MouseButtonDown scene=combat
[DEBUG] Event: MouseMotion scene=combat
[DEBUG] Event: MouseMotion scene=combat
[DEBUG] Event: MouseMotion scene=combat
[DEBUG] Event: MouseMotion scene=combat
[DEBUG] Event: MouseMotion scene=combat
[DEBUG] Event: MouseButtonUp scene=combat
[DEBUG] Event: MouseMotion scene=combat
[DEBUG] Event: MouseMotion scene=combat
[DEBUG] Event: MouseMotion scene=combat
[DEBUG] Event: MouseMotion scene=combat
[DEBUG] Event: MouseMotion scene=combat
[DEBUG] Event: MouseMotion scene=combat
[DEBUG] Event: MouseMotion scene=combat
[DEBUG] Event: MouseMotion scene=combat
[DEBUG] Event: MouseMotion scene=combat
[DEBUG] Event: MouseMotion scene=combat
[DEBUG] Event: MouseMotion scene=combat
[DEBUG] Event: MouseMotion scene=combat
[DEBUG] Event: MouseMotion scene=combat
[DEBUG] Event: MouseMotion scene=combat
[DEBUG] Event: MouseMotion scene=combat
[DEBUG] Event: MouseMotion scene=combat
[DEBUG] Event: MouseMotion scene=combat
[DEBUG] frame=24540 scene=combat fps=60
[DEBUG] Event: MouseMotion scene=combat
[DEBUG] Event: MouseMotion scene=combat
[DEBUG] Event: MouseMotion scene=combat
[DEBUG] Event: MouseMotion scene=combat
[DEBUG] Event: MouseMotion scene=combat
[DEBUG] Event: MouseMotion scene=combat
[DEBUG] Event: MouseMotion scene=combat
[DEBUG] Event: MouseMotion scene=combat
[DEBUG] Event: MouseMotion scene=combat
[DEBUG] Event: MouseMotion scene=combat
[DEBUG] Event: MouseMotion scene=combat
[DEBUG] Event: MouseMotion scene=combat
[DEBUG] Event: MouseMotion scene=combat
[DEBUG] Event: MouseMotion scene=combat
[DEBUG] Event: MouseMotion scene=combat
[DEBUG] Event: MouseMotion scene=combat
[DEBUG] Event: MouseMotion scene=combat
[DEBUG] Event: MouseMotion scene=combat
[DEBUG] Event: MouseMotion scene=combat
[DEBUG] Event: MouseMotion scene=combat
[DEBUG] Event: MouseMotion scene=combat
[DEBUG] Event: MouseMotion scene=combat
[DEBUG] Event: MouseMotion scene=combat
[DEBUG] Event: MouseMotion scene=combat
[DEBUG] Event: MouseButtonDown scene=combat
[DEBUG] Event: MouseMotion scene=combat
[DEBUG] Event: MouseButtonUp scene=combat
[DEBUG] Event: MouseMotion scene=combat
[DEBUG] Event: MouseMotion scene=combat
[DEBUG] Event: MouseMotion scene=combat
[DEBUG] Event: MouseMotion scene=combat
[DEBUG] Event: MouseMotion scene=combat
[DEBUG] Event: KeyDown scene=combat
[DEBUG] Event: MouseMotion scene=combat
[DEBUG] Event: MouseMotion scene=combat
[DEBUG] Event: MouseMotion scene=combat
[DEBUG] Event: MouseMotion scene=combat
[DEBUG] Event: MouseMotion scene=combat
[DEBUG] Event: MouseMotion scene=combat
[DEBUG] Event: MouseMotion scene=combat
[DEBUG] Event: MouseMotion scene=combat
[DEBUG] Event: MouseMotion scene=combat
[DEBUG] Event: MouseMotion scene=combat
[DEBUG] Event: MouseMotion scene=combat
[DEBUG] Event: MouseMotion scene=combat
[DEBUG] frame=24600 scene=combat fps=61
[DEBUG] Event: MouseMotion scene=combat
[DEBUG] Event: MouseMotion scene=combat
[DEBUG] Event: MouseMotion scene=combat
[DEBUG] Event: MouseMotion scene=combat
[DEBUG] Event: MouseMotion scene=combat
[DEBUG] Event: MouseMotion scene=combat
[DEBUG] Event: MouseMotion scene=combat
[DEBUG] Event: MouseMotion scene=combat
[DEBUG] Event: MouseMotion scene=combat
[DEBUG] Event: MouseMotion scene=combat
[DEBUG] Event: MouseMotion scene=combat
[DEBUG] Event: MouseMotion scene=combat
[DEBUG] Event: MouseMotion scene=combat
[DEBUG] Event: MouseMotion scene=combat
[DEBUG] Event: MouseMotion scene=combat
[DEBUG] Event: MouseMotion scene=combat
[DEBUG] Event: MouseMotion scene=combat
[DEBUG] Event: MouseMotion scene=combat
[DEBUG] Event: MouseMotion scene=combat
[DEBUG] Event: MouseMotion scene=combat
[DEBUG] Event: MouseMotion scene=combat
[DEBUG] Event: MouseMotion scene=combat
[DEBUG] Event: MouseMotion scene=combat
[DEBUG] Event: MouseMotion scene=combat
[DEBUG] Event: MouseMotion scene=combat
[DEBUG] Event: MouseMotion scene=combat
[DEBUG] Event: KeyUp scene=combat
[DEBUG] Event: MouseMotion scene=combat
[DEBUG] Event: MouseMotion scene=combat
[DEBUG] Event: MouseButtonDown scene=combat
[DEBUG] Event: MouseMotion scene=combat
[DEBUG] Event: MouseButtonUp scene=combat
[DEBUG] Event: MouseMotion scene=combat
[DEBUG] Event: MouseMotion scene=combat
[DEBUG] frame=24660 scene=combat fps=60
[DEBUG] Event: MouseMotion scene=combat
[DEBUG] Event: MouseMotion scene=combat
[DEBUG] Event: MouseMotion scene=combat
[DEBUG] Event: MouseMotion scene=combat
[DEBUG] Event: MouseMotion scene=combat
[DEBUG] Event: MouseMotion scene=combat
[DEBUG] Event: MouseMotion scene=combat
[DEBUG] Event: MouseMotion scene=combat
[DEBUG] Event: MouseMotion scene=combat
[DEBUG] Event: MouseMotion scene=combat
[DEBUG] Event: MouseMotion scene=combat
[DEBUG] Event: MouseMotion scene=combat
[DEBUG] Event: MouseMotion scene=combat
[DEBUG] Event: MouseMotion scene=combat
[DEBUG] Event: KeyDown scene=combat
[DEBUG] Event: MouseMotion scene=combat
[DEBUG] Event: MouseMotion scene=combat
[DEBUG] Event: MouseMotion scene=combat
[DEBUG] Event: MouseMotion scene=combat
[DEBUG] Event: MouseMotion scene=combat
[DEBUG] Event: MouseMotion scene=combat
[DEBUG] Event: MouseMotion scene=combat
[DEBUG] Event: MouseMotion scene=combat
[DEBUG] Event: MouseMotion scene=combat
[DEBUG] Event: MouseMotion scene=combat
[DEBUG] Event: MouseMotion scene=combat
[DEBUG] Event: MouseMotion scene=combat
[DEBUG] Event: MouseMotion scene=combat
[DEBUG] Event: MouseMotion scene=combat
[DEBUG] Event: MouseMotion scene=combat
[DEBUG] Event: MouseMotion scene=combat
[DEBUG] Event: MouseButtonDown scene=combat
[DEBUG] Event: KeyUp scene=combat
[DEBUG] Event: MouseButtonUp scene=combat
[DEBUG] Event: MouseButtonDown scene=combat
[DEBUG] frame=24720 scene=combat fps=61
[DEBUG] Event: MouseButtonUp scene=combat
[DEBUG] Event: MouseMotion scene=combat
[DEBUG] Event: MouseMotion scene=combat
[DEBUG] Event: MouseMotion scene=combat
[DEBUG] Event: MouseMotion scene=combat
[DEBUG] Event: MouseMotion scene=combat
[DEBUG] Event: MouseMotion scene=combat
[DEBUG] Event: MouseMotion scene=combat
[DEBUG] Event: MouseMotion scene=combat
[DEBUG] Event: MouseMotion scene=combat
[DEBUG] Event: MouseMotion scene=combat
[DEBUG] Event: MouseMotion scene=combat
[DEBUG] Event: MouseMotion scene=combat
[DEBUG] Event: MouseMotion scene=combat
[DEBUG] Event: MouseMotion scene=combat
[DEBUG] Event: MouseMotion scene=combat
[DEBUG] Event: MouseMotion scene=combat
[DEBUG] Event: MouseMotion scene=combat
[DEBUG] Event: MouseMotion scene=combat
[DEBUG] Event: MouseMotion scene=combat
[DEBUG] Event: MouseMotion scene=combat
[DEBUG] Event: MouseMotion scene=combat
[DEBUG] Event: MouseMotion scene=combat
[DEBUG] Event: MouseMotion scene=combat
[DEBUG] Event: MouseMotion scene=combat
[DEBUG] Event: MouseMotion scene=combat
[DEBUG] Event: MouseMotion scene=combat
[DEBUG] Event: MouseMotion scene=combat
[DEBUG] Event: MouseMotion scene=combat
[DEBUG] Event: MouseMotion scene=combat
[DEBUG] Event: MouseMotion scene=combat
[DEBUG] Event: MouseMotion scene=combat
[DEBUG] Event: MouseMotion scene=combat
[DEBUG] Event: MouseMotion scene=combat
[DEBUG] Event: MouseMotion scene=combat
[DEBUG] Event: MouseMotion scene=combat
[DEBUG] Event: MouseMotion scene=combat
[DEBUG] Event: MouseMotion scene=combat
[DEBUG] Event: MouseButtonDown scene=combat
[DEBUG] Event: MouseMotion scene=combat
[DEBUG] Event: MouseButtonUp scene=combat
[DEBUG] frame=24780 scene=combat fps=61
[DEBUG] Event: MouseMotion scene=combat
[DEBUG] Event: MouseMotion scene=combat
[DEBUG] Event: MouseMotion scene=combat
[DEBUG] Event: MouseMotion scene=combat
[DEBUG] Event: KeyDown scene=combat
[DEBUG] Event: MouseMotion scene=combat
[DEBUG] Event: KeyDown scene=combat
[DEBUG] Event: MouseMotion scene=combat
[DEBUG] Event: MouseMotion scene=combat
[DEBUG] Event: MouseMotion scene=combat
[DEBUG] Event: KeyUp scene=combat
[DEBUG] Event: MouseMotion scene=combat
[DEBUG] Event: MouseMotion scene=combat
[DEBUG] Event: MouseMotion scene=combat
[DEBUG] Event: MouseMotion scene=combat
[DEBUG] Event: MouseMotion scene=combat
[DEBUG] Event: MouseMotion scene=combat
[DEBUG] Event: MouseMotion scene=combat
[DEBUG] Event: MouseMotion scene=combat
[DEBUG] Event: MouseMotion scene=combat
[DEBUG] Event: MouseMotion scene=combat
[DEBUG] Event: MouseMotion scene=combat
[DEBUG] Event: MouseMotion scene=combat
[DEBUG] Event: MouseMotion scene=combat
[DEBUG] Event: MouseMotion scene=combat
[DEBUG] Event: MouseMotion scene=combat
[DEBUG] frame=24840 scene=combat fps=60
[DEBUG] Event: MouseMotion scene=combat
[DEBUG] Event: MouseMotion scene=combat
[DEBUG] Event: MouseMotion scene=combat
[DEBUG] Event: MouseMotion scene=combat
[DEBUG] Event: MouseMotion scene=combat
[DEBUG] Event: MouseMotion scene=combat
[DEBUG] Event: MouseMotion scene=combat
[DEBUG] Event: MouseMotion scene=combat
[DEBUG] Event: MouseMotion scene=combat
[DEBUG] Event: MouseMotion scene=combat
[DEBUG] Event: MouseMotion scene=combat
[DEBUG] Event: MouseMotion scene=combat
[DEBUG] Event: MouseMotion scene=combat
[DEBUG] Event: MouseMotion scene=combat
[DEBUG] Event: MouseMotion scene=combat
[DEBUG] Event: MouseMotion scene=combat
[DEBUG] Event: MouseMotion scene=combat
[DEBUG] Event: MouseMotion scene=combat
[DEBUG] Event: MouseMotion scene=combat
[DEBUG] Event: MouseMotion scene=combat
[DEBUG] Event: MouseMotion scene=combat
[DEBUG] Event: MouseMotion scene=combat
[DEBUG] Event: MouseMotion scene=combat
[DEBUG] Event: MouseMotion scene=combat
[DEBUG] Event: MouseButtonDown scene=combat
[DEBUG] Event: MouseButtonUp scene=combat
[DEBUG] frame=24900 scene=combat fps=61
[DEBUG] Event: MouseMotion scene=combat
[DEBUG] Event: KeyUp scene=combat
[DEBUG] Event: MouseMotion scene=combat
[DEBUG] Event: MouseMotion scene=combat
[DEBUG] Event: MouseMotion scene=combat
[DEBUG] Event: MouseMotion scene=combat
[DEBUG] Event: MouseMotion scene=combat
[DEBUG] Event: MouseMotion scene=combat
[DEBUG] Event: MouseMotion scene=combat
[DEBUG] Event: MouseMotion scene=combat
[DEBUG] Event: MouseMotion scene=combat
[DEBUG] Event: MouseMotion scene=combat
[DEBUG] Event: MouseMotion scene=combat
[DEBUG] Event: MouseMotion scene=combat
[DEBUG] Event: MouseButtonDown scene=combat
[DEBUG] Event: MouseButtonUp scene=combat
[DEBUG] Event: MouseMotion scene=combat
[DEBUG] Event: MouseMotion scene=combat
[DEBUG] Event: MouseMotion scene=combat
[DEBUG] Event: MouseMotion scene=combat
[DEBUG] Event: MouseMotion scene=combat
[DEBUG] Event: MouseMotion scene=combat
[DEBUG] Event: MouseMotion scene=combat
[DEBUG] Event: MouseMotion scene=combat
[DEBUG] Event: MouseMotion scene=combat
[DEBUG] Event: MouseMotion scene=combat
[DEBUG] Event: MouseMotion scene=combat
[DEBUG] Event: MouseMotion scene=combat
[DEBUG] Event: MouseMotion scene=combat
[DEBUG] Event: MouseMotion scene=combat
[DEBUG] Event: MouseMotion scene=combat
[DEBUG] frame=24960 scene=combat fps=61
[DEBUG] Event: MouseButtonDown scene=combat
[DEBUG] Event: MouseButtonUp scene=combat
[DEBUG] Event: MouseMotion scene=combat
[DEBUG] Event: MouseMotion scene=combat
[DEBUG] Event: MouseMotion scene=combat
[DEBUG] Event: MouseMotion scene=combat
[DEBUG] Event: MouseMotion scene=combat
[DEBUG] Event: MouseMotion scene=combat
[DEBUG] Event: MouseMotion scene=combat
[DEBUG] Event: MouseMotion scene=combat
[DEBUG] Event: MouseMotion scene=combat
[DEBUG] Event: MouseMotion scene=combat
[DEBUG] Event: MouseMotion scene=combat
[DEBUG] Event: MouseMotion scene=combat
[DEBUG] Event: MouseMotion scene=combat
[DEBUG] Event: MouseMotion scene=combat
[DEBUG] Event: MouseMotion scene=combat
[DEBUG] Event: MouseMotion scene=combat
[DEBUG] Event: MouseMotion scene=combat
[DEBUG] Event: MouseMotion scene=combat
[DEBUG] Event: MouseMotion scene=combat
[DEBUG] Event: MouseMotion scene=combat
[DEBUG] Event: MouseMotion scene=combat
[DEBUG] Event: MouseMotion scene=combat
[DEBUG] frame=25020 scene=combat fps=61
[DEBUG] Event: MouseMotion scene=combat
[DEBUG] Event: MouseMotion scene=combat
[DEBUG] Event: MouseMotion scene=combat
[DEBUG] Event: MouseMotion scene=combat
[DEBUG] Event: MouseMotion scene=combat
[DEBUG] Event: MouseMotion scene=combat
[DEBUG] Event: MouseButtonDown scene=combat
[DEBUG] Event: MouseMotion scene=combat
[DEBUG] Event: MouseButtonUp scene=combat
[DEBUG] Event: MouseMotion scene=combat
[DEBUG] Event: MouseMotion scene=combat
[DEBUG] Event: MouseMotion scene=combat
[DEBUG] Event: MouseMotion scene=combat
[DEBUG] Event: MouseMotion scene=combat
[DEBUG] Event: MouseMotion scene=combat
[DEBUG] Event: MouseMotion scene=combat
[DEBUG] Event: MouseMotion scene=combat
[DEBUG] Event: MouseMotion scene=combat
[DEBUG] Event: MouseMotion scene=combat
[DEBUG] Event: MouseMotion scene=combat
[DEBUG] Event: MouseMotion scene=combat
[DEBUG] Event: MouseMotion scene=combat
[DEBUG] frame=25080 scene=combat fps=61
[DEBUG] Event: MouseMotion scene=combat
[DEBUG] Event: MouseMotion scene=combat
[DEBUG] Event: MouseMotion scene=combat
[DEBUG] Event: MouseMotion scene=combat
[DEBUG] Event: MouseMotion scene=combat
[DEBUG] Event: MouseMotion scene=combat
[DEBUG] Event: MouseMotion scene=combat
[DEBUG] Event: MouseMotion scene=combat
[DEBUG] Event: MouseMotion scene=combat
[DEBUG] Event: MouseMotion scene=combat
[DEBUG] Event: MouseMotion scene=combat
[DEBUG] Event: MouseMotion scene=combat
[DEBUG] Event: MouseMotion scene=combat
[DEBUG] Event: MouseMotion scene=combat
[DEBUG] Event: MouseMotion scene=combat
[DEBUG] Event: MouseMotion scene=combat
[DEBUG] Event: MouseButtonDown scene=combat
[DEBUG] Event: MouseMotion scene=combat
[DEBUG] Event: MouseMotion scene=combat
[DEBUG] Event: MouseMotion scene=combat
[DEBUG] Event: MouseButtonUp scene=combat
[DEBUG] Event: MouseMotion scene=combat
[DEBUG] Event: MouseMotion scene=combat
[DEBUG] Event: MouseMotion scene=combat
[DEBUG] Event: MouseMotion scene=combat
[DEBUG] Event: MouseMotion scene=combat
[DEBUG] Event: MouseMotion scene=combat
[DEBUG] Event: MouseMotion scene=combat
[DEBUG] Event: MouseMotion scene=combat
[DEBUG] Event: MouseMotion scene=combat
[DEBUG] Event: MouseMotion scene=combat
[DEBUG] Event: MouseMotion scene=combat
[DEBUG] Event: MouseMotion scene=combat
[DEBUG] Event: MouseMotion scene=combat
[DEBUG] Event: MouseMotion scene=combat
[DEBUG] Event: MouseMotion scene=combat
[DEBUG] Event: MouseMotion scene=combat
[DEBUG] Event: MouseMotion scene=combat
[DEBUG] Event: MouseMotion scene=combat
[DEBUG] Event: MouseMotion scene=combat
[DEBUG] Event: MouseMotion scene=combat
[DEBUG] Event: MouseMotion scene=combat
[DEBUG] frame=25140 scene=combat fps=61
[DEBUG] Event: MouseMotion scene=combat
[DEBUG] Event: MouseMotion scene=combat
[DEBUG] Event: MouseMotion scene=combat
[DEBUG] Event: MouseMotion scene=combat
[DEBUG] Event: MouseMotion scene=combat
[DEBUG] Event: MouseMotion scene=combat
[DEBUG] Event: MouseMotion scene=combat
[DEBUG] Event: MouseMotion scene=combat
[DEBUG] Event: MouseMotion scene=combat
[DEBUG] Event: MouseButtonDown scene=combat
[DEBUG] Event: MouseButtonUp scene=combat
[DEBUG] Event: MouseMotion scene=combat
[DEBUG] Event: MouseMotion scene=combat
[DEBUG] Event: MouseMotion scene=combat
[DEBUG] Event: MouseMotion scene=combat
[DEBUG] frame=25200 scene=combat fps=60
[DEBUG] Event: MouseMotion scene=combat
[DEBUG] Event: MouseMotion scene=combat
[DEBUG] Event: MouseMotion scene=combat
[DEBUG] Event: MouseMotion scene=combat
[DEBUG] Event: MouseMotion scene=combat
[DEBUG] Event: MouseMotion scene=combat
[DEBUG] Event: MouseMotion scene=combat
[DEBUG] Event: MouseMotion scene=combat
[DEBUG] Event: MouseMotion scene=combat
[DEBUG] Event: MouseMotion scene=combat
[DEBUG] Event: MouseMotion scene=combat
[DEBUG] Event: MouseMotion scene=combat
[DEBUG] Event: MouseMotion scene=combat
[DEBUG] Event: MouseMotion scene=combat
[DEBUG] Event: MouseMotion scene=combat
[DEBUG] Event: MouseMotion scene=combat
[DEBUG] Event: MouseMotion scene=combat
[DEBUG] Event: MouseMotion scene=combat
[DEBUG] Event: MouseMotion scene=combat
[DEBUG] Event: MouseMotion scene=combat
[DEBUG] Event: MouseMotion scene=combat
[DEBUG] Event: MouseMotion scene=combat
[DEBUG] Event: MouseMotion scene=combat
[DEBUG] Event: MouseMotion scene=combat
[DEBUG] Event: MouseMotion scene=combat
[DEBUG] Event: MouseButtonDown scene=combat
[DEBUG] Event: MouseMotion scene=combat
[DEBUG] Event: MouseMotion scene=combat
[DEBUG] Event: MouseMotion scene=combat
[DEBUG] frame=25260 scene=combat fps=60
[DEBUG] Event: MouseButtonUp scene=combat
[DEBUG] Event: MouseMotion scene=combat
[DEBUG] Event: MouseMotion scene=combat
[DEBUG] Event: MouseMotion scene=combat
[DEBUG] Event: MouseMotion scene=combat
[DEBUG] Event: MouseMotion scene=combat
[DEBUG] Event: MouseMotion scene=combat
[DEBUG] Event: MouseMotion scene=combat
[DEBUG] Event: MouseMotion scene=combat
[DEBUG] Event: MouseMotion scene=combat
[DEBUG] Event: MouseMotion scene=combat
[DEBUG] Event: MouseMotion scene=combat
[DEBUG] Event: MouseMotion scene=combat
[DEBUG] Event: MouseMotion scene=combat
[DEBUG] Event: MouseMotion scene=combat
[DEBUG] Event: MouseMotion scene=combat
[DEBUG] Event: MouseMotion scene=combat
[DEBUG] Event: MouseMotion scene=combat
[DEBUG] Event: MouseMotion scene=combat
[DEBUG] Event: MouseMotion scene=combat
[DEBUG] Event: MouseMotion scene=combat
[DEBUG] Event: MouseMotion scene=combat
[DEBUG] Event: MouseMotion scene=combat
[DEBUG] Event: MouseMotion scene=combat
[DEBUG] Event: MouseMotion scene=combat
[DEBUG] Event: MouseMotion scene=combat
[DEBUG] Event: KeyDown scene=combat
[DEBUG] Event: MouseMotion scene=combat
[DEBUG] Event: MouseMotion scene=combat
[DEBUG] Event: MouseMotion scene=combat
[DEBUG] Event: MouseMotion scene=combat
[DEBUG] Event: MouseMotion scene=combat
[DEBUG] Event: MouseMotion scene=combat
[DEBUG] Event: MouseMotion scene=combat
[DEBUG] Event: MouseMotion scene=combat
[DEBUG] Event: MouseMotion scene=combat
[DEBUG] Event: MouseMotion scene=combat
[DEBUG] Event: MouseMotion scene=combat
[DEBUG] Event: MouseMotion scene=combat
[DEBUG] Event: MouseMotion scene=combat
[DEBUG] Event: KeyDown scene=combat
[DEBUG] Event: KeyUp scene=combat
[DEBUG] Event: MouseMotion scene=combat
[DEBUG] Event: MouseMotion scene=combat
[DEBUG] Event: MouseMotion scene=combat
[DEBUG] Event: MouseMotion scene=combat
[DEBUG] Event: MouseMotion scene=combat
[DEBUG] Event: MouseMotion scene=combat
[DEBUG] frame=25320 scene=combat fps=60
[DEBUG] Event: KeyUp scene=combat
[DEBUG] Event: MouseMotion scene=combat
[DEBUG] Event: KeyDown scene=combat
[DEBUG] Event: MouseMotion scene=combat
[DEBUG] Event: MouseMotion scene=combat
[DEBUG] Event: MouseMotion scene=combat
[DEBUG] Event: MouseMotion scene=combat
[DEBUG] Event: MouseMotion scene=combat
[DEBUG] Event: MouseMotion scene=combat
[DEBUG] Event: KeyDown scene=combat
[DEBUG] Event: MouseMotion scene=combat
[DEBUG] Event: MouseMotion scene=combat
[DEBUG] Event: KeyUp scene=combat
[DEBUG] Event: KeyDown scene=combat
[DEBUG] Event: KeyUp scene=combat
[DEBUG] frame=25380 scene=combat fps=61
[DEBUG] Event: MouseMotion scene=combat
[DEBUG] Event: MouseMotion scene=combat
[DEBUG] Event: MouseMotion scene=combat
[DEBUG] Event: KeyDown scene=combat
[DEBUG] Event: KeyUp scene=combat
[DEBUG] Event: MouseMotion scene=combat
[DEBUG] frame=25440 scene=combat fps=60
[DEBUG] Event: MouseMotion scene=combat
[DEBUG] Event: KeyUp scene=combat
[DEBUG] Event: MouseMotion scene=combat
[DEBUG] Event: MouseMotion scene=combat
[DEBUG] Event: MouseMotion scene=combat
[DEBUG] Event: MouseMotion scene=combat
[DEBUG] Event: KeyDown scene=combat
[DEBUG] frame=25500 scene=combat fps=61
[DEBUG] Event: KeyUp scene=combat
[DEBUG] Event: MouseMotion scene=combat
[DEBUG] Event: MouseMotion scene=combat
[DEBUG] Event: MouseMotion scene=combat
[DEBUG] Event: MouseMotion scene=combat
[DEBUG] Event: MouseMotion scene=combat
[DEBUG] frame=25560 scene=combat fps=60
[DEBUG] frame=25620 scene=combat fps=60
[DEBUG] Event: MouseMotion scene=combat
[DEBUG] Event: MouseMotion scene=combat
[DEBUG] Event: MouseMotion scene=combat
[DEBUG] Event: MouseMotion scene=combat
[DEBUG] Event: MouseMotion scene=combat
[DEBUG] Event: MouseMotion scene=combat
[DEBUG] Event: MouseMotion scene=combat
[DEBUG] Event: MouseMotion scene=combat
[DEBUG] Event: MouseMotion scene=combat
[DEBUG] Event: MouseMotion scene=combat
[DEBUG] Event: MouseMotion scene=combat
[DEBUG] Event: MouseMotion scene=combat
[DEBUG] Event: MouseMotion scene=combat
[DEBUG] Event: MouseMotion scene=combat
[DEBUG] Event: MouseMotion scene=combat
[DEBUG] Event: MouseMotion scene=combat
[DEBUG] Event: MouseMotion scene=combat
[DEBUG] Event: MouseMotion scene=combat
[DEBUG] frame=25680 scene=combat fps=60
[DEBUG] Event: MouseMotion scene=combat
[DEBUG] Event: MouseMotion scene=combat
[DEBUG] Event: MouseMotion scene=combat
[DEBUG] Event: MouseMotion scene=combat
[DEBUG] Event: MouseMotion scene=combat
[DEBUG] Event: MouseMotion scene=combat
[DEBUG] Event: MouseMotion scene=combat
[DEBUG] Event: MouseMotion scene=combat
[DEBUG] Event: MouseMotion scene=combat
[DEBUG] Event: MouseMotion scene=combat
[DEBUG] Event: MouseMotion scene=combat
[DEBUG] Event: MouseMotion scene=combat
[DEBUG] Event: MouseMotion scene=combat
[DEBUG] Event: MouseMotion scene=combat
[DEBUG] Event: MouseMotion scene=combat
[DEBUG] Event: MouseMotion scene=combat
[DEBUG] Event: MouseMotion scene=combat
[DEBUG] Event: MouseMotion scene=combat
[DEBUG] Event: MouseMotion scene=combat
[DEBUG] Event: MouseMotion scene=combat
[DEBUG] Event: MouseMotion scene=combat
[DEBUG] Event: MouseMotion scene=combat
[DEBUG] Event: MouseMotion scene=combat
[DEBUG] Event: MouseMotion scene=combat
[DEBUG] Event: MouseMotion scene=combat
[DEBUG] Event: MouseMotion scene=combat
[DEBUG] Event: MouseMotion scene=combat
[DEBUG] Event: MouseMotion scene=combat
[DEBUG] Event: MouseMotion scene=combat
[DEBUG] Event: MouseMotion scene=combat
[DEBUG] Event: MouseMotion scene=combat
[DEBUG] Event: MouseMotion scene=combat
[DEBUG] Event: MouseMotion scene=combat
[DEBUG] Event: MouseMotion scene=combat
[DEBUG] Event: MouseMotion scene=combat
[DEBUG] Event: MouseMotion scene=combat
[DEBUG] frame=25740 scene=combat fps=60
[DEBUG] Event: MouseMotion scene=combat
[DEBUG] Event: MouseMotion scene=combat
[DEBUG] Event: MouseMotion scene=combat
[DEBUG] Event: MouseMotion scene=combat
[DEBUG] Event: MouseMotion scene=combat
[DEBUG] Event: MouseMotion scene=combat
[DEBUG] Event: MouseMotion scene=combat
[DEBUG] Event: MouseMotion scene=combat
[DEBUG] Event: MouseMotion scene=combat
[DEBUG] Event: MouseMotion scene=combat
[DEBUG] Event: MouseMotion scene=combat
[DEBUG] Event: MouseMotion scene=combat
[DEBUG] Event: MouseMotion scene=combat
[DEBUG] Event: MouseMotion scene=combat
[DEBUG] Event: MouseMotion scene=combat
[DEBUG] Event: MouseMotion scene=combat
[DEBUG] Event: MouseMotion scene=combat
[DEBUG] Event: MouseMotion scene=combat
[DEBUG] Event: MouseMotion scene=combat
[DEBUG] Event: MouseMotion scene=combat
[DEBUG] Event: KeyDown scene=combat
[DEBUG] Event: KeyDown scene=combat
[DEBUG] Event: MouseMotion scene=combat
[DEBUG] Event: MouseMotion scene=combat
[DEBUG] Event: MouseMotion scene=combat
[DEBUG] Event: MouseMotion scene=combat
[DEBUG] Event: MouseMotion scene=combat
[DEBUG] Event: MouseMotion scene=combat
[DEBUG] Event: MouseMotion scene=combat
[DEBUG] Event: MouseMotion scene=combat
[DEBUG] frame=25800 scene=combat fps=61
[DEBUG] Event: MouseMotion scene=combat
[DEBUG] Event: MouseMotion scene=combat
[DEBUG] Event: MouseMotion scene=combat
[DEBUG] Event: MouseMotion scene=combat
[DEBUG] Event: MouseMotion scene=combat
[DEBUG] Event: MouseMotion scene=combat
[DEBUG] Event: MouseMotion scene=combat
[DEBUG] Event: MouseMotion scene=combat
[DEBUG] Event: MouseMotion scene=combat
[DEBUG] Event: MouseMotion scene=combat
[DEBUG] Event: MouseMotion scene=combat
[DEBUG] Event: MouseMotion scene=combat
[DEBUG] frame=25860 scene=combat fps=62
[DEBUG] Event: MouseMotion scene=combat
[DEBUG] Event: KeyUp scene=combat
[DEBUG] Event: KeyUp scene=combat
[DEBUG] Event: MouseMotion scene=combat
[DEBUG] Event: MouseMotion scene=combat
[DEBUG] Event: MouseMotion scene=combat
[DEBUG] Event: MouseMotion scene=combat
[DEBUG] Event: MouseMotion scene=combat
[DEBUG] Event: MouseMotion scene=combat
[DEBUG] Event: MouseMotion scene=combat
[DEBUG] Event: MouseMotion scene=combat
[DEBUG] Event: MouseMotion scene=combat
[DEBUG] frame=25920 scene=combat fps=60
[DEBUG] Event: MouseMotion scene=combat
[DEBUG] Event: KeyDown scene=combat
[DEBUG] Event: MouseMotion scene=backpack
[DEBUG] Event: MouseMotion scene=backpack
[DEBUG] Event: MouseMotion scene=backpack
[DEBUG] Event: KeyUp scene=backpack
[DEBUG] Event: MouseMotion scene=backpack
[DEBUG] Event: MouseMotion scene=backpack
[DEBUG] Event: MouseMotion scene=backpack
[DEBUG] Event: MouseMotion scene=backpack
[DEBUG] Event: MouseMotion scene=backpack
[DEBUG] Event: MouseMotion scene=backpack
[DEBUG] Event: MouseMotion scene=backpack
[DEBUG] Event: MouseMotion scene=backpack
[DEBUG] Event: MouseMotion scene=backpack
[DEBUG] Event: MouseMotion scene=backpack
[DEBUG] Event: MouseMotion scene=backpack
[DEBUG] Event: MouseMotion scene=backpack
[DEBUG] Event: MouseMotion scene=backpack
[DEBUG] Event: MouseMotion scene=backpack
[DEBUG] Event: MouseMotion scene=backpack
[DEBUG] Event: MouseMotion scene=backpack
[DEBUG] Event: MouseMotion scene=backpack
[DEBUG] Event: MouseMotion scene=backpack
[DEBUG] Event: MouseMotion scene=backpack
[DEBUG] Event: MouseMotion scene=backpack
[DEBUG] Event: MouseMotion scene=backpack
[DEBUG] Event: MouseMotion scene=backpack
[DEBUG] Event: MouseMotion scene=backpack
[DEBUG] Event: MouseMotion scene=backpack
[DEBUG] Event: MouseMotion scene=backpack
[DEBUG] Event: MouseMotion scene=backpack
[DEBUG] Event: MouseMotion scene=backpack
[DEBUG] Event: MouseMotion scene=backpack
[DEBUG] Event: MouseMotion scene=backpack
[DEBUG] Event: MouseMotion scene=backpack
[DEBUG] Event: MouseButtonDown scene=backpack
[DEBUG] Event: MouseButtonUp scene=backpack
[DEBUG] frame=25980 scene=backpack fps=60
[DEBUG] Event: MouseMotion scene=backpack
[DEBUG] Event: MouseMotion scene=backpack
[DEBUG] Event: MouseMotion scene=backpack
[DEBUG] Event: MouseMotion scene=backpack
[DEBUG] Event: MouseMotion scene=backpack
[DEBUG] Event: MouseMotion scene=backpack
[DEBUG] Event: MouseMotion scene=backpack
[DEBUG] Event: MouseMotion scene=backpack
[DEBUG] Event: MouseMotion scene=backpack
[DEBUG] Event: MouseMotion scene=backpack
[DEBUG] Event: MouseMotion scene=backpack
[DEBUG] Event: MouseMotion scene=backpack
[DEBUG] Event: MouseMotion scene=backpack
[DEBUG] Event: MouseMotion scene=backpack
[DEBUG] Event: MouseMotion scene=backpack
[DEBUG] Event: MouseMotion scene=backpack
[DEBUG] Event: MouseMotion scene=backpack
[DEBUG] Event: MouseMotion scene=backpack
[DEBUG] Event: MouseMotion scene=backpack
[DEBUG] Event: MouseMotion scene=backpack
[DEBUG] Event: MouseMotion scene=backpack
[DEBUG] Event: MouseMotion scene=backpack
[DEBUG] Event: MouseMotion scene=backpack
[DEBUG] Event: MouseButtonDown scene=backpack
[DEBUG] Event: MouseButtonUp scene=backpack
[DEBUG] frame=26040 scene=backpack fps=61
[DEBUG] Event: MouseMotion scene=backpack
[DEBUG] Event: MouseMotion scene=backpack
[DEBUG] Event: KeyDown scene=backpack
[DEBUG] Event: MouseMotion scene=combat
[DEBUG] Event: MouseMotion scene=combat
[DEBUG] Event: MouseMotion scene=combat
[DEBUG] Event: KeyUp scene=combat
[DEBUG] Event: MouseMotion scene=combat
[DEBUG] Event: MouseMotion scene=combat
[DEBUG] Event: MouseMotion scene=combat
[DEBUG] Event: MouseMotion scene=combat
[DEBUG] Event: MouseMotion scene=combat
[DEBUG] Event: MouseMotion scene=combat
[DEBUG] Event: MouseMotion scene=combat
[DEBUG] Event: MouseMotion scene=combat
[DEBUG] Event: MouseMotion scene=combat
[DEBUG] Event: MouseMotion scene=combat
[DEBUG] Event: MouseMotion scene=combat
[DEBUG] Event: MouseMotion scene=combat
[DEBUG] Event: MouseMotion scene=combat
[DEBUG] Event: MouseMotion scene=combat
[DEBUG] Event: MouseMotion scene=combat
[DEBUG] Event: MouseMotion scene=combat
[DEBUG] Event: MouseMotion scene=combat
[DEBUG] Event: MouseMotion scene=combat
[DEBUG] Event: MouseMotion scene=combat
[DEBUG] Event: KeyDown scene=combat
[DEBUG] Event: MouseMotion scene=combat
[DEBUG] Event: MouseMotion scene=combat
[DEBUG] Event: MouseMotion scene=combat
[DEBUG] Event: KeyUp scene=combat
[DEBUG] Event: MouseMotion scene=combat
[DEBUG] Event: MouseMotion scene=combat
[DEBUG] Event: MouseMotion scene=combat
[DEBUG] Event: MouseMotion scene=combat
[DEBUG] frame=26100 scene=combat fps=59
[DEBUG] Event: MouseMotion scene=combat
[DEBUG] Event: MouseMotion scene=combat
[DEBUG] Event: MouseMotion scene=combat
[DEBUG] Event: MouseMotion scene=combat
[DEBUG] Event: MouseMotion scene=combat
[DEBUG] Event: MouseMotion scene=combat
[DEBUG] Event: MouseMotion scene=combat
[DEBUG] Event: MouseMotion scene=combat
[DEBUG] Event: MouseMotion scene=combat
[DEBUG] Event: MouseMotion scene=combat
[DEBUG] Event: MouseMotion scene=combat
[DEBUG] Event: MouseMotion scene=combat
[DEBUG] Event: KeyDown scene=combat
[DEBUG] Event: KeyUp scene=combat
[DEBUG] Event: MouseMotion scene=combat
[DEBUG] frame=26160 scene=combat fps=60
[DEBUG] Event: MouseMotion scene=combat
[DEBUG] Event: MouseMotion scene=combat
[DEBUG] frame=26220 scene=combat fps=61
[DEBUG] frame=26280 scene=combat fps=61
[DEBUG] frame=26340 scene=combat fps=61
[DEBUG] frame=26400 scene=combat fps=60
[DEBUG] Event: KeyDown scene=combat
[DEBUG] Event: KeyUp scene=combat
[DEBUG] frame=26460 scene=combat fps=62
[DEBUG] Event: MouseMotion scene=combat
[DEBUG] Event: MouseMotion scene=combat
[DEBUG] Event: MouseMotion scene=combat
[DEBUG] Event: MouseMotion scene=combat
[DEBUG] Event: MouseMotion scene=combat
[DEBUG] Event: MouseMotion scene=combat
[DEBUG] Event: MouseMotion scene=combat
[DEBUG] frame=26520 scene=combat fps=60
[DEBUG] Event: MouseMotion scene=combat
[DEBUG] Event: MouseMotion scene=combat
[DEBUG] frame=26580 scene=combat fps=60
[DEBUG] Event: MouseMotion scene=combat
[DEBUG] Event: MouseMotion scene=combat
[DEBUG] Event: MouseMotion scene=combat
[DEBUG] Event: MouseMotion scene=combat
[DEBUG] Event: MouseMotion scene=combat
[DEBUG] Event: MouseMotion scene=combat
[DEBUG] Event: MouseMotion scene=combat
[DEBUG] Event: MouseMotion scene=combat
[DEBUG] Event: MouseMotion scene=combat
[DEBUG] Event: MouseMotion scene=combat
[DEBUG] Event: MouseMotion scene=combat
[DEBUG] Event: MouseMotion scene=combat
[DEBUG] Event: MouseMotion scene=combat
[DEBUG] Event: MouseMotion scene=combat
[DEBUG] Event: MouseMotion scene=combat
[DEBUG] Event: MouseMotion scene=combat
[DEBUG] Event: MouseMotion scene=combat
[DEBUG] Event: MouseMotion scene=combat
[DEBUG] Event: MouseMotion scene=combat
[DEBUG] Event: MouseMotion scene=combat
[DEBUG] Event: MouseMotion scene=combat
[DEBUG] Event: MouseMotion scene=combat
[DEBUG] Event: MouseMotion scene=combat
[DEBUG] Event: MouseMotion scene=combat
[DEBUG] Event: MouseMotion scene=combat
[DEBUG] Event: MouseMotion scene=combat
[DEBUG] Event: MouseMotion scene=combat
[DEBUG] Event: MouseMotion scene=combat
[DEBUG] Event: MouseMotion scene=combat
[DEBUG] Event: MouseMotion scene=combat
[DEBUG] Event: MouseMotion scene=combat
[DEBUG] Event: MouseMotion scene=combat
[DEBUG] Event: MouseMotion scene=combat
[DEBUG] Event: MouseMotion scene=combat
[DEBUG] Event: MouseMotion scene=combat
[DEBUG] Event: MouseMotion scene=combat
[DEBUG] Event: MouseMotion scene=combat
[DEBUG] Event: MouseMotion scene=combat
[DEBUG] Event: MouseMotion scene=combat
[DEBUG] Event: MouseMotion scene=combat
[DEBUG] Event: MouseMotion scene=combat
[DEBUG] Event: MouseMotion scene=combat
[DEBUG] Event: MouseMotion scene=combat
[DEBUG] Event: MouseMotion scene=combat
[DEBUG] Event: MouseMotion scene=combat
[DEBUG] frame=26640 scene=combat fps=60
[DEBUG] Event: MouseMotion scene=combat
[DEBUG] Event: MouseMotion scene=combat
[DEBUG] Event: MouseMotion scene=combat
[DEBUG] Event: MouseMotion scene=combat
[DEBUG] Event: MouseMotion scene=combat
[DEBUG] Event: MouseMotion scene=combat
[DEBUG] Event: MouseMotion scene=combat
[DEBUG] Event: MouseMotion scene=combat
[DEBUG] Event: MouseMotion scene=combat
[DEBUG] Event: MouseMotion scene=combat
[DEBUG] Event: MouseMotion scene=combat
[DEBUG] Event: MouseMotion scene=combat
[DEBUG] Event: MouseMotion scene=combat
[DEBUG] Event: MouseMotion scene=combat
[DEBUG] Event: MouseMotion scene=combat
[DEBUG] Event: MouseMotion scene=combat
[DEBUG] Event: MouseMotion scene=combat
[DEBUG] Event: MouseMotion scene=combat
[DEBUG] Event: MouseMotion scene=combat
[DEBUG] Event: MouseMotion scene=combat
[DEBUG] Event: MouseMotion scene=combat
[DEBUG] Event: MouseMotion scene=combat
[DEBUG] Event: MouseMotion scene=combat
[DEBUG] Event: MouseMotion scene=combat
[DEBUG] Event: MouseMotion scene=combat
[DEBUG] Event: MouseMotion scene=combat
[DEBUG] Event: MouseMotion scene=combat
[DEBUG] Event: MouseMotion scene=combat
[DEBUG] Event: MouseMotion scene=combat
[DEBUG] Event: MouseMotion scene=combat
[DEBUG] Event: MouseMotion scene=combat
[DEBUG] Event: MouseMotion scene=combat
[DEBUG] Event: MouseMotion scene=combat
[DEBUG] Event: MouseMotion scene=combat
[DEBUG] Event: MouseMotion scene=combat
[DEBUG] Event: MouseMotion scene=combat
[DEBUG] Event: MouseMotion scene=combat
[DEBUG] Event: MouseMotion scene=combat
[DEBUG] Event: MouseMotion scene=combat
[DEBUG] Event: MouseMotion scene=combat
[DEBUG] frame=26700 scene=combat fps=61
[DEBUG] Event: MouseMotion scene=combat
[DEBUG] Event: MouseMotion scene=combat
[DEBUG] Event: MouseMotion scene=combat
[DEBUG] Event: MouseMotion scene=combat
[DEBUG] Event: MouseMotion scene=combat
[DEBUG] Event: MouseMotion scene=combat
[DEBUG] Event: MouseMotion scene=combat
[DEBUG] Event: MouseMotion scene=combat
[DEBUG] Event: MouseMotion scene=combat
[DEBUG] Event: MouseMotion scene=combat
[DEBUG] Event: MouseMotion scene=combat
[DEBUG] Event: MouseMotion scene=combat
[DEBUG] Event: MouseMotion scene=combat
[DEBUG] Event: MouseMotion scene=combat
[DEBUG] Event: MouseMotion scene=combat
[DEBUG] Event: MouseMotion scene=combat
[DEBUG] Event: MouseMotion scene=combat
[DEBUG] Event: MouseMotion scene=combat
[DEBUG] Event: MouseMotion scene=combat
[DEBUG] Event: MouseMotion scene=combat
[DEBUG] Event: MouseMotion scene=combat
[DEBUG] Event: MouseMotion scene=combat
[DEBUG] Event: MouseMotion scene=combat
[DEBUG] Event: MouseMotion scene=combat
[DEBUG] Event: MouseMotion scene=combat
[DEBUG] Event: MouseMotion scene=combat
[DEBUG] Event: MouseMotion scene=combat
[DEBUG] Event: MouseMotion scene=combat
[DEBUG] Event: MouseMotion scene=combat
[DEBUG] Event: MouseMotion scene=combat
[DEBUG] Event: MouseMotion scene=combat
[DEBUG] Event: MouseMotion scene=combat
[DEBUG] Event: MouseMotion scene=combat
[DEBUG] Event: MouseMotion scene=combat
[DEBUG] Event: MouseMotion scene=combat
[DEBUG] Event: MouseMotion scene=combat
[DEBUG] Event: MouseMotion scene=combat
[DEBUG] Event: MouseMotion scene=combat
[DEBUG] Event: MouseMotion scene=combat
[DEBUG] Event: MouseMotion scene=combat
[DEBUG] Event: MouseMotion scene=combat
[DEBUG] Event: MouseMotion scene=combat
[DEBUG] Event: MouseMotion scene=combat
[DEBUG] Event: MouseMotion scene=combat
[DEBUG] Event: MouseMotion scene=combat
[DEBUG] Event: MouseMotion scene=combat
[DEBUG] Event: MouseMotion scene=combat
[DEBUG] Event: MouseMotion scene=combat
[DEBUG] Event: MouseMotion scene=combat
[DEBUG] Event: MouseMotion scene=combat
[DEBUG] Event: MouseMotion scene=combat
[DEBUG] Event: MouseMotion scene=combat
[DEBUG] Event: MouseButtonDown scene=combat
[DEBUG] frame=26760 scene=combat fps=61
[DEBUG] Event: MouseButtonUp scene=combat
[DEBUG] Event: MouseMotion scene=combat
[DEBUG] Event: MouseMotion scene=combat
[DEBUG] Event: MouseMotion scene=combat
[DEBUG] Event: MouseMotion scene=combat
[DEBUG] Event: KeyDown scene=combat
[DEBUG] Event: MouseMotion scene=combat
[DEBUG] Event: MouseMotion scene=combat
[DEBUG] Event: MouseMotion scene=combat
[DEBUG] Event: MouseMotion scene=combat
[DEBUG] Event: MouseMotion scene=combat
[DEBUG] Event: MouseMotion scene=combat
[DEBUG] Event: MouseMotion scene=combat
[DEBUG] Event: MouseMotion scene=combat
[DEBUG] Event: MouseMotion scene=combat
[DEBUG] Event: MouseMotion scene=combat
[DEBUG] Event: MouseMotion scene=combat
[DEBUG] Event: MouseMotion scene=combat
[DEBUG] Event: MouseMotion scene=combat
[DEBUG] Event: MouseMotion scene=combat
[DEBUG] Event: ActiveEvent scene=combat
[DEBUG] Event: WindowLeave scene=combat
[DEBUG] Event: ActiveEvent scene=combat
[DEBUG] Event: WindowEnter scene=combat
[DEBUG] Event: MouseMotion scene=combat
[DEBUG] Event: MouseMotion scene=combat
[DEBUG] Event: MouseMotion scene=combat
[DEBUG] Event: MouseMotion scene=combat
[DEBUG] Event: MouseMotion scene=combat
[DEBUG] Event: MouseMotion scene=combat
[DEBUG] Event: MouseMotion scene=combat
[DEBUG] Event: MouseMotion scene=combat
[DEBUG] Event: MouseButtonDown scene=combat
[DEBUG] Event: MouseMotion scene=combat
[DEBUG] Event: MouseMotion scene=combat
[DEBUG] Event: MouseMotion scene=combat
[DEBUG] Event: MouseMotion scene=combat
[DEBUG] Event: MouseButtonUp scene=combat
[DEBUG] Event: MouseMotion scene=combat
[DEBUG] Event: MouseMotion scene=combat
[DEBUG] Event: MouseMotion scene=combat
[DEBUG] Event: MouseMotion scene=combat
[DEBUG] Event: MouseMotion scene=combat
[DEBUG] frame=26820 scene=combat fps=61
[DEBUG] Event: MouseMotion scene=combat
[DEBUG] Event: MouseMotion scene=combat
[DEBUG] Event: MouseMotion scene=combat
[DEBUG] Event: MouseMotion scene=combat
[DEBUG] Event: MouseMotion scene=combat
[DEBUG] Event: MouseMotion scene=combat
[DEBUG] Event: MouseMotion scene=combat
[DEBUG] Event: MouseMotion scene=combat
[DEBUG] Event: MouseMotion scene=combat
[DEBUG] Event: MouseMotion scene=combat
[DEBUG] Event: MouseMotion scene=combat
[DEBUG] Event: MouseMotion scene=combat
[DEBUG] Event: MouseButtonDown scene=combat
[DEBUG] Event: MouseMotion scene=combat
[DEBUG] Event: MouseMotion scene=combat
[DEBUG] Event: MouseMotion scene=combat
[DEBUG] Event: MouseMotion scene=combat
[DEBUG] Event: MouseMotion scene=combat
[DEBUG] Event: MouseMotion scene=combat
[DEBUG] Event: MouseButtonUp scene=combat
[DEBUG] Event: MouseMotion scene=combat
[DEBUG] Event: MouseMotion scene=combat
[DEBUG] Event: MouseMotion scene=combat
[DEBUG] Event: KeyUp scene=combat
[DEBUG] Event: KeyDown scene=combat
[DEBUG] Event: MouseMotion scene=combat
[DEBUG] Event: MouseMotion scene=combat
[DEBUG] Event: MouseButtonDown scene=combat
[DEBUG] Event: MouseMotion scene=combat
[DEBUG] Event: MouseMotion scene=combat
[DEBUG] Event: MouseMotion scene=combat
[DEBUG] Event: MouseMotion scene=combat
[DEBUG] Event: MouseMotion scene=combat
[DEBUG] Event: MouseMotion scene=combat
[DEBUG] Event: MouseMotion scene=combat
[DEBUG] Event: MouseMotion scene=combat
[DEBUG] Event: MouseButtonUp scene=combat
[DEBUG] Event: MouseMotion scene=combat
[DEBUG] Event: MouseMotion scene=combat
[DEBUG] Event: MouseMotion scene=combat
[DEBUG] Event: MouseMotion scene=combat
[DEBUG] Event: MouseMotion scene=combat
[DEBUG] Event: MouseMotion scene=combat
[DEBUG] Event: MouseMotion scene=combat
[DEBUG] Event: MouseMotion scene=combat
[DEBUG] Event: MouseMotion scene=combat
[DEBUG] Event: MouseMotion scene=combat
[DEBUG] Event: MouseMotion scene=combat
[DEBUG] Event: MouseMotion scene=combat
[DEBUG] Event: MouseMotion scene=combat
[DEBUG] Event: MouseMotion scene=combat
[DEBUG] Event: MouseMotion scene=combat
[DEBUG] Event: MouseMotion scene=combat
[DEBUG] Event: MouseMotion scene=combat
[DEBUG] Event: MouseMotion scene=combat
[DEBUG] frame=26880 scene=combat fps=60
[DEBUG] Event: MouseMotion scene=combat
[DEBUG] Event: MouseMotion scene=combat
[DEBUG] Event: MouseMotion scene=combat
[DEBUG] Event: MouseMotion scene=combat
[DEBUG] Event: MouseMotion scene=combat
[DEBUG] Event: MouseMotion scene=combat
[DEBUG] Event: MouseMotion scene=combat
[DEBUG] Event: MouseMotion scene=combat
[DEBUG] Event: MouseMotion scene=combat
[DEBUG] Event: MouseMotion scene=combat
[DEBUG] Event: MouseMotion scene=combat
[DEBUG] Event: MouseMotion scene=combat
[DEBUG] Event: MouseMotion scene=combat
[DEBUG] Event: MouseMotion scene=combat
[DEBUG] Event: MouseMotion scene=combat
[DEBUG] Event: MouseMotion scene=combat
[DEBUG] Event: MouseMotion scene=combat
[DEBUG] Event: MouseMotion scene=combat
[DEBUG] Event: MouseMotion scene=combat
[DEBUG] Event: MouseMotion scene=combat
[DEBUG] Event: MouseMotion scene=combat
[DEBUG] Event: MouseMotion scene=combat
[DEBUG] Event: MouseButtonDown scene=combat
[DEBUG] Event: MouseMotion scene=combat
[DEBUG] Event: MouseMotion scene=combat
[DEBUG] Event: MouseMotion scene=combat
[DEBUG] Event: MouseMotion scene=combat
[DEBUG] Event: MouseMotion scene=combat
[DEBUG] Event: MouseMotion scene=combat
[DEBUG] Event: MouseMotion scene=combat
[DEBUG] Event: MouseButtonUp scene=combat
[DEBUG] Event: MouseMotion scene=combat
[DEBUG] Event: MouseMotion scene=combat
[DEBUG] Event: MouseMotion scene=combat
[DEBUG] Event: MouseMotion scene=combat
[DEBUG] Event: MouseMotion scene=combat
[DEBUG] Event: MouseMotion scene=combat
[DEBUG] Event: MouseMotion scene=combat
[DEBUG] Event: MouseMotion scene=combat
[DEBUG] Event: MouseMotion scene=combat
[DEBUG] Event: MouseMotion scene=combat
[DEBUG] Event: MouseMotion scene=combat
[DEBUG] Event: MouseMotion scene=combat
[DEBUG] Event: MouseMotion scene=combat
[DEBUG] Event: MouseMotion scene=combat
[DEBUG] Event: MouseMotion scene=combat
[DEBUG] Event: MouseMotion scene=combat
[DEBUG] Event: MouseMotion scene=combat
[DEBUG] frame=26940 scene=combat fps=61
[DEBUG] Event: MouseMotion scene=combat
[DEBUG] Event: MouseMotion scene=combat
[DEBUG] Event: MouseMotion scene=combat
[DEBUG] Event: MouseMotion scene=combat
[DEBUG] Event: MouseMotion scene=combat
[DEBUG] Event: MouseMotion scene=combat
[DEBUG] Event: MouseMotion scene=combat
[DEBUG] Event: MouseMotion scene=combat
[DEBUG] Event: MouseMotion scene=combat
[DEBUG] Event: MouseMotion scene=combat
[DEBUG] Event: MouseMotion scene=combat
[DEBUG] Event: MouseMotion scene=combat
[DEBUG] Event: MouseMotion scene=combat
[DEBUG] Event: MouseMotion scene=combat
[DEBUG] Event: MouseMotion scene=combat
[DEBUG] Event: MouseMotion scene=combat
[DEBUG] Event: MouseMotion scene=combat
[DEBUG] Event: MouseMotion scene=combat
[DEBUG] Event: MouseMotion scene=combat
[DEBUG] Event: MouseMotion scene=combat
[DEBUG] Event: MouseMotion scene=combat
[DEBUG] Event: MouseMotion scene=combat
[DEBUG] Event: MouseMotion scene=combat
[DEBUG] Event: MouseMotion scene=combat
[DEBUG] Event: MouseMotion scene=combat
[DEBUG] Event: MouseMotion scene=combat
[DEBUG] Event: MouseMotion scene=combat
[DEBUG] Event: MouseMotion scene=combat
[DEBUG] Event: MouseMotion scene=combat
[DEBUG] Event: MouseMotion scene=combat
[DEBUG] Event: MouseMotion scene=combat
[DEBUG] Event: KeyDown scene=combat
[DEBUG] Event: MouseMotion scene=combat
[DEBUG] Event: MouseMotion scene=combat
[DEBUG] Event: MouseMotion scene=combat
[DEBUG] Event: MouseMotion scene=combat
[DEBUG] Event: MouseMotion scene=combat
[DEBUG] Event: KeyUp scene=combat
[DEBUG] Event: MouseMotion scene=combat
[DEBUG] Event: MouseMotion scene=combat
[DEBUG] Event: MouseMotion scene=combat
[DEBUG] Event: MouseMotion scene=combat
[DEBUG] Event: MouseMotion scene=combat
[DEBUG] Event: KeyDown scene=combat
[DEBUG] Event: MouseMotion scene=combat
[DEBUG] Event: MouseMotion scene=combat
[DEBUG] Event: MouseMotion scene=combat
[DEBUG] Event: MouseMotion scene=combat
[DEBUG] Event: MouseMotion scene=combat
[DEBUG] Event: MouseMotion scene=combat
[DEBUG] Event: KeyUp scene=combat
[DEBUG] Event: MouseMotion scene=combat
[DEBUG] Event: MouseMotion scene=combat
[DEBUG] Event: MouseMotion scene=combat
[DEBUG] Event: MouseButtonDown scene=combat
[DEBUG] Event: MouseMotion scene=combat
[DEBUG] Event: MouseButtonUp scene=combat
[DEBUG] Event: MouseMotion scene=combat
[DEBUG] Event: MouseMotion scene=combat
[DEBUG] Event: MouseMotion scene=combat
[DEBUG] Event: MouseMotion scene=combat
[DEBUG] Event: MouseMotion scene=combat
[DEBUG] Event: KeyUp scene=combat
[DEBUG] Event: MouseMotion scene=combat
[DEBUG] Event: MouseMotion scene=combat
[DEBUG] Event: MouseMotion scene=combat
[DEBUG] Event: MouseMotion scene=combat
[DEBUG] Event: MouseButtonDown scene=combat
[DEBUG] frame=27000 scene=combat fps=61
[DEBUG] Event: MouseMotion scene=combat
[DEBUG] Event: MouseMotion scene=combat
[DEBUG] Event: MouseMotion scene=combat
[DEBUG] Event: MouseButtonUp scene=combat
[DEBUG] Event: KeyDown scene=combat
[DEBUG] Event: MouseMotion scene=combat
[DEBUG] Event: MouseMotion scene=combat
[DEBUG] Event: MouseMotion scene=combat
[DEBUG] Event: MouseMotion scene=combat
[DEBUG] Event: MouseButtonDown scene=combat
[DEBUG] Event: MouseMotion scene=combat
[DEBUG] Event: MouseMotion scene=combat
[DEBUG] Event: MouseButtonUp scene=combat
[DEBUG] Event: MouseMotion scene=combat
[DEBUG] Event: MouseMotion scene=combat
[DEBUG] Event: MouseMotion scene=combat
[DEBUG] Event: MouseMotion scene=combat
[DEBUG] Event: KeyDown scene=combat
[DEBUG] Event: MouseButtonDown scene=combat
[DEBUG] Event: MouseMotion scene=combat
[DEBUG] Event: KeyUp scene=combat
[DEBUG] Event: MouseMotion scene=combat
[DEBUG] Event: MouseButtonUp scene=combat
[DEBUG] Event: MouseMotion scene=combat
[DEBUG] Event: MouseMotion scene=combat
[DEBUG] Event: MouseButtonDown scene=combat
[DEBUG] Event: MouseMotion scene=combat
[DEBUG] Event: MouseMotion scene=combat
[DEBUG] Event: KeyUp scene=combat
[DEBUG] Event: MouseMotion scene=combat
[DEBUG] Event: MouseMotion scene=combat
[DEBUG] Event: MouseMotion scene=combat
[DEBUG] Event: MouseMotion scene=combat
[DEBUG] Event: MouseMotion scene=combat
[DEBUG] Event: KeyDown scene=combat
[DEBUG] Event: MouseMotion scene=combat
[DEBUG] Event: MouseMotion scene=combat
[DEBUG] Event: MouseMotion scene=combat
[DEBUG] Event: MouseMotion scene=combat
[DEBUG] Event: MouseMotion scene=combat
[DEBUG] Event: MouseMotion scene=combat
[DEBUG] Event: MouseMotion scene=combat
[DEBUG] Event: MouseMotion scene=combat
[DEBUG] Event: MouseMotion scene=combat
[DEBUG] Event: MouseButtonUp scene=combat
[DEBUG] Event: MouseMotion scene=combat
[DEBUG] Event: MouseMotion scene=combat
[DEBUG] Event: KeyDown scene=combat
[DEBUG] Event: MouseMotion scene=combat
[DEBUG] Event: MouseButtonDown scene=combat
[DEBUG] Event: KeyUp scene=combat
[DEBUG] Event: MouseMotion scene=combat
[DEBUG] Event: MouseMotion scene=combat
[DEBUG] Event: MouseMotion scene=combat
[DEBUG] Event: MouseMotion scene=combat
[DEBUG] Event: MouseButtonUp scene=combat
[DEBUG] frame=27060 scene=combat fps=61
[DEBUG] Event: MouseMotion scene=combat
[DEBUG] Event: MouseMotion scene=combat
[DEBUG] Event: MouseMotion scene=combat
[DEBUG] Event: KeyUp scene=combat
[DEBUG] Event: MouseMotion scene=combat
[DEBUG] Event: MouseButtonDown scene=combat
[DEBUG] Event: MouseMotion scene=combat
[DEBUG] Event: MouseMotion scene=combat
[DEBUG] Event: KeyDown scene=combat
[DEBUG] Event: MouseMotion scene=combat
[DEBUG] Event: MouseButtonUp scene=combat
[DEBUG] Event: MouseMotion scene=combat
[DEBUG] Event: MouseMotion scene=combat
[DEBUG] Event: MouseMotion scene=combat
[DEBUG] Event: MouseMotion scene=combat
[DEBUG] Event: MouseMotion scene=combat
[DEBUG] Event: MouseButtonDown scene=combat
[DEBUG] Event: MouseMotion scene=combat
[DEBUG] Event: MouseMotion scene=combat
[DEBUG] Event: MouseButtonUp scene=combat
[DEBUG] Event: MouseMotion scene=combat
[DEBUG] Event: MouseButtonDown scene=combat
[DEBUG] Event: KeyDown scene=combat
[DEBUG] Event: MouseMotion scene=combat
[DEBUG] Event: MouseMotion scene=combat
[DEBUG] Event: MouseMotion scene=combat
[DEBUG] Event: MouseMotion scene=combat
[DEBUG] Event: MouseButtonUp scene=combat
[DEBUG] Event: MouseMotion scene=combat
[DEBUG] Event: KeyDown scene=combat
[DEBUG] Event: MouseMotion scene=combat
[DEBUG] Event: MouseMotion scene=combat
[DEBUG] Event: MouseMotion scene=combat
[DEBUG] Event: KeyUp scene=combat
[DEBUG] Event: MouseMotion scene=combat
[DEBUG] Event: MouseMotion scene=combat
[DEBUG] Event: MouseMotion scene=combat
[DEBUG] Event: MouseButtonDown scene=combat
[DEBUG] Event: MouseMotion scene=combat
[DEBUG] Event: MouseMotion scene=combat
[DEBUG] Event: MouseMotion scene=combat
[DEBUG] Event: MouseMotion scene=combat
[DEBUG] Event: MouseButtonUp scene=combat
[DEBUG] Event: MouseMotion scene=combat
[DEBUG] Event: MouseMotion scene=combat
[DEBUG] Event: MouseMotion scene=combat
[DEBUG] Event: MouseMotion scene=combat
[DEBUG] Event: MouseMotion scene=combat
[DEBUG] Event: MouseButtonDown scene=combat
[DEBUG] Event: MouseMotion scene=combat
[DEBUG] Event: MouseMotion scene=combat
[DEBUG] Event: MouseMotion scene=combat
[DEBUG] Event: MouseMotion scene=combat
[DEBUG] Event: MouseMotion scene=combat
[DEBUG] Event: MouseButtonUp scene=combat
[DEBUG] Event: MouseMotion scene=combat
[DEBUG] Event: MouseMotion scene=combat
[DEBUG] Event: MouseMotion scene=combat
[DEBUG] Event: MouseMotion scene=combat
[DEBUG] Event: MouseMotion scene=combat
[DEBUG] Event: MouseMotion scene=combat
[DEBUG] frame=27120 scene=combat fps=61
[DEBUG] Event: MouseMotion scene=combat
[DEBUG] Event: KeyUp scene=combat
[DEBUG] Event: MouseMotion scene=combat
[DEBUG] Event: MouseMotion scene=combat
[DEBUG] Event: MouseMotion scene=combat
[DEBUG] Event: KeyUp scene=combat
[DEBUG] Event: MouseMotion scene=combat
[DEBUG] Event: KeyDown scene=combat
[DEBUG] Event: MouseMotion scene=combat
[DEBUG] Event: MouseMotion scene=combat
[DEBUG] Event: MouseMotion scene=combat
[DEBUG] Event: MouseMotion scene=combat
[DEBUG] Event: MouseMotion scene=combat
[DEBUG] Event: MouseMotion scene=combat
[DEBUG] Event: MouseMotion scene=combat
[DEBUG] Event: MouseMotion scene=combat
[DEBUG] Event: MouseMotion scene=combat
[DEBUG] Event: KeyDown scene=combat
[DEBUG] Event: MouseMotion scene=combat
[DEBUG] Event: KeyUp scene=combat
[DEBUG] Event: MouseButtonDown scene=combat
[DEBUG] Event: KeyDown scene=combat
[DEBUG] Event: MouseButtonUp scene=combat
[DEBUG] Event: MouseMotion scene=combat
[DEBUG] Event: MouseMotion scene=combat
[DEBUG] frame=27180 scene=combat fps=60
[DEBUG] Event: MouseButtonDown scene=combat
[DEBUG] Event: KeyUp scene=combat
[DEBUG] Event: KeyUp scene=combat
[DEBUG] Event: MouseMotion scene=combat
[DEBUG] Event: MouseButtonUp scene=combat
[DEBUG] Event: KeyDown scene=combat
[DEBUG] Event: MouseButtonDown scene=combat
[DEBUG] Event: MouseMotion scene=combat
[DEBUG] Event: MouseButtonUp scene=combat
[DEBUG] Event: MouseButtonDown scene=combat
[DEBUG] Event: MouseMotion scene=combat
[DEBUG] Event: KeyDown scene=combat
[DEBUG] Event: MouseMotion scene=combat
[DEBUG] Event: MouseMotion scene=combat
[DEBUG] Event: MouseMotion scene=combat
[DEBUG] Event: KeyUp scene=combat
[DEBUG] Event: MouseMotion scene=combat
[DEBUG] Event: MouseButtonUp scene=combat
[DEBUG] Event: MouseMotion scene=combat
[DEBUG] Event: MouseMotion scene=combat
[DEBUG] Event: MouseMotion scene=combat
[DEBUG] Event: MouseMotion scene=combat
[DEBUG] Event: MouseButtonDown scene=combat
[DEBUG] Event: MouseMotion scene=combat
[DEBUG] Event: MouseButtonUp scene=combat
[DEBUG] Event: MouseMotion scene=combat
[DEBUG] Event: MouseButtonDown scene=combat
[DEBUG] Event: MouseMotion scene=combat
[DEBUG] Event: MouseMotion scene=combat
[DEBUG] Event: KeyUp scene=combat
[DEBUG] Event: MouseMotion scene=combat
[DEBUG] Event: KeyDown scene=combat
[DEBUG] Event: MouseButtonUp scene=combat
[DEBUG] Event: MouseMotion scene=combat
[DEBUG] Event: MouseMotion scene=combat
[DEBUG] Event: MouseMotion scene=combat
[DEBUG] Event: MouseMotion scene=combat
[DEBUG] Event: MouseMotion scene=combat
[DEBUG] Event: MouseButtonDown scene=combat
[DEBUG] Event: KeyDown scene=combat
[DEBUG] Event: MouseMotion scene=combat
[DEBUG] frame=27240 scene=combat fps=60
[DEBUG] Event: MouseMotion scene=combat
[DEBUG] Event: MouseButtonUp scene=combat
[DEBUG] Event: MouseMotion scene=combat
[DEBUG] Event: MouseMotion scene=combat
[DEBUG] Event: MouseMotion scene=combat
[DEBUG] Event: MouseMotion scene=combat
[DEBUG] Event: MouseMotion scene=combat
[DEBUG] Event: MouseMotion scene=combat
[DEBUG] Event: MouseMotion scene=combat
[DEBUG] Event: MouseMotion scene=combat
[DEBUG] Event: MouseMotion scene=combat
[DEBUG] Event: MouseMotion scene=combat
[DEBUG] Event: MouseMotion scene=combat
[DEBUG] Event: MouseMotion scene=combat
[DEBUG] Event: MouseMotion scene=combat
[DEBUG] Event: MouseMotion scene=combat
[DEBUG] Event: MouseMotion scene=combat
[DEBUG] Event: MouseMotion scene=combat
[DEBUG] Event: MouseMotion scene=combat
[DEBUG] Event: MouseMotion scene=combat
[DEBUG] Event: MouseButtonDown scene=combat
[DEBUG] Event: MouseMotion scene=combat
[DEBUG] Event: MouseMotion scene=combat
[DEBUG] Event: MouseMotion scene=combat
[DEBUG] Event: MouseMotion scene=combat
[DEBUG] Event: MouseMotion scene=combat
[DEBUG] Event: MouseMotion scene=combat
[DEBUG] Event: MouseMotion scene=combat
[DEBUG] Event: MouseButtonUp scene=combat
[DEBUG] Event: MouseMotion scene=combat
[DEBUG] Event: MouseMotion scene=combat
[DEBUG] Event: KeyUp scene=combat
[DEBUG] Event: MouseMotion scene=combat
[DEBUG] Event: MouseMotion scene=combat
[DEBUG] Event: MouseMotion scene=combat
[DEBUG] Event: MouseMotion scene=combat
[DEBUG] Event: MouseMotion scene=combat
[DEBUG] Event: KeyDown scene=combat
[DEBUG] Event: MouseMotion scene=combat
[DEBUG] Event: MouseMotion scene=combat
[DEBUG] Event: MouseMotion scene=combat
[DEBUG] Event: MouseMotion scene=combat
[DEBUG] Event: MouseMotion scene=combat
[DEBUG] Event: MouseMotion scene=combat
[DEBUG] Event: MouseMotion scene=combat
[DEBUG] Event: MouseMotion scene=combat
[DEBUG] Event: MouseMotion scene=combat
[DEBUG] Event: MouseMotion scene=combat
[DEBUG] Event: MouseMotion scene=combat
[DEBUG] Event: MouseMotion scene=combat
[DEBUG] Event: MouseMotion scene=combat
[DEBUG] Event: MouseMotion scene=combat
[DEBUG] Event: MouseMotion scene=combat
[DEBUG] Event: MouseMotion scene=combat
[DEBUG] Event: MouseMotion scene=combat
[DEBUG] Event: MouseMotion scene=combat
[DEBUG] Event: MouseMotion scene=combat
[DEBUG] Event: MouseMotion scene=combat
[DEBUG] Event: MouseMotion scene=combat
[DEBUG] Event: MouseMotion scene=combat
[DEBUG] frame=27300 scene=combat fps=60
[DEBUG] Event: MouseMotion scene=combat
[DEBUG] Event: MouseMotion scene=combat
[DEBUG] Event: MouseMotion scene=combat
[DEBUG] Event: MouseMotion scene=combat
[DEBUG] Event: KeyUp scene=combat
[DEBUG] Event: MouseMotion scene=combat
[DEBUG] Event: MouseMotion scene=combat
[DEBUG] Event: MouseButtonDown scene=combat
[DEBUG] Event: MouseMotion scene=combat
[DEBUG] Event: KeyUp scene=combat
[DEBUG] Event: MouseMotion scene=combat
[DEBUG] Event: MouseMotion scene=combat
[DEBUG] Event: MouseMotion scene=combat
[DEBUG] Event: MouseMotion scene=combat
[DEBUG] Event: MouseMotion scene=combat
[DEBUG] Event: MouseMotion scene=combat
[DEBUG] Event: MouseMotion scene=combat
[DEBUG] Event: MouseMotion scene=combat
[DEBUG] Event: MouseMotion scene=combat
[DEBUG] Event: KeyDown scene=combat
[DEBUG] Event: MouseButtonUp scene=combat
[DEBUG] Event: MouseMotion scene=combat
[DEBUG] Event: MouseMotion scene=combat
[DEBUG] Event: MouseButtonDown scene=combat
[DEBUG] Event: MouseMotion scene=combat
[DEBUG] Event: MouseMotion scene=combat
[DEBUG] Event: MouseMotion scene=combat
[DEBUG] Event: MouseMotion scene=combat
[DEBUG] Event: KeyDown scene=combat
[DEBUG] Event: MouseMotion scene=combat
[DEBUG] Event: MouseMotion scene=combat
[DEBUG] Event: MouseMotion scene=combat
[DEBUG] Event: MouseMotion scene=combat
[DEBUG] Event: MouseMotion scene=combat
[DEBUG] Event: MouseMotion scene=combat
[DEBUG] Event: MouseMotion scene=combat
[DEBUG] Event: MouseMotion scene=combat
[DEBUG] Event: MouseMotion scene=combat
[DEBUG] Event: MouseButtonUp scene=combat
[DEBUG] Event: MouseMotion scene=combat
[DEBUG] Event: MouseMotion scene=combat
[DEBUG] Event: MouseMotion scene=combat
[DEBUG] Event: MouseMotion scene=combat
[DEBUG] Event: MouseMotion scene=combat
[DEBUG] Event: MouseMotion scene=combat
[DEBUG] Event: MouseMotion scene=combat
[DEBUG] Event: MouseMotion scene=combat
[DEBUG] Event: MouseMotion scene=combat
[DEBUG] Event: MouseMotion scene=combat
[DEBUG] Event: MouseMotion scene=combat
[DEBUG] Event: MouseMotion scene=combat
[DEBUG] Event: MouseMotion scene=combat
[DEBUG] Event: MouseMotion scene=combat
[DEBUG] frame=27360 scene=combat fps=61
[DEBUG] Event: KeyUp scene=combat
[DEBUG] Event: MouseMotion scene=combat
[DEBUG] Event: MouseMotion scene=combat
[DEBUG] Event: MouseMotion scene=combat
[DEBUG] Event: MouseMotion scene=combat
[DEBUG] Event: MouseMotion scene=combat
[DEBUG] Event: MouseMotion scene=combat
[DEBUG] Event: MouseMotion scene=combat
[DEBUG] Event: MouseMotion scene=combat
[DEBUG] Event: MouseMotion scene=combat
[DEBUG] Event: MouseMotion scene=combat
[DEBUG] Event: MouseMotion scene=combat
[DEBUG] Event: MouseMotion scene=combat
[DEBUG] Event: MouseMotion scene=combat
[DEBUG] Event: MouseMotion scene=combat
[DEBUG] Event: KeyUp scene=combat
[DEBUG] Event: MouseMotion scene=combat
[DEBUG] Event: MouseMotion scene=combat
[DEBUG] Event: MouseMotion scene=combat
[DEBUG] Event: MouseMotion scene=combat
[DEBUG] Event: MouseMotion scene=combat
[DEBUG] Event: MouseButtonDown scene=combat
[DEBUG] Event: MouseMotion scene=combat
[DEBUG] Event: MouseMotion scene=combat
[DEBUG] Event: KeyDown scene=combat
[DEBUG] Event: MouseMotion scene=combat
[DEBUG] Event: MouseMotion scene=combat
[DEBUG] Event: MouseMotion scene=combat
[DEBUG] Event: MouseButtonUp scene=combat
[DEBUG] Event: MouseMotion scene=combat
[DEBUG] Event: MouseMotion scene=combat
[DEBUG] Event: MouseMotion scene=combat
[DEBUG] Event: KeyDown scene=combat
[DEBUG] Event: MouseMotion scene=combat
[DEBUG] Event: MouseMotion scene=combat
[DEBUG] Event: MouseMotion scene=combat
[DEBUG] Event: MouseButtonDown scene=combat
[DEBUG] Event: MouseMotion scene=combat
[DEBUG] Event: MouseMotion scene=combat
[DEBUG] Event: KeyUp scene=combat
[DEBUG] Event: MouseButtonUp scene=combat
[DEBUG] Event: MouseMotion scene=combat
[DEBUG] Event: MouseButtonDown scene=combat
[DEBUG] Event: MouseMotion scene=combat
[DEBUG] Event: MouseButtonUp scene=combat
[DEBUG] Event: MouseMotion scene=combat
[DEBUG] frame=27420 scene=combat fps=60
[DEBUG] Event: MouseMotion scene=combat
[DEBUG] Event: MouseMotion scene=combat
[DEBUG] Event: MouseMotion scene=combat
[DEBUG] Event: MouseMotion scene=combat
[DEBUG] Event: MouseMotion scene=combat
[DEBUG] Event: MouseMotion scene=combat
[DEBUG] Event: MouseMotion scene=combat
[DEBUG] Event: MouseMotion scene=combat
[DEBUG] Event: MouseMotion scene=combat
[DEBUG] Event: MouseMotion scene=combat
[DEBUG] Event: MouseMotion scene=combat
[DEBUG] Event: MouseMotion scene=combat
[DEBUG] Event: MouseMotion scene=combat
[DEBUG] Event: MouseMotion scene=combat
[DEBUG] Event: MouseMotion scene=combat
[DEBUG] Event: MouseMotion scene=combat
[DEBUG] Event: MouseMotion scene=combat
[DEBUG] Event: MouseMotion scene=combat
[DEBUG] Event: MouseMotion scene=combat
[DEBUG] Event: MouseMotion scene=combat
[DEBUG] Event: KeyDown scene=combat
[DEBUG] Event: MouseMotion scene=combat
[DEBUG] Event: MouseMotion scene=combat
[DEBUG] Event: MouseMotion scene=combat
[DEBUG] Event: MouseMotion scene=combat
[DEBUG] Event: MouseMotion scene=combat
[DEBUG] Event: MouseMotion scene=combat
[DEBUG] Event: MouseMotion scene=combat
[DEBUG] Event: MouseMotion scene=combat
[DEBUG] Event: MouseMotion scene=combat
[DEBUG] Event: MouseMotion scene=combat
[DEBUG] Event: MouseMotion scene=combat
[DEBUG] Event: KeyUp scene=combat
[DEBUG] Event: MouseMotion scene=combat
[DEBUG] Event: MouseMotion scene=combat
[DEBUG] Event: MouseMotion scene=combat
[DEBUG] Event: MouseMotion scene=combat
[DEBUG] Event: MouseMotion scene=combat
[DEBUG] Event: MouseMotion scene=combat
[DEBUG] Event: MouseMotion scene=combat
[DEBUG] Event: KeyUp scene=combat
[DEBUG] Event: MouseMotion scene=combat
[DEBUG] Event: MouseMotion scene=combat
[DEBUG] frame=27480 scene=combat fps=61
[DEBUG] Event: KeyDown scene=combat
[DEBUG] Event: MouseMotion scene=combat
[DEBUG] Event: MouseMotion scene=combat
[DEBUG] Event: MouseMotion scene=combat
[DEBUG] Event: MouseMotion scene=combat
[DEBUG] Event: MouseMotion scene=combat
[DEBUG] Event: MouseButtonDown scene=combat
[DEBUG] Event: MouseMotion scene=combat
[DEBUG] Event: MouseMotion scene=combat
[DEBUG] Event: KeyUp scene=combat
[DEBUG] Event: MouseMotion scene=combat
[DEBUG] Event: MouseMotion scene=combat
[DEBUG] Event: MouseMotion scene=combat
[DEBUG] Event: MouseMotion scene=combat
[DEBUG] Event: MouseButtonUp scene=combat
[DEBUG] Event: MouseMotion scene=combat
[DEBUG] Event: MouseMotion scene=combat
[DEBUG] Event: MouseMotion scene=combat
[DEBUG] Event: MouseMotion scene=combat
[DEBUG] Event: KeyDown scene=combat
[DEBUG] Event: MouseMotion scene=combat
[DEBUG] Event: MouseMotion scene=combat
[DEBUG] Event: MouseMotion scene=combat
[DEBUG] Event: MouseMotion scene=combat
[DEBUG] Event: MouseButtonDown scene=combat
[DEBUG] Event: MouseMotion scene=combat
[DEBUG] Event: KeyDown scene=combat
[DEBUG] Event: MouseButtonUp scene=combat
[DEBUG] Event: MouseMotion scene=combat
[DEBUG] Event: MouseMotion scene=combat
[DEBUG] Event: KeyUp scene=combat
[DEBUG] Event: MouseMotion scene=combat
[DEBUG] Event: KeyDown scene=combat
[DEBUG] Event: MouseMotion scene=combat
[DEBUG] Event: MouseMotion scene=combat
[DEBUG] Event: MouseMotion scene=combat
[DEBUG] Event: MouseMotion scene=combat
[DEBUG] Event: MouseMotion scene=combat
[DEBUG] Event: KeyUp scene=combat
[DEBUG] Event: MouseMotion scene=combat
[DEBUG] Event: MouseButtonDown scene=combat
[DEBUG] Event: KeyDown scene=combat
[DEBUG] frame=27540 scene=combat fps=60
[DEBUG] Event: KeyUp scene=combat
[DEBUG] Event: MouseButtonUp scene=combat
[DEBUG] Event: MouseMotion scene=combat
[DEBUG] Event: MouseMotion scene=combat
[DEBUG] Event: MouseMotion scene=combat
[DEBUG] Event: MouseMotion scene=combat
[DEBUG] Event: MouseMotion scene=combat
[DEBUG] Event: MouseMotion scene=combat
[DEBUG] Event: MouseMotion scene=combat
[DEBUG] Event: MouseMotion scene=combat
[DEBUG] Event: MouseMotion scene=combat
[DEBUG] Event: MouseMotion scene=combat
[DEBUG] Event: MouseMotion scene=combat
[DEBUG] Event: MouseMotion scene=combat
[DEBUG] Event: KeyUp scene=combat
[DEBUG] Event: KeyDown scene=combat
[DEBUG] Event: MouseButtonDown scene=combat
[DEBUG] Event: MouseMotion scene=combat
[DEBUG] Event: MouseMotion scene=combat
[DEBUG] Event: MouseMotion scene=combat
[DEBUG] Event: MouseButtonUp scene=combat
[DEBUG] Event: MouseMotion scene=combat
[DEBUG] Event: MouseMotion scene=combat
[DEBUG] Event: KeyDown scene=combat
[DEBUG] Event: MouseMotion scene=combat
[DEBUG] Event: MouseMotion scene=combat
[DEBUG] Event: MouseMotion scene=combat
[DEBUG] Event: KeyUp scene=combat
[DEBUG] Event: MouseMotion scene=combat
[DEBUG] Event: MouseMotion scene=combat
[DEBUG] Event: MouseMotion scene=combat
[DEBUG] Event: MouseMotion scene=combat
[DEBUG] Event: MouseMotion scene=combat
[DEBUG] Event: MouseMotion scene=combat
[DEBUG] Event: MouseMotion scene=combat
[DEBUG] Event: MouseMotion scene=combat
[DEBUG] Event: MouseMotion scene=combat
[DEBUG] Event: MouseMotion scene=combat
[DEBUG] Event: MouseMotion scene=combat
[DEBUG] Event: MouseButtonDown scene=combat
[DEBUG] Event: MouseMotion scene=combat
[DEBUG] Event: MouseMotion scene=combat
[DEBUG] Event: MouseMotion scene=combat
[DEBUG] Event: MouseMotion scene=combat
[DEBUG] Event: MouseMotion scene=combat
[DEBUG] Event: MouseMotion scene=combat
[DEBUG] Event: MouseButtonUp scene=combat
[DEBUG] Event: MouseMotion scene=combat
[DEBUG] Event: MouseMotion scene=combat
[DEBUG] Event: KeyDown scene=combat
[DEBUG] Event: MouseMotion scene=combat
[DEBUG] Event: MouseMotion scene=combat
[DEBUG] Event: MouseMotion scene=combat
[DEBUG] Event: KeyUp scene=combat
[DEBUG] Event: MouseMotion scene=combat
[DEBUG] Event: MouseMotion scene=combat
[DEBUG] Event: MouseMotion scene=combat
[DEBUG] Event: MouseButtonDown scene=combat
[DEBUG] frame=27600 scene=combat fps=61
[DEBUG] Event: MouseMotion scene=combat
[DEBUG] Event: MouseButtonUp scene=combat
[DEBUG] Event: MouseMotion scene=combat
[DEBUG] Event: MouseMotion scene=combat
[DEBUG] Event: MouseMotion scene=combat
[DEBUG] Event: MouseButtonDown scene=combat
[DEBUG] Event: KeyUp scene=combat
[DEBUG] Event: MouseMotion scene=combat
[DEBUG] Event: MouseButtonUp scene=combat
[DEBUG] Event: MouseMotion scene=combat
[DEBUG] Event: MouseMotion scene=combat
[DEBUG] Event: MouseMotion scene=combat
[DEBUG] Event: KeyDown scene=combat
[DEBUG] Event: MouseButtonDown scene=combat
[DEBUG] Event: MouseMotion scene=combat
[DEBUG] Event: MouseMotion scene=combat
[DEBUG] Event: MouseMotion scene=combat
[DEBUG] Event: MouseButtonUp scene=combat
[DEBUG] Event: MouseMotion scene=combat
[DEBUG] Event: MouseMotion scene=combat
[DEBUG] Event: MouseMotion scene=combat
[DEBUG] Event: KeyDown scene=combat
[DEBUG] Event: KeyUp scene=combat
[DEBUG] Event: MouseButtonDown scene=combat
[DEBUG] Event: MouseButtonUp scene=combat
[DEBUG] Event: MouseMotion scene=combat
[DEBUG] Event: MouseMotion scene=combat
[DEBUG] Event: MouseMotion scene=combat
[DEBUG] Event: MouseMotion scene=combat
[DEBUG] Event: MouseButtonDown scene=combat
[DEBUG] Event: KeyDown scene=combat
[DEBUG] Event: MouseMotion scene=combat
[DEBUG] Event: KeyUp scene=combat
[DEBUG] Event: MouseButtonUp scene=combat
[DEBUG] Event: MouseMotion scene=combat
[DEBUG] Event: MouseMotion scene=combat
[DEBUG] Event: MouseMotion scene=combat
[DEBUG] Event: MouseMotion scene=combat
[DEBUG] Event: MouseMotion scene=combat
[DEBUG] Event: KeyDown scene=combat
[DEBUG] frame=27660 scene=combat fps=60
[DEBUG] Event: KeyUp scene=combat
[DEBUG] Event: MouseMotion scene=combat
[DEBUG] Event: MouseMotion scene=combat
[DEBUG] Event: MouseMotion scene=combat
[DEBUG] Event: MouseMotion scene=combat
[DEBUG] Event: MouseMotion scene=combat
[DEBUG] Event: MouseMotion scene=combat
[DEBUG] Event: MouseButtonDown scene=combat
[DEBUG] Event: MouseButtonUp scene=combat
[DEBUG] Event: KeyUp scene=combat
[DEBUG] Event: MouseMotion scene=combat
[DEBUG] Event: MouseMotion scene=combat
[DEBUG] Event: MouseMotion scene=combat
[DEBUG] Event: MouseMotion scene=combat
[DEBUG] Event: KeyDown scene=combat
[DEBUG] Event: MouseMotion scene=combat
[DEBUG] Event: MouseButtonDown scene=combat
[DEBUG] Event: MouseButtonUp scene=combat
[DEBUG] Event: MouseMotion scene=combat
[DEBUG] Event: MouseMotion scene=combat
[DEBUG] Event: MouseMotion scene=combat
[DEBUG] Event: MouseMotion scene=combat
[DEBUG] Event: MouseMotion scene=combat
[DEBUG] Event: KeyUp scene=combat
[DEBUG] Event: MouseMotion scene=combat
[DEBUG] Event: MouseMotion scene=combat
[DEBUG] Event: MouseMotion scene=combat
[DEBUG] Event: MouseMotion scene=combat
[DEBUG] Event: MouseMotion scene=combat
[DEBUG] Event: MouseMotion scene=combat
[DEBUG] Event: MouseMotion scene=combat
[DEBUG] Event: MouseMotion scene=combat
[DEBUG] Event: KeyDown scene=combat
[DEBUG] Event: MouseMotion scene=combat
[DEBUG] Event: MouseMotion scene=combat
[DEBUG] Event: MouseMotion scene=combat
[DEBUG] Event: MouseMotion scene=combat
[DEBUG] Event: MouseMotion scene=combat
[DEBUG] Event: MouseMotion scene=combat
[DEBUG] Event: MouseMotion scene=combat
[DEBUG] Event: MouseMotion scene=combat
[DEBUG] Event: MouseMotion scene=combat
[DEBUG] Event: MouseMotion scene=combat
[DEBUG] Event: MouseMotion scene=combat
[DEBUG] Event: KeyUp scene=combat
[DEBUG] Event: MouseMotion scene=combat
[DEBUG] Event: MouseMotion scene=combat
[DEBUG] Event: MouseMotion scene=combat
[DEBUG] Event: MouseMotion scene=combat
[DEBUG] Event: MouseMotion scene=combat
[DEBUG] frame=27720 scene=combat fps=60
[DEBUG] Event: MouseMotion scene=combat
[DEBUG] Event: MouseButtonDown scene=combat
[DEBUG] Event: KeyDown scene=combat
[DEBUG] Event: MouseMotion scene=combat
[DEBUG] Event: MouseMotion scene=combat
[DEBUG] Event: MouseMotion scene=combat
[DEBUG] Event: MouseMotion scene=combat
[DEBUG] Event: MouseMotion scene=combat
[DEBUG] Event: MouseButtonUp scene=combat
[DEBUG] Event: MouseMotion scene=combat
[DEBUG] Event: MouseMotion scene=combat
[DEBUG] Event: MouseMotion scene=combat
[DEBUG] Event: KeyUp scene=combat
[DEBUG] Event: MouseMotion scene=combat
[DEBUG] Event: MouseMotion scene=combat
[DEBUG] Event: MouseMotion scene=combat
[DEBUG] Event: MouseMotion scene=combat
[DEBUG] Event: MouseMotion scene=combat
[DEBUG] Event: MouseMotion scene=combat
[DEBUG] Event: MouseMotion scene=combat
[DEBUG] Event: MouseMotion scene=combat
[DEBUG] Event: MouseMotion scene=combat
[DEBUG] Event: MouseMotion scene=combat
[DEBUG] Event: MouseMotion scene=combat
[DEBUG] Event: MouseMotion scene=combat
[DEBUG] Event: MouseMotion scene=combat
[DEBUG] Event: MouseMotion scene=combat
[DEBUG] Event: MouseMotion scene=combat
[DEBUG] Event: MouseMotion scene=combat
[DEBUG] Event: MouseMotion scene=combat
[DEBUG] Event: MouseMotion scene=combat
[DEBUG] Event: MouseMotion scene=combat
[DEBUG] Event: MouseMotion scene=combat
[DEBUG] Event: MouseMotion scene=combat
[DEBUG] frame=27780 scene=combat fps=60
[DEBUG] Event: MouseMotion scene=combat
[DEBUG] Event: MouseMotion scene=combat
[DEBUG] Event: MouseMotion scene=combat
[DEBUG] Event: MouseMotion scene=combat
[DEBUG] Event: MouseMotion scene=combat
[DEBUG] Event: MouseMotion scene=combat
[DEBUG] Event: MouseMotion scene=combat
[DEBUG] Event: MouseMotion scene=combat
[DEBUG] Event: KeyDown scene=combat
[DEBUG] Event: MouseMotion scene=combat
[DEBUG] Event: MouseMotion scene=combat
[DEBUG] Event: MouseMotion scene=combat
[DEBUG] Event: MouseButtonDown scene=combat
[DEBUG] Event: MouseMotion scene=combat
[DEBUG] Event: MouseMotion scene=combat
[DEBUG] Event: MouseMotion scene=combat
[DEBUG] Event: MouseMotion scene=combat
[DEBUG] Event: MouseMotion scene=combat
[DEBUG] Event: MouseMotion scene=combat
[DEBUG] Event: MouseMotion scene=combat
[DEBUG] Event: KeyUp scene=combat
[DEBUG] Event: MouseMotion scene=combat
[DEBUG] Event: MouseMotion scene=combat
[DEBUG] Event: MouseMotion scene=combat
[DEBUG] Event: MouseButtonUp scene=combat
[DEBUG] Event: MouseMotion scene=combat
[DEBUG] Event: MouseMotion scene=combat
[DEBUG] Event: MouseMotion scene=combat
[DEBUG] Event: MouseMotion scene=combat
[DEBUG] Event: MouseMotion scene=combat
[DEBUG] Event: MouseMotion scene=combat
[DEBUG] Event: MouseMotion scene=combat
[DEBUG] Event: MouseMotion scene=combat
[DEBUG] Event: MouseMotion scene=combat
[DEBUG] Event: MouseMotion scene=combat
[DEBUG] Event: KeyDown scene=combat
[DEBUG] Event: MouseMotion scene=combat
[DEBUG] Event: MouseMotion scene=combat
[DEBUG] Event: MouseMotion scene=combat
[DEBUG] Event: MouseMotion scene=combat
[DEBUG] Event: KeyUp scene=combat
[DEBUG] Event: MouseMotion scene=combat
[DEBUG] Event: MouseMotion scene=combat
[DEBUG] frame=27840 scene=combat fps=60
[DEBUG] Event: MouseMotion scene=combat
[DEBUG] Event: MouseMotion scene=combat
[DEBUG] Event: MouseMotion scene=combat
[DEBUG] Event: MouseMotion scene=combat
[DEBUG] Event: MouseMotion scene=combat
[DEBUG] Event: MouseMotion scene=combat
[DEBUG] Event: MouseMotion scene=combat
[DEBUG] Event: MouseMotion scene=combat
[DEBUG] Event: MouseButtonDown scene=combat
[DEBUG] Event: MouseButtonUp scene=combat
[DEBUG] Event: MouseMotion scene=combat
[DEBUG] Event: MouseMotion scene=combat
[DEBUG] Event: MouseButtonDown scene=combat
[DEBUG] Event: MouseButtonUp scene=combat
[DEBUG] Event: MouseButtonDown scene=combat
[DEBUG] Event: MouseButtonUp scene=combat
[DEBUG] Event: MouseMotion scene=combat
[DEBUG] Event: MouseMotion scene=combat
[DEBUG] Event: MouseMotion scene=combat
[DEBUG] Event: MouseMotion scene=combat
[DEBUG] Event: MouseMotion scene=combat
[DEBUG] Event: MouseMotion scene=combat
[DEBUG] Event: MouseMotion scene=combat
[DEBUG] frame=27900 scene=combat fps=60
[DEBUG] Event: MouseMotion scene=combat
[DEBUG] Event: MouseMotion scene=combat
[DEBUG] Event: MouseMotion scene=combat
[DEBUG] Event: MouseButtonDown scene=combat
[DEBUG] Event: MouseMotion scene=combat
[DEBUG] Event: MouseMotion scene=combat
[DEBUG] Event: MouseButtonUp scene=combat
[DEBUG] frame=27960 scene=combat fps=60
[DEBUG] Event: MouseMotion scene=combat
[DEBUG] Event: MouseMotion scene=combat
[DEBUG] Event: MouseMotion scene=combat
[DEBUG] Event: MouseMotion scene=combat
[DEBUG] Event: MouseMotion scene=combat
[DEBUG] frame=28020 scene=combat fps=61
[DEBUG] Event: MouseButtonDown scene=combat
[DEBUG] Event: MouseButtonUp scene=combat
[DEBUG] frame=28080 scene=combat fps=61
[DEBUG] Event: MouseButtonDown scene=combat
[DEBUG] Event: MouseButtonUp scene=combat
[DEBUG] frame=28140 scene=combat fps=60
[DEBUG] frame=28200 scene=combat fps=61
[DEBUG] Event: MouseButtonDown scene=combat
[DEBUG] Event: MouseButtonUp scene=combat
[DEBUG] Event: MouseMotion scene=combat
[DEBUG] Event: MouseMotion scene=combat
[DEBUG] Event: MouseMotion scene=combat
[DEBUG] Event: MouseMotion scene=combat
[DEBUG] Event: MouseMotion scene=combat
[DEBUG] Event: MouseMotion scene=combat
[DEBUG] Event: MouseMotion scene=combat
[DEBUG] Event: MouseMotion scene=combat
[DEBUG] Event: MouseMotion scene=combat
[DEBUG] Event: MouseMotion scene=combat
[DEBUG] Event: MouseMotion scene=combat
[DEBUG] Event: MouseMotion scene=combat
[DEBUG] Event: MouseMotion scene=combat
[DEBUG] Event: MouseMotion scene=combat
[DEBUG] Event: MouseMotion scene=combat
[DEBUG] Event: MouseMotion scene=combat
[DEBUG] Event: MouseMotion scene=combat
[DEBUG] Event: MouseMotion scene=combat
[DEBUG] Event: MouseMotion scene=combat
[DEBUG] Event: MouseMotion scene=combat
[DEBUG] Event: MouseMotion scene=combat
[DEBUG] Event: MouseButtonDown scene=combat
[DEBUG] Event: MouseMotion scene=combat
[DEBUG] Event: MouseMotion scene=combat
[DEBUG] frame=28260 scene=combat fps=61
[DEBUG] Event: MouseMotion scene=combat
[DEBUG] Event: MouseMotion scene=combat
[DEBUG] Event: MouseMotion scene=combat
[DEBUG] Event: MouseMotion scene=combat
[DEBUG] Event: MouseMotion scene=combat
[DEBUG] Event: MouseButtonUp scene=combat
[DEBUG] Event: MouseMotion scene=combat
[DEBUG] Event: MouseMotion scene=combat
[DEBUG] Event: MouseMotion scene=combat
[DEBUG] Event: MouseMotion scene=combat
[DEBUG] Event: MouseMotion scene=combat
[DEBUG] Event: MouseMotion scene=combat
[DEBUG] Event: MouseMotion scene=combat
[DEBUG] Event: MouseMotion scene=combat
[DEBUG] Event: MouseMotion scene=combat
[DEBUG] Event: MouseMotion scene=combat
[DEBUG] Event: MouseMotion scene=combat
[DEBUG] Event: MouseMotion scene=combat
[DEBUG] Event: MouseMotion scene=combat
[DEBUG] Event: MouseMotion scene=combat
[DEBUG] Event: MouseMotion scene=combat
[DEBUG] Event: MouseMotion scene=combat
[DEBUG] Event: MouseMotion scene=combat
[DEBUG] Event: MouseMotion scene=combat
[DEBUG] Event: MouseMotion scene=combat
[DEBUG] Event: MouseMotion scene=combat
[DEBUG] Event: MouseButtonDown scene=combat
[DEBUG] Event: MouseMotion scene=combat
[DEBUG] Event: MouseMotion scene=combat
[DEBUG] Event: MouseMotion scene=combat
[DEBUG] Event: MouseMotion scene=combat
[DEBUG] Event: MouseMotion scene=combat
[DEBUG] Event: MouseMotion scene=combat
[DEBUG] Event: MouseMotion scene=combat
[DEBUG] Event: MouseMotion scene=combat
[DEBUG] Event: MouseButtonUp scene=combat
[DEBUG] Event: MouseMotion scene=combat
[DEBUG] Event: MouseMotion scene=combat
[DEBUG] Event: MouseMotion scene=combat
[DEBUG] Event: MouseMotion scene=combat
[DEBUG] Event: MouseMotion scene=combat
[DEBUG] Event: MouseMotion scene=combat
[DEBUG] Event: MouseMotion scene=combat
[DEBUG] frame=28320 scene=combat fps=61
[DEBUG] Event: MouseMotion scene=combat
[DEBUG] Event: MouseMotion scene=combat
[DEBUG] Event: MouseMotion scene=combat
[DEBUG] Event: MouseMotion scene=combat
[DEBUG] Event: MouseMotion scene=combat
[DEBUG] Event: MouseMotion scene=combat
[DEBUG] Event: MouseMotion scene=combat
[DEBUG] Event: MouseMotion scene=combat
[DEBUG] Event: MouseMotion scene=combat
[DEBUG] Event: MouseMotion scene=combat
[DEBUG] Event: MouseMotion scene=combat
[DEBUG] Event: MouseMotion scene=combat
[DEBUG] Event: MouseMotion scene=combat
[DEBUG] Event: MouseMotion scene=combat
[DEBUG] Event: MouseMotion scene=combat
[DEBUG] Event: MouseMotion scene=combat
[DEBUG] Event: MouseMotion scene=combat
[DEBUG] Event: MouseMotion scene=combat
[DEBUG] Event: MouseMotion scene=combat
[DEBUG] Event: MouseMotion scene=combat
[DEBUG] Event: MouseMotion scene=combat
[DEBUG] Event: MouseMotion scene=combat
[DEBUG] Event: MouseMotion scene=combat
[DEBUG] Event: MouseMotion scene=combat
[DEBUG] Event: MouseMotion scene=combat
[DEBUG] Event: MouseMotion scene=combat
[DEBUG] Event: MouseMotion scene=combat
[DEBUG] Event: MouseMotion scene=combat
[DEBUG] Event: MouseMotion scene=combat
[DEBUG] Event: MouseButtonDown scene=combat
[DEBUG] Event: MouseButtonUp scene=combat
[DEBUG] frame=28380 scene=combat fps=60
[DEBUG] Event: MouseMotion scene=combat
[DEBUG] Event: MouseMotion scene=combat
[DEBUG] Event: MouseMotion scene=combat
[DEBUG] Event: MouseMotion scene=combat
[DEBUG] Event: MouseMotion scene=combat
[DEBUG] Event: MouseMotion scene=combat
[DEBUG] Event: MouseMotion scene=combat
[DEBUG] Event: MouseMotion scene=combat
[DEBUG] Event: MouseMotion scene=combat
[DEBUG] Event: MouseMotion scene=combat
[DEBUG] Event: MouseMotion scene=combat
[DEBUG] Event: MouseMotion scene=combat
[DEBUG] Event: MouseMotion scene=combat
[DEBUG] Event: MouseMotion scene=combat
[DEBUG] Event: MouseMotion scene=combat
[DEBUG] Event: MouseMotion scene=combat
[DEBUG] Event: MouseMotion scene=combat
[DEBUG] Event: MouseMotion scene=combat
[DEBUG] Event: MouseMotion scene=combat
[DEBUG] Event: MouseMotion scene=combat
[DEBUG] Event: MouseMotion scene=combat
[DEBUG] Event: MouseMotion scene=combat
[DEBUG] Event: MouseMotion scene=combat
[DEBUG] Event: MouseMotion scene=combat
[DEBUG] Event: MouseMotion scene=combat
[DEBUG] Event: MouseMotion scene=combat
[DEBUG] Event: MouseMotion scene=combat
[DEBUG] Event: MouseButtonDown scene=combat
[DEBUG] Event: MouseMotion scene=combat
[DEBUG] Event: MouseButtonUp scene=combat
[DEBUG] frame=28440 scene=combat fps=61
[DEBUG] Event: MouseButtonDown scene=combat
[DEBUG] Event: MouseMotion scene=combat
[DEBUG] Event: MouseMotion scene=combat
[DEBUG] Event: MouseMotion scene=combat
[DEBUG] Event: MouseMotion scene=combat
[DEBUG] Event: MouseMotion scene=combat
[DEBUG] Event: MouseMotion scene=combat
[DEBUG] Event: MouseMotion scene=combat
[DEBUG] Event: MouseButtonUp scene=combat
[DEBUG] Event: MouseMotion scene=combat
[DEBUG] Event: MouseMotion scene=combat
[DEBUG] Event: MouseMotion scene=combat
[DEBUG] Event: MouseMotion scene=combat
[DEBUG] Event: MouseMotion scene=combat
[DEBUG] Event: MouseMotion scene=combat
[DEBUG] Event: MouseMotion scene=combat
[DEBUG] Event: MouseMotion scene=combat
[DEBUG] Event: MouseMotion scene=combat
[DEBUG] frame=28500 scene=combat fps=61
[DEBUG] Event: MouseMotion scene=combat
[DEBUG] Event: MouseMotion scene=combat
[DEBUG] Event: MouseMotion scene=combat
[DEBUG] Event: MouseMotion scene=combat
[DEBUG] Event: MouseMotion scene=combat
[DEBUG] Event: MouseMotion scene=combat
[DEBUG] Event: MouseMotion scene=combat
[DEBUG] Event: MouseButtonDown scene=combat
[DEBUG] Event: MouseButtonUp scene=combat
[DEBUG] Event: MouseMotion scene=combat
[DEBUG] Event: MouseMotion scene=combat
[DEBUG] Event: MouseMotion scene=combat
[DEBUG] Event: MouseMotion scene=combat
[DEBUG] Event: MouseMotion scene=combat
[DEBUG] Event: MouseMotion scene=combat
[DEBUG] Event: MouseMotion scene=combat
[DEBUG] Event: MouseMotion scene=combat
[DEBUG] Event: MouseMotion scene=combat
[DEBUG] Event: MouseMotion scene=combat
[DEBUG] Event: MouseMotion scene=combat
[DEBUG] Event: MouseMotion scene=combat
[DEBUG] frame=28560 scene=combat fps=61
[DEBUG] Event: MouseMotion scene=combat
[DEBUG] Event: MouseMotion scene=combat
[DEBUG] Event: MouseMotion scene=combat
[DEBUG] Event: MouseMotion scene=combat
[DEBUG] Event: MouseMotion scene=combat
[DEBUG] Event: MouseMotion scene=combat
[DEBUG] Event: MouseMotion scene=combat
[DEBUG] Event: MouseMotion scene=combat
[DEBUG] Event: MouseMotion scene=combat
[DEBUG] Event: MouseMotion scene=combat
[DEBUG] Event: MouseMotion scene=combat
[DEBUG] Event: MouseMotion scene=combat
[DEBUG] Event: MouseMotion scene=combat
[DEBUG] Event: MouseMotion scene=combat
[DEBUG] Event: MouseMotion scene=combat
[DEBUG] Event: MouseMotion scene=combat
[DEBUG] Event: MouseMotion scene=combat
[DEBUG] Event: MouseMotion scene=combat
[DEBUG] Event: MouseMotion scene=combat
[DEBUG] Event: MouseMotion scene=combat
[DEBUG] Event: MouseButtonDown scene=combat
[DEBUG] Event: MouseButtonUp scene=combat
[DEBUG] Event: MouseMotion scene=combat
[DEBUG] frame=28620 scene=combat fps=60
[DEBUG] Event: MouseMotion scene=combat
[DEBUG] Event: MouseMotion scene=combat
[DEBUG] Event: MouseMotion scene=combat
[DEBUG] Event: MouseMotion scene=combat
[DEBUG] Event: MouseMotion scene=combat
[DEBUG] Event: MouseMotion scene=combat
[DEBUG] Event: MouseMotion scene=combat
[DEBUG] Event: MouseMotion scene=combat
[DEBUG] Event: MouseMotion scene=combat
[DEBUG] Event: MouseMotion scene=combat
[DEBUG] Event: MouseMotion scene=combat
[DEBUG] Event: MouseMotion scene=combat
[DEBUG] Event: MouseMotion scene=combat
[DEBUG] Event: MouseMotion scene=combat
[DEBUG] Event: MouseMotion scene=combat
[DEBUG] Event: MouseMotion scene=combat
[DEBUG] Event: MouseMotion scene=combat
[DEBUG] Event: MouseMotion scene=combat
[DEBUG] Event: MouseMotion scene=combat
[DEBUG] frame=28680 scene=combat fps=61
[DEBUG] Event: MouseMotion scene=combat
[DEBUG] Event: MouseMotion scene=combat
[DEBUG] Event: MouseMotion scene=combat
[DEBUG] Event: MouseMotion scene=combat
[DEBUG] Event: MouseMotion scene=combat
[DEBUG] Event: MouseMotion scene=combat
[DEBUG] Event: MouseMotion scene=combat
[DEBUG] Event: MouseMotion scene=combat
[DEBUG] Event: MouseButtonDown scene=combat
[DEBUG] Event: MouseMotion scene=combat
[DEBUG] Event: MouseButtonUp scene=combat
[DEBUG] frame=28740 scene=combat fps=61
[DEBUG] Event: MouseMotion scene=combat
[DEBUG] Event: MouseMotion scene=combat
[DEBUG] Event: MouseMotion scene=combat
[DEBUG] Event: MouseButtonDown scene=combat
[DEBUG] frame=28800 scene=combat fps=60
[DEBUG] Event: MouseButtonUp scene=combat
[DEBUG] Event: KeyDown scene=combat
[DEBUG] Event: KeyUp scene=combat
[DEBUG] frame=28860 scene=combat fps=60
[DEBUG] Event: MouseButtonDown scene=combat
[DEBUG] Event: MouseButtonUp scene=combat
[DEBUG] Event: KeyDown scene=combat
[DEBUG] frame=28920 scene=combat fps=61
[DEBUG] Event: KeyDown scene=combat
[DEBUG] Event: KeyUp scene=combat
[DEBUG] frame=28980 scene=combat fps=61
[DEBUG] Event: KeyDown scene=combat
[DEBUG] Event: KeyUp scene=combat
[DEBUG] Event: KeyDown scene=combat
[DEBUG] Event: KeyUp scene=combat
[DEBUG] Event: KeyDown scene=combat
[DEBUG] frame=29040 scene=combat fps=62
[DEBUG] Event: KeyUp scene=combat
[DEBUG] Event: KeyUp scene=combat
[DEBUG] frame=29100 scene=combat fps=60
[DEBUG] Event: MouseMotion scene=combat
[DEBUG] Event: KeyDown scene=combat
[DEBUG] Event: KeyUp scene=combat
[DEBUG] frame=29160 scene=combat fps=61
[DEBUG] Event: KeyDown scene=combat
[DEBUG] Event: KeyUp scene=combat
[DEBUG] frame=29220 scene=combat fps=61
[DEBUG] Event: MouseMotion scene=combat
[DEBUG] frame=29280 scene=combat fps=60
[DEBUG] Event: MouseMotion scene=combat
[DEBUG] Event: KeyDown scene=combat
[DEBUG] Event: KeyUp scene=combat
[DEBUG] Event: KeyDown scene=combat
[DEBUG] Event: KeyUp scene=combat
[DEBUG] Event: KeyDown scene=combat
[DEBUG] frame=29340 scene=combat fps=60
[DEBUG] Event: KeyUp scene=combat
[DEBUG] Event: KeyDown scene=combat
[DEBUG] Event: KeyUp scene=combat
[DEBUG] frame=29400 scene=combat fps=60
[DEBUG] Event: KeyDown scene=combat
[DEBUG] Event: KeyUp scene=combat
[DEBUG] frame=29460 scene=combat fps=61
[DEBUG] frame=29520 scene=combat fps=60
[DEBUG] Event: KeyDown scene=combat
[DEBUG] Event: KeyUp scene=combat
[DEBUG] Event: KeyDown scene=combat
[DEBUG] Event: KeyUp scene=combat
[DEBUG] Event: KeyDown scene=combat
[DEBUG] Event: KeyUp scene=combat
[DEBUG] Event: KeyDown scene=combat
[DEBUG] frame=29580 scene=combat fps=60
[DEBUG] Event: KeyUp scene=combat
[DEBUG] Event: KeyDown scene=combat
[DEBUG] Event: KeyUp scene=combat
[DEBUG] Event: KeyDown scene=combat
[DEBUG] Event: KeyUp scene=combat
[DEBUG] Event: KeyDown scene=combat
[DEBUG] Event: MouseMotion scene=combat
[DEBUG] Event: MouseMotion scene=combat
[DEBUG] Event: MouseMotion scene=combat
[DEBUG] Event: MouseMotion scene=combat
[DEBUG] Event: MouseMotion scene=combat
[DEBUG] Event: MouseMotion scene=combat
[DEBUG] Event: MouseMotion scene=combat
[DEBUG] frame=29640 scene=combat fps=61
[DEBUG] Event: KeyUp scene=combat
[DEBUG] Event: MouseMotion scene=combat
[DEBUG] Event: MouseMotion scene=combat
[DEBUG] Event: MouseMotion scene=combat
[DEBUG] Event: KeyDown scene=combat
[DEBUG] Event: MouseMotion scene=combat
[DEBUG] Event: MouseMotion scene=combat
[DEBUG] Event: MouseMotion scene=combat
[DEBUG] Event: MouseMotion scene=combat
[DEBUG] Event: MouseMotion scene=combat
[DEBUG] Event: MouseMotion scene=combat
[DEBUG] Event: MouseMotion scene=combat
[DEBUG] Event: KeyUp scene=combat
[DEBUG] Event: MouseMotion scene=combat
[DEBUG] Event: MouseMotion scene=combat
[DEBUG] Event: MouseMotion scene=combat
[DEBUG] Event: MouseMotion scene=combat
[DEBUG] Event: MouseMotion scene=combat
[DEBUG] Event: MouseMotion scene=combat
[DEBUG] Event: MouseMotion scene=combat
[DEBUG] Event: MouseMotion scene=combat
[DEBUG] Event: MouseMotion scene=combat
[DEBUG] Event: MouseMotion scene=combat
[DEBUG] Event: MouseMotion scene=combat
[DEBUG] Event: MouseMotion scene=combat
[DEBUG] Event: MouseMotion scene=combat
[DEBUG] Event: MouseMotion scene=combat
[DEBUG] Event: MouseMotion scene=combat
[DEBUG] Event: MouseMotion scene=combat
[DEBUG] Event: MouseMotion scene=combat
[DEBUG] Event: MouseMotion scene=combat
[DEBUG] Event: MouseMotion scene=combat
[DEBUG] Event: MouseMotion scene=combat
[DEBUG] Event: MouseMotion scene=combat
[DEBUG] Event: MouseMotion scene=combat
[DEBUG] Event: MouseMotion scene=combat
[DEBUG] Event: MouseMotion scene=combat
[DEBUG] Event: MouseMotion scene=combat
[DEBUG] Event: KeyDown scene=combat
[DEBUG] frame=29700 scene=combat fps=60
[DEBUG] Event: KeyUp scene=combat
[DEBUG] Event: MouseMotion scene=combat
[DEBUG] Event: MouseMotion scene=combat
[DEBUG] Event: MouseMotion scene=combat
[DEBUG] Event: MouseMotion scene=combat
[DEBUG] Event: MouseMotion scene=combat
[DEBUG] Event: MouseMotion scene=combat
[DEBUG] Event: MouseMotion scene=combat
[DEBUG] Event: MouseMotion scene=combat
[DEBUG] Event: MouseMotion scene=combat
[DEBUG] Event: MouseMotion scene=combat
[DEBUG] Event: MouseMotion scene=combat
[DEBUG] Event: MouseMotion scene=combat
[DEBUG] Event: MouseMotion scene=combat
[DEBUG] Event: MouseMotion scene=combat
[DEBUG] Event: MouseMotion scene=combat
[DEBUG] Event: MouseMotion scene=combat
[DEBUG] Event: MouseMotion scene=combat
[DEBUG] Event: MouseMotion scene=combat
[DEBUG] Event: MouseMotion scene=combat
[DEBUG] Event: MouseMotion scene=combat
[DEBUG] Event: MouseMotion scene=combat
[DEBUG] Event: MouseMotion scene=combat
[DEBUG] Event: MouseMotion scene=combat
[DEBUG] Event: KeyDown scene=combat
[DEBUG] frame=29760 scene=combat fps=61
[DEBUG] Event: MouseMotion scene=combat
[DEBUG] Event: MouseMotion scene=combat
[DEBUG] Event: MouseMotion scene=combat
[DEBUG] Event: MouseMotion scene=combat
[DEBUG] Event: MouseMotion scene=combat
[DEBUG] Event: KeyDown scene=combat
[DEBUG] Event: MouseMotion scene=combat
[DEBUG] Event: MouseMotion scene=combat
[DEBUG] Event: MouseMotion scene=combat
[DEBUG] Event: MouseMotion scene=combat
[DEBUG] Event: KeyUp scene=combat
[DEBUG] Event: MouseMotion scene=combat
[DEBUG] Event: MouseMotion scene=combat
[DEBUG] Event: MouseMotion scene=combat
[DEBUG] Event: MouseMotion scene=combat
[DEBUG] Event: MouseMotion scene=combat
[DEBUG] Event: MouseMotion scene=combat
[DEBUG] Event: MouseMotion scene=combat
[DEBUG] Event: MouseMotion scene=combat
[DEBUG] Event: MouseMotion scene=combat
[DEBUG] Event: MouseMotion scene=combat
[DEBUG] Event: MouseMotion scene=combat
[DEBUG] Event: MouseMotion scene=combat
[DEBUG] Event: MouseMotion scene=combat
[DEBUG] frame=29820 scene=combat fps=61
[DEBUG] Event: KeyDown scene=combat
[DEBUG] Event: MouseMotion scene=combat
[DEBUG] Event: MouseMotion scene=combat
[DEBUG] Event: KeyUp scene=combat
[DEBUG] Event: MouseMotion scene=combat
[DEBUG] Event: KeyUp scene=combat
[DEBUG] Event: MouseMotion scene=combat
[DEBUG] Event: MouseMotion scene=combat
[DEBUG] Event: MouseMotion scene=combat
[DEBUG] Event: MouseMotion scene=combat
[DEBUG] Event: KeyDown scene=combat
[DEBUG] frame=29880 scene=combat fps=61
[DEBUG] Event: KeyDown scene=combat
[DEBUG] Event: KeyUp scene=combat
[DEBUG] Event: KeyUp scene=combat
[DEBUG] Event: KeyDown scene=combat
[DEBUG] Event: KeyUp scene=combat
[DEBUG] frame=29940 scene=combat fps=60
[DEBUG] Event: MouseMotion scene=combat
[DEBUG] Event: MouseMotion scene=combat
[DEBUG] Event: MouseMotion scene=combat
[DEBUG] Event: MouseMotion scene=combat
[DEBUG] Event: MouseMotion scene=combat
[DEBUG] Event: MouseMotion scene=combat
[DEBUG] Event: MouseMotion scene=combat
[DEBUG] Event: MouseMotion scene=combat
[DEBUG] Event: MouseMotion scene=combat
[DEBUG] Event: MouseMotion scene=combat
[DEBUG] Event: MouseMotion scene=combat
[DEBUG] Event: MouseMotion scene=combat
[DEBUG] Event: MouseMotion scene=combat
[DEBUG] Event: MouseMotion scene=combat
[DEBUG] Event: MouseMotion scene=combat
[DEBUG] Event: MouseMotion scene=combat
[DEBUG] Event: MouseMotion scene=combat
[DEBUG] Event: MouseMotion scene=combat
[DEBUG] Event: MouseMotion scene=combat
[DEBUG] Event: MouseMotion scene=combat
[DEBUG] Event: MouseMotion scene=combat
[DEBUG] Event: MouseMotion scene=combat
[DEBUG] Event: MouseMotion scene=combat
[DEBUG] Event: MouseMotion scene=combat
[DEBUG] Event: MouseMotion scene=combat
[DEBUG] Event: MouseMotion scene=combat
[DEBUG] Event: MouseMotion scene=combat
[DEBUG] Event: MouseMotion scene=combat
[DEBUG] Event: MouseMotion scene=combat
[DEBUG] Event: MouseMotion scene=combat
[DEBUG] Event: MouseMotion scene=combat
[DEBUG] Event: MouseMotion scene=combat
[DEBUG] frame=30000 scene=combat fps=60
[DEBUG] Event: MouseMotion scene=combat
[DEBUG] Event: MouseMotion scene=combat
[DEBUG] Event: MouseMotion scene=combat
[DEBUG] Event: MouseMotion scene=combat
[DEBUG] Event: MouseMotion scene=combat
[DEBUG] Event: MouseMotion scene=combat
[DEBUG] Event: MouseMotion scene=combat
[DEBUG] Event: MouseMotion scene=combat
[DEBUG] Event: MouseMotion scene=combat
[DEBUG] Event: MouseMotion scene=combat
[DEBUG] Event: MouseMotion scene=combat
[DEBUG] Event: MouseMotion scene=combat
[DEBUG] Event: MouseMotion scene=combat
[DEBUG] Event: MouseMotion scene=combat
[DEBUG] Event: MouseMotion scene=combat
[DEBUG] Event: MouseMotion scene=combat
[DEBUG] Event: MouseMotion scene=combat
[DEBUG] Event: MouseMotion scene=combat
[DEBUG] Event: MouseMotion scene=combat
[DEBUG] Event: MouseMotion scene=combat
[DEBUG] Event: MouseMotion scene=combat
[DEBUG] Event: MouseMotion scene=combat
[DEBUG] Event: MouseMotion scene=combat
[DEBUG] Event: MouseMotion scene=combat
[DEBUG] Event: MouseMotion scene=combat
[DEBUG] Event: MouseMotion scene=combat
[DEBUG] Event: MouseMotion scene=combat
[DEBUG] Event: MouseMotion scene=combat
[DEBUG] Event: MouseMotion scene=combat
[DEBUG] Event: MouseMotion scene=combat
[DEBUG] Event: MouseMotion scene=combat
[DEBUG] Event: MouseMotion scene=combat
[DEBUG] Event: MouseMotion scene=combat
[DEBUG] Event: MouseMotion scene=combat
[DEBUG] Event: MouseMotion scene=combat
[DEBUG] Event: MouseMotion scene=combat
[DEBUG] Event: MouseMotion scene=combat
[DEBUG] frame=30060 scene=combat fps=60
[DEBUG] Event: MouseMotion scene=combat
[DEBUG] Event: MouseMotion scene=combat
[DEBUG] Event: MouseMotion scene=reward
[DEBUG] frame=30120 scene=reward fps=61
[DEBUG] Event: MouseMotion scene=reward
[DEBUG] Event: MouseMotion scene=reward
[DEBUG] Event: MouseMotion scene=reward
[DEBUG] Event: MouseMotion scene=reward
[DEBUG] Event: MouseMotion scene=reward
[DEBUG] Event: MouseMotion scene=reward
[DEBUG] Event: MouseMotion scene=reward
[DEBUG] Event: MouseMotion scene=reward
[DEBUG] Event: MouseMotion scene=reward
[DEBUG] Event: MouseMotion scene=reward
[DEBUG] Event: MouseMotion scene=reward
[DEBUG] Event: MouseMotion scene=reward
[DEBUG] Event: MouseMotion scene=reward
[DEBUG] Event: MouseMotion scene=reward
[DEBUG] Event: MouseMotion scene=reward
[DEBUG] Event: MouseMotion scene=reward
[DEBUG] Event: MouseMotion scene=reward
[DEBUG] Event: MouseMotion scene=reward
[DEBUG] Event: MouseMotion scene=reward
[DEBUG] Event: MouseMotion scene=reward
[DEBUG] Event: MouseMotion scene=reward
[DEBUG] Event: MouseMotion scene=reward
[DEBUG] Event: MouseMotion scene=reward
[DEBUG] Event: MouseMotion scene=reward
[DEBUG] Event: MouseMotion scene=reward
[DEBUG] Event: MouseMotion scene=reward
[DEBUG] Event: MouseMotion scene=reward
[DEBUG] Event: MouseMotion scene=reward
[DEBUG] Event: MouseMotion scene=reward
[DEBUG] Event: MouseMotion scene=reward
[DEBUG] Event: MouseMotion scene=reward
[DEBUG] Event: MouseMotion scene=reward
[DEBUG] Event: MouseMotion scene=reward
[DEBUG] Event: MouseMotion scene=reward
[DEBUG] Event: MouseMotion scene=reward
[DEBUG] Event: MouseMotion scene=reward
[DEBUG] Event: MouseMotion scene=reward
[DEBUG] Event: MouseMotion scene=reward
[DEBUG] Event: MouseMotion scene=reward
[DEBUG] Event: MouseMotion scene=reward
[DEBUG] frame=30180 scene=reward fps=61
[DEBUG] Event: MouseMotion scene=reward
[DEBUG] Event: MouseMotion scene=reward
[DEBUG] Event: MouseMotion scene=reward
[DEBUG] Event: MouseMotion scene=reward
[DEBUG] Event: MouseMotion scene=reward
[DEBUG] Event: MouseMotion scene=reward
[DEBUG] Event: MouseMotion scene=reward
[DEBUG] Event: MouseMotion scene=reward
[DEBUG] Event: MouseMotion scene=reward
[DEBUG] Event: MouseMotion scene=reward
[DEBUG] Event: MouseMotion scene=reward
[DEBUG] Event: MouseMotion scene=reward
[DEBUG] Event: MouseMotion scene=reward
[DEBUG] Event: MouseMotion scene=reward
[DEBUG] Event: MouseButtonDown scene=reward
[DEBUG] Event: MouseButtonUp scene=reward
[DEBUG] Event: MouseMotion scene=reward
[DEBUG] Event: MouseMotion scene=reward
[DEBUG] Event: MouseMotion scene=reward
[DEBUG] Event: MouseMotion scene=reward
[DEBUG] Event: MouseMotion scene=reward
[DEBUG] Event: MouseMotion scene=reward
[DEBUG] Event: MouseMotion scene=reward
[DEBUG] Event: MouseMotion scene=reward
[DEBUG] Event: MouseMotion scene=reward
[DEBUG] Event: MouseMotion scene=reward
[DEBUG] Event: MouseMotion scene=reward
[DEBUG] Event: MouseMotion scene=reward
[DEBUG] Event: MouseMotion scene=reward
[DEBUG] frame=30240 scene=reward fps=60
[DEBUG] Event: MouseMotion scene=reward
[DEBUG] Event: MouseMotion scene=reward
[DEBUG] Event: MouseMotion scene=reward
[DEBUG] Event: MouseMotion scene=reward
[DEBUG] Event: MouseMotion scene=reward
[DEBUG] Event: MouseMotion scene=reward
[DEBUG] Event: MouseMotion scene=reward
[DEBUG] Event: MouseMotion scene=reward
[DEBUG] Event: MouseMotion scene=reward
[DEBUG] Event: MouseMotion scene=reward
[DEBUG] Event: MouseMotion scene=reward
[DEBUG] Event: MouseMotion scene=reward
[DEBUG] Event: MouseButtonDown scene=reward
[DEBUG] Event: MouseButtonUp scene=reward
[DEBUG] Event: MouseMotion scene=reward
[DEBUG] Event: MouseMotion scene=reward
[DEBUG] Event: MouseMotion scene=reward
[DEBUG] Event: MouseMotion scene=reward
[DEBUG] Event: MouseMotion scene=reward
[DEBUG] Event: MouseMotion scene=reward
[DEBUG] Event: MouseMotion scene=reward
[DEBUG] Event: MouseMotion scene=reward
[DEBUG] Event: MouseMotion scene=reward
[DEBUG] Event: MouseMotion scene=reward
[DEBUG] Event: MouseMotion scene=reward
[DEBUG] Event: MouseMotion scene=reward
[DEBUG] Event: MouseMotion scene=reward
[DEBUG] Event: MouseMotion scene=reward
[DEBUG] Event: MouseMotion scene=reward
[DEBUG] Event: MouseMotion scene=reward
[DEBUG] Event: MouseMotion scene=reward
[DEBUG] Event: MouseMotion scene=reward
[DEBUG] Event: MouseMotion scene=reward
[DEBUG] Event: MouseMotion scene=reward
[DEBUG] Event: MouseMotion scene=reward
[DEBUG] Event: MouseMotion scene=reward
[DEBUG] Event: MouseMotion scene=reward
[DEBUG] Event: MouseMotion scene=reward
[DEBUG] Event: MouseMotion scene=reward
[DEBUG] Event: MouseMotion scene=reward
[DEBUG] Event: MouseMotion scene=reward
[DEBUG] Event: MouseMotion scene=reward
[DEBUG] Event: MouseMotion scene=reward
[DEBUG] Event: MouseMotion scene=reward
[DEBUG] Event: MouseButtonDown scene=reward
[DEBUG] frame=30300 scene=reward fps=60
[DEBUG] Event: MouseButtonUp scene=reward
[DEBUG] Event: MouseMotion scene=reward
[DEBUG] Event: MouseMotion scene=reward
[DEBUG] Event: MouseMotion scene=reward
[DEBUG] Event: MouseMotion scene=reward
[DEBUG] Event: MouseMotion scene=reward
[DEBUG] Event: MouseMotion scene=reward
[DEBUG] Event: MouseMotion scene=reward
[DEBUG] Event: MouseMotion scene=reward
[DEBUG] Event: MouseMotion scene=reward
[DEBUG] Event: MouseMotion scene=reward
[DEBUG] Event: MouseMotion scene=reward
[DEBUG] Event: MouseMotion scene=reward
[DEBUG] Event: MouseMotion scene=reward
[DEBUG] Event: MouseMotion scene=reward
[DEBUG] Event: MouseMotion scene=reward
[DEBUG] Event: MouseMotion scene=reward
[DEBUG] Event: MouseMotion scene=reward
[DEBUG] Event: MouseMotion scene=reward
[DEBUG] Event: MouseMotion scene=reward
[DEBUG] Event: MouseMotion scene=reward
[DEBUG] Event: MouseMotion scene=reward
[DEBUG] Event: MouseMotion scene=reward
[DEBUG] Event: MouseMotion scene=reward
[DEBUG] Event: MouseMotion scene=reward
[DEBUG] Event: MouseMotion scene=reward
[DEBUG] Event: MouseMotion scene=reward
[DEBUG] Event: MouseMotion scene=reward
[DEBUG] Event: MouseMotion scene=reward
[DEBUG] Event: MouseMotion scene=reward
[DEBUG] Event: MouseMotion scene=reward
[DEBUG] Event: MouseMotion scene=reward
[DEBUG] Event: MouseMotion scene=reward
[DEBUG] Event: MouseMotion scene=reward
[DEBUG] Event: MouseMotion scene=reward
[DEBUG] Event: MouseMotion scene=reward
[DEBUG] Event: MouseMotion scene=reward
[DEBUG] frame=30360 scene=reward fps=61
[DEBUG] Event: MouseMotion scene=reward
[DEBUG] Event: MouseMotion scene=reward
[DEBUG] Event: MouseMotion scene=reward
[DEBUG] Event: MouseMotion scene=reward
[DEBUG] Event: MouseMotion scene=reward
[DEBUG] Event: MouseMotion scene=reward
[DEBUG] Event: MouseMotion scene=reward
[DEBUG] Event: MouseMotion scene=reward
[DEBUG] Event: MouseMotion scene=reward
[DEBUG] Event: MouseMotion scene=reward
[DEBUG] Event: MouseMotion scene=reward
[DEBUG] Event: MouseMotion scene=reward
[DEBUG] Event: MouseMotion scene=reward
[DEBUG] Event: MouseMotion scene=reward
[DEBUG] Event: MouseMotion scene=reward
[DEBUG] Event: MouseMotion scene=reward
[DEBUG] Event: MouseMotion scene=combat
[DEBUG] Event: MouseMotion scene=combat
[DEBUG] Event: MouseMotion scene=combat
[DEBUG] Event: MouseMotion scene=combat
[DEBUG] Event: MouseMotion scene=combat
[DEBUG] Event: MouseMotion scene=combat
[DEBUG] Event: MouseMotion scene=combat
[DEBUG] Event: MouseMotion scene=combat
[DEBUG] Event: MouseMotion scene=combat
[DEBUG] Event: MouseMotion scene=combat
[DEBUG] Event: MouseMotion scene=combat
[DEBUG] Event: MouseMotion scene=combat
[DEBUG] Event: MouseMotion scene=combat
[DEBUG] Event: MouseMotion scene=combat
[DEBUG] frame=30420 scene=combat fps=59
[DEBUG] Event: KeyDown scene=combat
[DEBUG] Event: MouseMotion scene=backpack
[DEBUG] Event: MouseMotion scene=backpack
[DEBUG] Event: KeyUp scene=backpack
[DEBUG] Event: MouseMotion scene=backpack
[DEBUG] Event: MouseMotion scene=backpack
[DEBUG] Event: MouseMotion scene=backpack
[DEBUG] Event: MouseMotion scene=backpack
[DEBUG] Event: MouseMotion scene=backpack
[DEBUG] Event: MouseMotion scene=backpack
[DEBUG] Event: MouseMotion scene=backpack
[DEBUG] Event: MouseMotion scene=backpack
[DEBUG] Event: MouseMotion scene=backpack
[DEBUG] Event: MouseMotion scene=backpack
[DEBUG] Event: MouseMotion scene=backpack
[DEBUG] Event: MouseMotion scene=backpack
[DEBUG] Event: MouseMotion scene=backpack
[DEBUG] Event: MouseMotion scene=backpack
[DEBUG] Event: MouseMotion scene=backpack
[DEBUG] Event: MouseMotion scene=backpack
[DEBUG] Event: MouseMotion scene=backpack
[DEBUG] Event: MouseMotion scene=backpack
[DEBUG] Event: MouseMotion scene=backpack
[DEBUG] Event: MouseMotion scene=backpack
[DEBUG] Event: MouseMotion scene=backpack
[DEBUG] Event: MouseMotion scene=backpack
[DEBUG] Event: MouseMotion scene=backpack
[DEBUG] Event: MouseMotion scene=backpack
[DEBUG] Event: MouseMotion scene=backpack
[DEBUG] Event: MouseMotion scene=backpack
[DEBUG] Event: MouseMotion scene=backpack
[DEBUG] Event: MouseMotion scene=backpack
[DEBUG] Event: MouseMotion scene=backpack
[DEBUG] Event: MouseMotion scene=backpack
[DEBUG] Event: MouseMotion scene=backpack
[DEBUG] Event: MouseMotion scene=backpack
[DEBUG] Event: MouseMotion scene=backpack
[DEBUG] Event: MouseMotion scene=backpack
[DEBUG] Event: MouseMotion scene=backpack
[DEBUG] Event: MouseMotion scene=backpack
[DEBUG] frame=30480 scene=backpack fps=61
[DEBUG] Event: MouseMotion scene=backpack
[DEBUG] Event: MouseMotion scene=backpack
[DEBUG] Event: MouseMotion scene=backpack
[DEBUG] Event: MouseMotion scene=backpack
[DEBUG] Event: MouseMotion scene=backpack
[DEBUG] Event: MouseMotion scene=backpack
[DEBUG] Event: MouseMotion scene=backpack
[DEBUG] Event: MouseMotion scene=backpack
[DEBUG] Event: MouseMotion scene=backpack
[DEBUG] Event: MouseMotion scene=backpack
[DEBUG] Event: MouseMotion scene=backpack
[DEBUG] Event: MouseMotion scene=backpack
[DEBUG] Event: MouseMotion scene=backpack
[DEBUG] Event: MouseMotion scene=backpack
[DEBUG] Event: MouseMotion scene=backpack
[DEBUG] Event: MouseMotion scene=backpack
[DEBUG] Event: MouseMotion scene=backpack
[DEBUG] Event: MouseMotion scene=backpack
[DEBUG] Event: MouseMotion scene=backpack
[DEBUG] Event: MouseMotion scene=backpack
[DEBUG] Event: MouseMotion scene=backpack
[DEBUG] Event: MouseMotion scene=backpack
[DEBUG] Event: MouseMotion scene=backpack
[DEBUG] Event: MouseMotion scene=backpack
[DEBUG] Event: MouseMotion scene=backpack
[DEBUG] Event: MouseMotion scene=backpack
[DEBUG] Event: MouseMotion scene=backpack
[DEBUG] Event: MouseMotion scene=backpack
[DEBUG] Event: MouseMotion scene=backpack
[DEBUG] Event: MouseButtonDown scene=backpack
[DEBUG] Event: MouseButtonUp scene=backpack
[DEBUG] Event: MouseMotion scene=backpack
[DEBUG] Event: MouseMotion scene=backpack
[DEBUG] Event: MouseMotion scene=backpack
[DEBUG] Event: MouseMotion scene=backpack
[DEBUG] Event: MouseMotion scene=backpack
[DEBUG] Event: MouseMotion scene=backpack
[DEBUG] Event: MouseMotion scene=backpack
[DEBUG] Event: MouseMotion scene=backpack
[DEBUG] Event: MouseMotion scene=backpack
[DEBUG] Event: MouseMotion scene=backpack
[DEBUG] Event: MouseMotion scene=backpack
[DEBUG] frame=30540 scene=backpack fps=62
[DEBUG] Event: MouseButtonDown scene=backpack
[DEBUG] Event: MouseButtonUp scene=backpack
[DEBUG] Event: MouseMotion scene=backpack
[DEBUG] Event: MouseMotion scene=backpack
[DEBUG] Event: MouseMotion scene=backpack
[DEBUG] Event: MouseMotion scene=backpack
[DEBUG] Event: MouseMotion scene=backpack
[DEBUG] Event: MouseMotion scene=backpack
[DEBUG] Event: MouseMotion scene=backpack
[DEBUG] Event: MouseMotion scene=backpack
[DEBUG] Event: MouseMotion scene=backpack
[DEBUG] Event: MouseMotion scene=backpack
[DEBUG] Event: MouseMotion scene=backpack
[DEBUG] Event: MouseMotion scene=backpack
[DEBUG] Event: MouseMotion scene=backpack
[DEBUG] Event: MouseMotion scene=backpack
[DEBUG] Event: MouseMotion scene=backpack
[DEBUG] Event: MouseMotion scene=backpack
[DEBUG] Event: MouseMotion scene=backpack
[DEBUG] Event: MouseMotion scene=backpack
[DEBUG] Event: MouseMotion scene=backpack
[DEBUG] Event: MouseMotion scene=backpack
[DEBUG] Event: MouseMotion scene=backpack
[DEBUG] Event: MouseMotion scene=backpack
[DEBUG] Event: MouseMotion scene=backpack
[DEBUG] Event: MouseMotion scene=backpack
[DEBUG] frame=30600 scene=backpack fps=60
[DEBUG] Event: MouseMotion scene=backpack
[DEBUG] Event: MouseMotion scene=backpack
[DEBUG] Event: MouseMotion scene=backpack
[DEBUG] Event: MouseMotion scene=backpack
[DEBUG] Event: MouseMotion scene=backpack
[DEBUG] Event: MouseMotion scene=backpack
[DEBUG] Event: MouseMotion scene=backpack
[DEBUG] Event: MouseMotion scene=backpack
[DEBUG] Event: MouseMotion scene=backpack
[DEBUG] Event: MouseMotion scene=backpack
[DEBUG] Event: MouseMotion scene=backpack
[DEBUG] Event: KeyDown scene=backpack
[DEBUG] Event: MouseMotion scene=combat
[DEBUG] Event: MouseMotion scene=combat
[DEBUG] Event: MouseMotion scene=combat
[DEBUG] Event: MouseMotion scene=combat
[DEBUG] Event: MouseMotion scene=combat
[DEBUG] Event: MouseMotion scene=combat
[DEBUG] Event: MouseMotion scene=combat
[DEBUG] Event: MouseMotion scene=combat
[DEBUG] Event: KeyUp scene=combat
[DEBUG] Event: MouseMotion scene=combat
[DEBUG] Event: MouseMotion scene=combat
[DEBUG] Event: MouseMotion scene=combat
[DEBUG] Event: MouseMotion scene=combat
[DEBUG] Event: MouseMotion scene=combat
[DEBUG] Event: MouseMotion scene=combat
[DEBUG] Event: MouseMotion scene=combat
[DEBUG] Event: MouseMotion scene=combat
[DEBUG] Event: MouseMotion scene=combat
[DEBUG] Event: MouseMotion scene=combat
[DEBUG] Event: MouseMotion scene=combat
[DEBUG] Event: MouseMotion scene=combat
[DEBUG] Event: MouseMotion scene=combat
[DEBUG] Event: MouseMotion scene=combat
[DEBUG] Event: MouseMotion scene=combat
[DEBUG] Event: MouseMotion scene=combat
[DEBUG] Event: MouseMotion scene=combat
[DEBUG] Event: MouseMotion scene=combat
[DEBUG] Event: MouseMotion scene=combat
[DEBUG] Event: MouseMotion scene=combat
[DEBUG] Event: MouseMotion scene=combat
[DEBUG] Event: MouseMotion scene=combat
[DEBUG] Event: MouseMotion scene=combat
[DEBUG] Event: MouseMotion scene=combat
[DEBUG] Event: MouseMotion scene=combat
[DEBUG] Event: MouseMotion scene=combat
[DEBUG] Event: MouseMotion scene=combat
[DEBUG] frame=30660 scene=combat fps=61
[DEBUG] Event: MouseMotion scene=combat
[DEBUG] Event: MouseMotion scene=combat
[DEBUG] Event: MouseMotion scene=combat
[DEBUG] Event: MouseMotion scene=combat
[DEBUG] Event: MouseMotion scene=combat
[DEBUG] Event: MouseMotion scene=combat
[DEBUG] Event: MouseMotion scene=combat
[DEBUG] Event: MouseMotion scene=combat
[DEBUG] Event: MouseMotion scene=combat
[DEBUG] Event: KeyDown scene=combat
[DEBUG] Event: MouseMotion scene=combat
[DEBUG] Event: MouseMotion scene=combat
[DEBUG] Event: MouseMotion scene=combat
[DEBUG] Event: MouseMotion scene=combat
[DEBUG] Event: MouseMotion scene=combat
[DEBUG] Event: MouseMotion scene=combat
[DEBUG] Event: MouseMotion scene=combat
[DEBUG] Event: MouseMotion scene=combat
[DEBUG] Event: MouseMotion scene=combat
[DEBUG] Event: MouseMotion scene=combat
[DEBUG] Event: MouseMotion scene=combat
[DEBUG] Event: MouseMotion scene=combat
[DEBUG] Event: MouseMotion scene=combat
[DEBUG] Event: MouseMotion scene=combat
[DEBUG] Event: KeyUp scene=combat
[DEBUG] Event: MouseMotion scene=combat
[DEBUG] Event: KeyDown scene=combat
[DEBUG] Event: MouseMotion scene=combat
[DEBUG] Event: MouseMotion scene=combat
[DEBUG] Event: MouseMotion scene=combat
[DEBUG] Event: MouseMotion scene=combat
[DEBUG] Event: MouseMotion scene=combat
[DEBUG] Event: MouseMotion scene=combat
[DEBUG] Event: KeyUp scene=combat
[DEBUG] frame=30720 scene=combat fps=61
[DEBUG] Event: KeyDown scene=combat
[DEBUG] Event: KeyDown scene=combat
[DEBUG] Event: MouseMotion scene=combat
[DEBUG] Event: KeyUp scene=combat
[DEBUG] Event: MouseMotion scene=combat
[DEBUG] Event: MouseMotion scene=combat
[DEBUG] Event: KeyDown scene=combat
[DEBUG] Event: MouseMotion scene=combat
[DEBUG] Event: MouseMotion scene=combat
[DEBUG] Event: MouseMotion scene=combat
[DEBUG] Event: KeyUp scene=combat
[DEBUG] Event: KeyDown scene=combat
[DEBUG] Event: KeyUp scene=combat
[DEBUG] Event: KeyDown scene=combat
[DEBUG] Event: MouseMotion scene=combat
[DEBUG] frame=30780 scene=combat fps=60
[DEBUG] Event: KeyUp scene=combat
[DEBUG] Event: KeyDown scene=combat
[DEBUG] Event: KeyUp scene=combat
[DEBUG] Event: KeyDown scene=combat
[DEBUG] Event: KeyUp scene=combat
[DEBUG] Event: KeyDown scene=combat
[DEBUG] Event: KeyUp scene=combat
[DEBUG] Event: KeyUp scene=combat
[DEBUG] Event: KeyDown scene=combat
[DEBUG] Event: MouseMotion scene=combat
[DEBUG] Event: KeyDown scene=combat
[DEBUG] Event: MouseMotion scene=combat
[DEBUG] Event: KeyUp scene=combat
[DEBUG] Event: MouseMotion scene=combat
[DEBUG] Event: MouseMotion scene=combat
[DEBUG] Event: MouseMotion scene=combat
[DEBUG] Event: MouseMotion scene=combat
[DEBUG] frame=30840 scene=combat fps=60
[DEBUG] Event: MouseMotion scene=combat
[DEBUG] Event: MouseMotion scene=combat
[DEBUG] Event: MouseMotion scene=combat
[DEBUG] Event: KeyDown scene=combat
[DEBUG] Event: MouseMotion scene=combat
[DEBUG] Event: MouseMotion scene=combat
[DEBUG] Event: MouseMotion scene=combat
[DEBUG] Event: MouseMotion scene=combat
[DEBUG] Event: MouseMotion scene=combat
[DEBUG] Event: KeyUp scene=combat
[DEBUG] Event: MouseMotion scene=combat
[DEBUG] Event: MouseMotion scene=combat
[DEBUG] Event: MouseMotion scene=combat
[DEBUG] Event: MouseMotion scene=combat
[DEBUG] Event: MouseMotion scene=combat
[DEBUG] Event: MouseMotion scene=combat
[DEBUG] Event: MouseMotion scene=combat
[DEBUG] Event: MouseMotion scene=combat
[DEBUG] Event: MouseMotion scene=combat
[DEBUG] Event: MouseMotion scene=combat
[DEBUG] Event: MouseMotion scene=combat
[DEBUG] Event: MouseMotion scene=combat
[DEBUG] Event: MouseMotion scene=combat
[DEBUG] Event: MouseMotion scene=combat
[DEBUG] Event: MouseMotion scene=combat
[DEBUG] Event: MouseMotion scene=combat
[DEBUG] Event: MouseMotion scene=combat
[DEBUG] Event: MouseMotion scene=combat
[DEBUG] Event: MouseMotion scene=combat
[DEBUG] Event: MouseMotion scene=combat
[DEBUG] Event: MouseMotion scene=combat
[DEBUG] Event: KeyUp scene=combat
[DEBUG] Event: KeyDown scene=combat
[DEBUG] Event: MouseMotion scene=combat
[DEBUG] Event: MouseMotion scene=combat
[DEBUG] Event: MouseMotion scene=combat
[DEBUG] Event: MouseMotion scene=combat
[DEBUG] Event: MouseMotion scene=combat
[DEBUG] Event: MouseMotion scene=combat
[DEBUG] Event: MouseMotion scene=combat
[DEBUG] Event: MouseMotion scene=combat
[DEBUG] Event: MouseMotion scene=combat
[DEBUG] Event: MouseMotion scene=combat
[DEBUG] Event: MouseMotion scene=combat
[DEBUG] Event: MouseMotion scene=combat
[DEBUG] Event: MouseMotion scene=combat
[DEBUG] Event: MouseMotion scene=combat
[DEBUG] Event: MouseMotion scene=combat
[DEBUG] Event: MouseMotion scene=combat
[DEBUG] Event: MouseMotion scene=combat
[DEBUG] Event: MouseMotion scene=combat
[DEBUG] Event: MouseMotion scene=combat
[DEBUG] Event: MouseMotion scene=combat
[DEBUG] Event: MouseMotion scene=combat
[DEBUG] Event: MouseMotion scene=combat
[DEBUG] Event: MouseMotion scene=combat
[DEBUG] Event: MouseMotion scene=combat
[DEBUG] Event: MouseMotion scene=combat
[DEBUG] Event: MouseMotion scene=combat
[DEBUG] Event: MouseMotion scene=combat
[DEBUG] Event: MouseMotion scene=combat
[DEBUG] Event: MouseButtonDown scene=combat
[DEBUG] Event: KeyUp scene=combat
[DEBUG] frame=30900 scene=combat fps=60
[DEBUG] Event: KeyDown scene=combat
[DEBUG] Event: MouseButtonUp scene=combat
[DEBUG] Event: MouseMotion scene=combat
[DEBUG] Event: KeyDown scene=combat
[DEBUG] Event: KeyUp scene=combat
[DEBUG] Event: KeyUp scene=combat
[DEBUG] Event: MouseMotion scene=combat
[DEBUG] Event: MouseMotion scene=combat
[DEBUG] Event: MouseMotion scene=combat
[DEBUG] Event: MouseMotion scene=combat
[DEBUG] Event: MouseMotion scene=combat
[DEBUG] Event: MouseMotion scene=combat
[DEBUG] Event: MouseMotion scene=combat
[DEBUG] Event: MouseMotion scene=combat
[DEBUG] Event: MouseMotion scene=combat
[DEBUG] Event: MouseMotion scene=combat
[DEBUG] Event: MouseMotion scene=combat
[DEBUG] Event: MouseMotion scene=combat
[DEBUG] Event: MouseMotion scene=combat
[DEBUG] Event: MouseMotion scene=combat
[DEBUG] Event: MouseMotion scene=combat
[DEBUG] Event: MouseMotion scene=combat
[DEBUG] Event: MouseMotion scene=combat
[DEBUG] Event: MouseMotion scene=combat
[DEBUG] Event: MouseMotion scene=combat
[DEBUG] Event: MouseMotion scene=combat
[DEBUG] frame=30960 scene=combat fps=59
[DEBUG] Event: MouseMotion scene=combat
[DEBUG] Event: MouseMotion scene=combat
[DEBUG] Event: MouseMotion scene=combat
[DEBUG] Event: MouseMotion scene=combat
[DEBUG] Event: MouseMotion scene=combat
[DEBUG] Event: MouseButtonDown scene=combat
[DEBUG] Event: MouseButtonUp scene=combat
[DEBUG] Event: MouseMotion scene=combat
[DEBUG] Event: MouseMotion scene=combat
[DEBUG] Event: MouseMotion scene=combat
[DEBUG] Event: MouseMotion scene=combat
[DEBUG] Event: MouseMotion scene=combat
[DEBUG] Event: KeyDown scene=combat
[DEBUG] Event: KeyDown scene=combat
[DEBUG] frame=31020 scene=combat fps=60
[DEBUG] Event: MouseMotion scene=combat
[DEBUG] Event: KeyUp scene=combat
[DEBUG] Event: KeyUp scene=combat
[DEBUG] frame=31080 scene=combat fps=61
[DEBUG] Event: MouseMotion scene=combat
[DEBUG] Event: MouseMotion scene=combat
[DEBUG] Event: MouseMotion scene=combat
[DEBUG] Event: MouseMotion scene=combat
[DEBUG] Event: MouseMotion scene=combat
[DEBUG] Event: MouseMotion scene=combat
[DEBUG] Event: MouseMotion scene=combat
[DEBUG] Event: MouseMotion scene=combat
[DEBUG] Event: MouseMotion scene=combat
[DEBUG] Event: MouseMotion scene=combat
[DEBUG] Event: MouseMotion scene=combat
[DEBUG] Event: MouseMotion scene=combat
[DEBUG] Event: MouseMotion scene=combat
[DEBUG] Event: MouseMotion scene=combat
[DEBUG] Event: MouseMotion scene=combat
[DEBUG] Event: MouseMotion scene=combat
[DEBUG] Event: MouseMotion scene=combat
[DEBUG] Event: MouseMotion scene=combat
[DEBUG] Event: MouseMotion scene=combat
[DEBUG] Event: MouseMotion scene=combat
[DEBUG] Event: MouseMotion scene=combat
[DEBUG] Event: MouseMotion scene=combat
[DEBUG] Event: MouseButtonDown scene=combat
[DEBUG] Event: MouseButtonUp scene=combat
[DEBUG] frame=31140 scene=combat fps=61
[DEBUG] Event: MouseMotion scene=combat
[DEBUG] Event: MouseMotion scene=combat
[DEBUG] Event: MouseMotion scene=combat
[DEBUG] Event: MouseMotion scene=combat
[DEBUG] Event: MouseMotion scene=combat
[DEBUG] Event: MouseMotion scene=combat
[DEBUG] Event: MouseMotion scene=combat
[DEBUG] Event: MouseMotion scene=combat
[DEBUG] Event: MouseMotion scene=combat
[DEBUG] Event: MouseMotion scene=combat
[DEBUG] Event: MouseMotion scene=combat
[DEBUG] Event: MouseMotion scene=combat
[DEBUG] Event: MouseMotion scene=combat
[DEBUG] Event: MouseMotion scene=combat
[DEBUG] Event: MouseMotion scene=combat
[DEBUG] Event: MouseMotion scene=combat
[DEBUG] Event: MouseMotion scene=combat
[DEBUG] Event: MouseMotion scene=combat
[DEBUG] Event: MouseMotion scene=combat
[DEBUG] Event: MouseMotion scene=combat
[DEBUG] Event: MouseMotion scene=combat
[DEBUG] Event: MouseMotion scene=combat
[DEBUG] Event: MouseMotion scene=combat
[DEBUG] Event: MouseMotion scene=combat
[DEBUG] Event: MouseMotion scene=combat
[DEBUG] Event: MouseMotion scene=combat
[DEBUG] Event: MouseMotion scene=combat
[DEBUG] Event: MouseMotion scene=combat
[DEBUG] Event: MouseMotion scene=combat
[DEBUG] Event: MouseMotion scene=combat
[DEBUG] Event: MouseMotion scene=combat
[DEBUG] Event: MouseMotion scene=combat
[DEBUG] Event: MouseMotion scene=combat
[DEBUG] Event: MouseMotion scene=combat
[DEBUG] Event: MouseMotion scene=combat
[DEBUG] Event: MouseMotion scene=combat
[DEBUG] Event: MouseMotion scene=combat
[DEBUG] Event: MouseMotion scene=combat
[DEBUG] Event: MouseMotion scene=combat
[DEBUG] Event: MouseMotion scene=combat
[DEBUG] Event: MouseButtonDown scene=combat
[DEBUG] Event: MouseButtonUp scene=combat
[DEBUG] frame=31200 scene=combat fps=60
[DEBUG] Event: MouseMotion scene=combat
[DEBUG] Event: MouseMotion scene=combat
[DEBUG] Event: MouseMotion scene=combat
[DEBUG] Event: MouseMotion scene=combat
[DEBUG] Event: MouseMotion scene=combat
[DEBUG] Event: MouseMotion scene=combat
[DEBUG] Event: MouseMotion scene=combat
[DEBUG] Event: MouseMotion scene=combat
[DEBUG] Event: MouseMotion scene=combat
[DEBUG] Event: MouseMotion scene=combat
[DEBUG] Event: MouseMotion scene=combat
[DEBUG] Event: MouseMotion scene=combat
[DEBUG] Event: MouseMotion scene=combat
[DEBUG] Event: MouseButtonDown scene=combat
[DEBUG] Event: MouseMotion scene=combat
[DEBUG] frame=31260 scene=combat fps=60
[DEBUG] Event: MouseMotion scene=combat
[DEBUG] Event: MouseMotion scene=combat
[DEBUG] Event: MouseButtonUp scene=combat
[DEBUG] Event: MouseMotion scene=combat
[DEBUG] frame=31320 scene=combat fps=61
[DEBUG] Event: MouseButtonDown scene=combat
[DEBUG] Event: MouseButtonUp scene=combat
[DEBUG] Event: MouseButtonDown scene=combat
[DEBUG] frame=31380 scene=combat fps=61
[DEBUG] Event: MouseButtonUp scene=combat
[DEBUG] Event: MouseButtonDown scene=combat
[DEBUG] Event: MouseButtonUp scene=combat
[DEBUG] frame=31440 scene=combat fps=60
[DEBUG] Event: MouseButtonDown scene=combat
[DEBUG] Event: MouseButtonUp scene=combat
[DEBUG] Event: MouseButtonDown scene=combat
[DEBUG] Event: MouseButtonUp scene=combat
[DEBUG] frame=31500 scene=combat fps=61
[DEBUG] Event: MouseMotion scene=combat
[DEBUG] Event: MouseMotion scene=combat
[DEBUG] Event: MouseButtonDown scene=combat
[DEBUG] Event: MouseMotion scene=combat
[DEBUG] Event: MouseButtonUp scene=combat
[DEBUG] Event: MouseButtonDown scene=combat
[DEBUG] Event: MouseMotion scene=combat
[DEBUG] Event: MouseButtonUp scene=combat
[DEBUG] Event: MouseMotion scene=combat
[DEBUG] Event: MouseMotion scene=combat
[DEBUG] Event: MouseMotion scene=combat
[DEBUG] Event: MouseMotion scene=combat
[DEBUG] Event: MouseMotion scene=combat
[DEBUG] frame=31560 scene=combat fps=61
[DEBUG] Event: MouseMotion scene=combat
[DEBUG] Event: MouseMotion scene=combat
[DEBUG] Event: MouseMotion scene=combat
[DEBUG] Event: MouseMotion scene=combat
[DEBUG] Event: MouseMotion scene=combat
[DEBUG] Event: MouseMotion scene=combat
[DEBUG] Event: MouseMotion scene=combat
[DEBUG] Event: MouseMotion scene=combat
[DEBUG] Event: MouseMotion scene=combat
[DEBUG] Event: MouseMotion scene=combat
[DEBUG] Event: MouseMotion scene=combat
[DEBUG] Event: MouseMotion scene=combat
[DEBUG] Event: MouseMotion scene=combat
[DEBUG] Event: MouseMotion scene=combat
[DEBUG] Event: MouseMotion scene=combat
[DEBUG] Event: MouseMotion scene=combat
[DEBUG] Event: MouseMotion scene=combat
[DEBUG] Event: MouseMotion scene=combat
[DEBUG] Event: MouseMotion scene=combat
[DEBUG] Event: MouseMotion scene=combat
[DEBUG] Event: MouseMotion scene=combat
[DEBUG] Event: MouseMotion scene=combat
[DEBUG] Event: MouseMotion scene=combat
[DEBUG] Event: MouseMotion scene=combat
[DEBUG] Event: MouseMotion scene=combat
[DEBUG] Event: MouseMotion scene=combat
[DEBUG] Event: MouseMotion scene=combat
[DEBUG] Event: MouseMotion scene=combat
[DEBUG] Event: MouseMotion scene=combat
[DEBUG] Event: MouseMotion scene=combat
[DEBUG] Event: MouseMotion scene=combat
[DEBUG] Event: MouseMotion scene=combat
[DEBUG] Event: MouseMotion scene=combat
[DEBUG] Event: MouseMotion scene=combat
[DEBUG] Event: MouseMotion scene=combat
[DEBUG] Event: MouseMotion scene=combat
[DEBUG] Event: MouseMotion scene=combat
[DEBUG] Event: MouseMotion scene=combat
[DEBUG] Event: MouseButtonDown scene=combat
[DEBUG] Event: MouseMotion scene=combat
[DEBUG] Event: MouseMotion scene=combat
[DEBUG] Event: MouseButtonUp scene=combat
[DEBUG] frame=31620 scene=combat fps=61
[DEBUG] Event: MouseButtonDown scene=combat
[DEBUG] Event: MouseButtonUp scene=combat
[DEBUG] Event: MouseMotion scene=combat
[DEBUG] Event: MouseMotion scene=combat
[DEBUG] Event: MouseMotion scene=combat
[DEBUG] Event: MouseMotion scene=combat
[DEBUG] Event: MouseMotion scene=combat
[DEBUG] frame=31680 scene=combat fps=61
[DEBUG] Event: MouseButtonDown scene=combat
[DEBUG] Event: MouseButtonUp scene=combat
[DEBUG] Event: MouseMotion scene=combat
[DEBUG] Event: MouseMotion scene=combat
[DEBUG] Event: MouseMotion scene=combat
[DEBUG] Event: MouseMotion scene=combat
[DEBUG] Event: MouseMotion scene=combat
[DEBUG] frame=31740 scene=combat fps=61
[DEBUG] Event: MouseMotion scene=combat
[DEBUG] Event: MouseMotion scene=combat
[DEBUG] Event: MouseMotion scene=combat
[DEBUG] Event: MouseMotion scene=combat
[DEBUG] Event: MouseMotion scene=combat
[DEBUG] Event: MouseMotion scene=combat
[DEBUG] Event: MouseMotion scene=combat
[DEBUG] Event: MouseMotion scene=combat
[DEBUG] Event: MouseMotion scene=combat
[DEBUG] Event: MouseMotion scene=combat
[DEBUG] Event: MouseMotion scene=combat
[DEBUG] Event: MouseMotion scene=combat
[DEBUG] Event: MouseMotion scene=combat
[DEBUG] Event: MouseMotion scene=combat
[DEBUG] Event: MouseMotion scene=combat
[DEBUG] Event: MouseMotion scene=combat
[DEBUG] Event: MouseMotion scene=combat
[DEBUG] Event: MouseButtonDown scene=combat
[DEBUG] Event: MouseButtonUp scene=combat
[DEBUG] frame=31800 scene=combat fps=61
[DEBUG] Event: MouseMotion scene=combat
[DEBUG] Event: MouseMotion scene=combat
[DEBUG] Event: MouseMotion scene=combat
[DEBUG] Event: MouseMotion scene=combat
[DEBUG] Event: MouseMotion scene=combat
[DEBUG] Event: MouseMotion scene=combat
[DEBUG] Event: MouseMotion scene=combat
[DEBUG] Event: MouseMotion scene=combat
[DEBUG] Event: MouseMotion scene=combat
[DEBUG] Event: MouseMotion scene=combat
[DEBUG] Event: MouseMotion scene=combat
[DEBUG] Event: MouseMotion scene=combat
[DEBUG] Event: MouseMotion scene=combat
[DEBUG] Event: MouseMotion scene=combat
[DEBUG] Event: MouseMotion scene=combat
[DEBUG] Event: MouseMotion scene=combat
[DEBUG] Event: MouseMotion scene=combat
[DEBUG] Event: MouseMotion scene=combat
[DEBUG] Event: MouseButtonDown scene=combat
[DEBUG] Event: MouseMotion scene=combat
[DEBUG] Event: MouseMotion scene=combat
[DEBUG] Event: MouseMotion scene=combat
[DEBUG] Event: MouseMotion scene=combat
[DEBUG] Event: MouseMotion scene=combat
[DEBUG] Event: MouseMotion scene=combat
[DEBUG] Event: MouseButtonUp scene=combat
[DEBUG] Event: MouseMotion scene=combat
[DEBUG] Event: MouseMotion scene=combat
[DEBUG] Event: MouseMotion scene=combat
[DEBUG] frame=31860 scene=combat fps=61
[DEBUG] Event: MouseMotion scene=combat
[DEBUG] Event: MouseMotion scene=combat
[DEBUG] Event: MouseMotion scene=combat
[DEBUG] Event: MouseMotion scene=combat
[DEBUG] Event: MouseMotion scene=combat
[DEBUG] Event: MouseMotion scene=combat
[DEBUG] Event: MouseMotion scene=combat
[DEBUG] Event: MouseMotion scene=combat
[DEBUG] Event: MouseMotion scene=combat
[DEBUG] Event: MouseMotion scene=combat
[DEBUG] Event: MouseMotion scene=combat
[DEBUG] Event: MouseMotion scene=combat
[DEBUG] Event: MouseMotion scene=combat
[DEBUG] Event: MouseMotion scene=combat
[DEBUG] Event: MouseMotion scene=combat
[DEBUG] Event: MouseMotion scene=combat
[DEBUG] Event: MouseMotion scene=combat
[DEBUG] Event: MouseMotion scene=combat
[DEBUG] Event: MouseMotion scene=combat
[DEBUG] Event: MouseMotion scene=combat
[DEBUG] Event: MouseMotion scene=combat
[DEBUG] Event: MouseMotion scene=combat
[DEBUG] Event: MouseMotion scene=combat
[DEBUG] Event: MouseMotion scene=combat
[DEBUG] Event: MouseButtonDown scene=combat
[DEBUG] Event: MouseMotion scene=combat
[DEBUG] Event: MouseMotion scene=combat
[DEBUG] Event: MouseMotion scene=combat
[DEBUG] Event: MouseMotion scene=combat
[DEBUG] Event: MouseMotion scene=combat
[DEBUG] Event: MouseMotion scene=combat
[DEBUG] Event: MouseMotion scene=combat
[DEBUG] Event: MouseMotion scene=combat
[DEBUG] Event: MouseMotion scene=combat
[DEBUG] Event: MouseMotion scene=combat
[DEBUG] Event: MouseButtonUp scene=combat
[DEBUG] Event: MouseMotion scene=combat
[DEBUG] Event: MouseMotion scene=combat
[DEBUG] Event: MouseMotion scene=combat
[DEBUG] Event: MouseMotion scene=combat
[DEBUG] Event: MouseMotion scene=combat
[DEBUG] Event: MouseMotion scene=combat
[DEBUG] Event: MouseMotion scene=combat
[DEBUG] frame=31920 scene=combat fps=60
[DEBUG] Event: MouseMotion scene=combat
[DEBUG] Event: MouseMotion scene=combat
[DEBUG] Event: MouseMotion scene=combat
[DEBUG] Event: MouseMotion scene=combat
[DEBUG] Event: MouseMotion scene=combat
[DEBUG] Event: MouseMotion scene=combat
[DEBUG] Event: MouseMotion scene=combat
[DEBUG] Event: MouseMotion scene=combat
[DEBUG] Event: MouseMotion scene=combat
[DEBUG] Event: MouseMotion scene=combat
[DEBUG] Event: MouseMotion scene=combat
[DEBUG] Event: MouseMotion scene=combat
[DEBUG] Event: MouseMotion scene=combat
[DEBUG] Event: MouseMotion scene=combat
[DEBUG] Event: MouseMotion scene=combat
[DEBUG] Event: MouseMotion scene=combat
[DEBUG] Event: MouseMotion scene=combat
[DEBUG] Event: MouseMotion scene=combat
[DEBUG] Event: MouseMotion scene=combat
[DEBUG] Event: MouseMotion scene=combat
[DEBUG] Event: MouseMotion scene=combat
[DEBUG] Event: MouseMotion scene=combat
[DEBUG] Event: MouseMotion scene=combat
[DEBUG] Event: MouseMotion scene=combat
[DEBUG] Event: MouseMotion scene=combat
[DEBUG] Event: MouseButtonDown scene=combat
[DEBUG] frame=31980 scene=combat fps=60
[DEBUG] Event: MouseButtonUp scene=combat
[DEBUG] Event: MouseMotion scene=combat
[DEBUG] frame=32040 scene=combat fps=61
[DEBUG] Event: MouseButtonDown scene=combat
[DEBUG] Event: MouseMotion scene=combat
[DEBUG] Event: MouseButtonUp scene=combat
[DEBUG] Event: MouseMotion scene=combat
[DEBUG] Event: MouseMotion scene=combat
[DEBUG] Event: MouseMotion scene=combat
[DEBUG] Event: MouseMotion scene=combat
[DEBUG] Event: MouseMotion scene=combat
[DEBUG] Event: MouseMotion scene=combat
[DEBUG] Event: MouseMotion scene=combat
[DEBUG] Event: MouseMotion scene=combat
[DEBUG] Event: MouseMotion scene=combat
[DEBUG] Event: MouseMotion scene=combat
[DEBUG] Event: MouseMotion scene=combat
[DEBUG] Event: MouseMotion scene=combat
[DEBUG] Event: MouseMotion scene=combat
[DEBUG] Event: MouseMotion scene=combat
[DEBUG] Event: MouseMotion scene=combat
[DEBUG] Event: MouseMotion scene=combat
[DEBUG] Event: MouseMotion scene=combat
[DEBUG] frame=32100 scene=combat fps=61
[DEBUG] Event: MouseButtonDown scene=combat
[DEBUG] Event: MouseMotion scene=combat
[DEBUG] Event: MouseButtonUp scene=combat
[DEBUG] Event: MouseMotion scene=combat
[DEBUG] Event: MouseMotion scene=combat
[DEBUG] Event: MouseMotion scene=combat
[DEBUG] Event: MouseMotion scene=combat
[DEBUG] Event: MouseMotion scene=combat
[DEBUG] Event: MouseMotion scene=combat
[DEBUG] Event: MouseMotion scene=combat
[DEBUG] Event: MouseMotion scene=combat
[DEBUG] Event: MouseMotion scene=combat
[DEBUG] Event: MouseMotion scene=combat
[DEBUG] Event: MouseMotion scene=combat
[DEBUG] Event: MouseMotion scene=combat
[DEBUG] Event: MouseMotion scene=combat
[DEBUG] Event: MouseButtonDown scene=combat
[DEBUG] Event: MouseMotion scene=combat
[DEBUG] Event: MouseMotion scene=combat
[DEBUG] Event: MouseMotion scene=combat
[DEBUG] Event: MouseMotion scene=combat
[DEBUG] Event: MouseMotion scene=combat
[DEBUG] Event: MouseMotion scene=combat
[DEBUG] Event: MouseMotion scene=combat
[DEBUG] Event: MouseMotion scene=combat
[DEBUG] Event: MouseMotion scene=combat
[DEBUG] Event: MouseMotion scene=combat
[DEBUG] Event: MouseButtonUp scene=combat
[DEBUG] Event: MouseMotion scene=combat
[DEBUG] Event: MouseMotion scene=combat
[DEBUG] Event: MouseMotion scene=combat
[DEBUG] Event: MouseMotion scene=combat
[DEBUG] Event: MouseMotion scene=combat
[DEBUG] Event: MouseMotion scene=combat
[DEBUG] Event: MouseMotion scene=combat
[DEBUG] Event: MouseMotion scene=combat
[DEBUG] Event: MouseMotion scene=combat
[DEBUG] Event: MouseMotion scene=combat
[DEBUG] Event: MouseMotion scene=combat
[DEBUG] Event: MouseMotion scene=combat
[DEBUG] Event: MouseMotion scene=combat
[DEBUG] Event: MouseMotion scene=combat
[DEBUG] Event: MouseMotion scene=combat
[DEBUG] Event: MouseMotion scene=combat
[DEBUG] Event: MouseMotion scene=combat
[DEBUG] Event: MouseMotion scene=combat
[DEBUG] Event: MouseMotion scene=combat
[DEBUG] Event: MouseMotion scene=combat
[DEBUG] frame=32160 scene=combat fps=60
[DEBUG] Event: MouseMotion scene=combat
[DEBUG] Event: MouseMotion scene=combat
[DEBUG] Event: MouseMotion scene=combat
[DEBUG] Event: MouseMotion scene=combat
[DEBUG] Event: MouseMotion scene=combat
[DEBUG] Event: MouseMotion scene=combat
[DEBUG] Event: MouseMotion scene=combat
[DEBUG] Event: MouseMotion scene=combat
[DEBUG] Event: MouseMotion scene=combat
[DEBUG] Event: MouseMotion scene=combat
[DEBUG] Event: MouseMotion scene=combat
[DEBUG] Event: MouseMotion scene=combat
[DEBUG] Event: MouseMotion scene=combat
[DEBUG] Event: MouseMotion scene=combat
[DEBUG] Event: MouseMotion scene=combat
[DEBUG] Event: MouseMotion scene=combat
[DEBUG] Event: MouseMotion scene=combat
[DEBUG] Event: MouseMotion scene=combat
[DEBUG] Event: MouseMotion scene=combat
[DEBUG] Event: MouseMotion scene=combat
[DEBUG] Event: MouseMotion scene=combat
[DEBUG] Event: MouseMotion scene=combat
[DEBUG] Event: MouseMotion scene=combat
[DEBUG] Event: MouseButtonDown scene=combat
[DEBUG] Event: MouseButtonUp scene=combat
[DEBUG] Event: MouseMotion scene=combat
[DEBUG] Event: MouseButtonDown scene=combat
[DEBUG] Event: MouseMotion scene=combat
[DEBUG] Event: MouseMotion scene=combat
[DEBUG] Event: MouseMotion scene=combat
[DEBUG] Event: MouseMotion scene=combat
[DEBUG] Event: MouseMotion scene=combat
[DEBUG] Event: MouseButtonUp scene=combat
[DEBUG] Event: MouseMotion scene=combat
[DEBUG] frame=32220 scene=combat fps=60
[DEBUG] Event: MouseMotion scene=combat
[DEBUG] Event: MouseMotion scene=combat
[DEBUG] Event: MouseMotion scene=combat
[DEBUG] Event: MouseMotion scene=combat
[DEBUG] Event: MouseMotion scene=combat
[DEBUG] Event: MouseMotion scene=combat
[DEBUG] Event: MouseMotion scene=combat
[DEBUG] Event: MouseMotion scene=combat
[DEBUG] Event: MouseMotion scene=combat
[DEBUG] Event: MouseMotion scene=combat
[DEBUG] Event: MouseMotion scene=combat
[DEBUG] Event: MouseMotion scene=combat
[DEBUG] Event: MouseMotion scene=combat
[DEBUG] Event: MouseMotion scene=combat
[DEBUG] Event: MouseButtonDown scene=combat
[DEBUG] frame=32280 scene=combat fps=60
[DEBUG] Event: MouseButtonUp scene=combat
[DEBUG] Event: MouseButtonDown scene=combat
[DEBUG] frame=32340 scene=combat fps=60
[DEBUG] Event: MouseButtonUp scene=combat
[DEBUG] Event: MouseButtonDown scene=combat
[DEBUG] frame=32400 scene=combat fps=61
[DEBUG] Event: MouseButtonUp scene=combat
[DEBUG] Event: MouseMotion scene=combat
[DEBUG] Event: MouseMotion scene=combat
[DEBUG] Event: MouseMotion scene=combat
[DEBUG] Event: MouseMotion scene=combat
[DEBUG] Event: MouseButtonDown scene=combat
[DEBUG] Event: MouseMotion scene=combat
[DEBUG] Event: MouseButtonUp scene=combat
[DEBUG] Event: MouseMotion scene=combat
[DEBUG] Event: MouseMotion scene=combat
[DEBUG] Event: MouseMotion scene=combat
[DEBUG] frame=32460 scene=combat fps=60
[DEBUG] Event: MouseMotion scene=combat
[DEBUG] Event: MouseMotion scene=combat
[DEBUG] Event: MouseMotion scene=combat
[DEBUG] Event: MouseMotion scene=combat
[DEBUG] Event: MouseMotion scene=combat
[DEBUG] Event: MouseMotion scene=combat
[DEBUG] Event: MouseMotion scene=combat
[DEBUG] Event: MouseMotion scene=combat
[DEBUG] Event: MouseMotion scene=combat
[DEBUG] Event: MouseMotion scene=combat
[DEBUG] Event: MouseMotion scene=combat
[DEBUG] Event: MouseButtonDown scene=combat
[DEBUG] Event: MouseMotion scene=combat
[DEBUG] Event: MouseMotion scene=combat
[DEBUG] Event: MouseMotion scene=combat
[DEBUG] Event: MouseMotion scene=combat
[DEBUG] Event: MouseMotion scene=combat
[DEBUG] Event: MouseMotion scene=combat
[DEBUG] Event: MouseButtonUp scene=combat
[DEBUG] Event: MouseMotion scene=combat
[DEBUG] Event: MouseMotion scene=combat
[DEBUG] Event: MouseMotion scene=combat
[DEBUG] Event: MouseMotion scene=combat
[DEBUG] Event: MouseMotion scene=combat
[DEBUG] Event: MouseMotion scene=combat
[DEBUG] Event: MouseMotion scene=combat
[DEBUG] Event: MouseMotion scene=combat
[DEBUG] Event: MouseMotion scene=combat
[DEBUG] Event: MouseMotion scene=combat
[DEBUG] Event: MouseMotion scene=combat
[DEBUG] Event: MouseMotion scene=combat
[DEBUG] Event: MouseMotion scene=combat
[DEBUG] Event: MouseMotion scene=combat
[DEBUG] Event: MouseMotion scene=combat
[DEBUG] Event: MouseMotion scene=combat
[DEBUG] Event: MouseButtonDown scene=combat
[DEBUG] Event: MouseMotion scene=combat
[DEBUG] Event: MouseMotion scene=combat
[DEBUG] Event: MouseMotion scene=combat
[DEBUG] Event: MouseMotion scene=combat
[DEBUG] Event: MouseMotion scene=combat
[DEBUG] Event: MouseMotion scene=combat
[DEBUG] Event: MouseMotion scene=combat
[DEBUG] Event: MouseMotion scene=combat
[DEBUG] Event: MouseMotion scene=combat
[DEBUG] Event: MouseButtonUp scene=combat
[DEBUG] Event: MouseMotion scene=combat
[DEBUG] Event: MouseMotion scene=combat
[DEBUG] Event: MouseMotion scene=combat
[DEBUG] Event: MouseMotion scene=combat
[DEBUG] frame=32520 scene=combat fps=60
[DEBUG] Event: MouseMotion scene=combat
[DEBUG] Event: MouseMotion scene=combat
[DEBUG] Event: MouseMotion scene=combat
[DEBUG] Event: MouseMotion scene=combat
[DEBUG] Event: MouseMotion scene=combat
[DEBUG] Event: MouseMotion scene=combat
[DEBUG] Event: MouseMotion scene=combat
[DEBUG] Event: MouseMotion scene=combat
[DEBUG] Event: MouseMotion scene=combat
[DEBUG] Event: MouseMotion scene=combat
[DEBUG] Event: MouseMotion scene=combat
[DEBUG] Event: MouseMotion scene=combat
[DEBUG] Event: MouseMotion scene=combat
[DEBUG] Event: MouseMotion scene=combat
[DEBUG] Event: MouseMotion scene=combat
[DEBUG] Event: MouseMotion scene=combat
[DEBUG] Event: MouseMotion scene=combat
[DEBUG] Event: MouseMotion scene=combat
[DEBUG] Event: MouseMotion scene=combat
[DEBUG] Event: MouseMotion scene=combat
[DEBUG] Event: MouseMotion scene=combat
[DEBUG] Event: MouseMotion scene=combat
[DEBUG] Event: MouseButtonDown scene=combat
[DEBUG] Event: MouseMotion scene=combat
[DEBUG] Event: MouseMotion scene=combat
[DEBUG] Event: MouseButtonUp scene=combat
[DEBUG] Event: MouseMotion scene=combat
[DEBUG] Event: MouseMotion scene=combat
[DEBUG] frame=32580 scene=combat fps=62
[DEBUG] Event: MouseMotion scene=combat
[DEBUG] Event: MouseMotion scene=combat
[DEBUG] Event: MouseMotion scene=combat
[DEBUG] Event: MouseMotion scene=combat
[DEBUG] Event: MouseMotion scene=combat
[DEBUG] Event: MouseMotion scene=combat
[DEBUG] Event: MouseButtonDown scene=combat
[DEBUG] Event: MouseButtonUp scene=combat
[DEBUG] frame=32640 scene=combat fps=60
[DEBUG] Event: MouseButtonDown scene=combat
[DEBUG] Event: MouseMotion scene=combat
[DEBUG] Event: MouseMotion scene=combat
[DEBUG] Event: MouseMotion scene=combat
[DEBUG] Event: MouseButtonUp scene=combat
[DEBUG] Event: KeyDown scene=combat
[DEBUG] frame=32700 scene=combat fps=60
[DEBUG] Event: MouseButtonDown scene=combat
[DEBUG] Event: MouseButtonUp scene=combat
[DEBUG] Event: KeyUp scene=combat
[DEBUG] Event: KeyDown scene=combat
[DEBUG] Event: MouseMotion scene=combat
[DEBUG] Event: MouseMotion scene=combat
[DEBUG] Event: MouseMotion scene=combat
[DEBUG] Event: MouseMotion scene=combat
[DEBUG] Event: MouseMotion scene=combat
[DEBUG] Event: MouseMotion scene=combat
[DEBUG] Event: MouseMotion scene=combat
[DEBUG] Event: MouseMotion scene=combat
[DEBUG] Event: MouseMotion scene=combat
[DEBUG] Event: MouseMotion scene=combat
[DEBUG] Event: MouseMotion scene=combat
[DEBUG] Event: MouseMotion scene=combat
[DEBUG] Event: MouseMotion scene=combat
[DEBUG] Event: MouseMotion scene=combat
[DEBUG] frame=32760 scene=combat fps=60
[DEBUG] Event: MouseMotion scene=combat
[DEBUG] Event: MouseMotion scene=combat
[DEBUG] Event: MouseMotion scene=combat
[DEBUG] Event: MouseMotion scene=combat
[DEBUG] Event: MouseMotion scene=combat
[DEBUG] Event: MouseMotion scene=combat
[DEBUG] Event: MouseMotion scene=combat
[DEBUG] Event: MouseMotion scene=combat
[DEBUG] Event: MouseMotion scene=combat
[DEBUG] Event: MouseMotion scene=combat
[DEBUG] Event: MouseMotion scene=combat
[DEBUG] Event: MouseMotion scene=combat
[DEBUG] Event: MouseMotion scene=combat
[DEBUG] Event: MouseMotion scene=combat
[DEBUG] Event: MouseMotion scene=combat
[DEBUG] Event: MouseMotion scene=combat
[DEBUG] Event: MouseMotion scene=combat
[DEBUG] Event: MouseMotion scene=combat
[DEBUG] Event: MouseMotion scene=combat
[DEBUG] Event: MouseMotion scene=combat
[DEBUG] Event: MouseMotion scene=combat
[DEBUG] Event: MouseMotion scene=combat
[DEBUG] Event: MouseMotion scene=combat
[DEBUG] Event: MouseMotion scene=combat
[DEBUG] Event: MouseMotion scene=combat
[DEBUG] Event: MouseMotion scene=combat
[DEBUG] Event: MouseMotion scene=combat
[DEBUG] Event: MouseMotion scene=combat
[DEBUG] Event: MouseMotion scene=combat
[DEBUG] Event: MouseMotion scene=combat
[DEBUG] Event: MouseMotion scene=combat
[DEBUG] Event: MouseMotion scene=combat
[DEBUG] Event: MouseMotion scene=combat
[DEBUG] Event: MouseMotion scene=combat
[DEBUG] Event: MouseMotion scene=combat
[DEBUG] Event: MouseMotion scene=combat
[DEBUG] Event: MouseMotion scene=combat
[DEBUG] Event: MouseMotion scene=combat
[DEBUG] Event: MouseMotion scene=combat
[DEBUG] Event: MouseMotion scene=combat
[DEBUG] Event: MouseMotion scene=combat
[DEBUG] Event: MouseMotion scene=combat
[DEBUG] Event: KeyUp scene=combat
[DEBUG] Event: MouseMotion scene=combat
[DEBUG] Event: MouseMotion scene=combat
[DEBUG] Event: MouseButtonDown scene=combat
[DEBUG] Event: MouseMotion scene=combat
[DEBUG] Event: MouseMotion scene=combat
[DEBUG] Event: MouseButtonUp scene=combat
[DEBUG] Event: MouseMotion scene=combat
[DEBUG] Event: MouseMotion scene=combat
[DEBUG] Event: MouseMotion scene=combat
[DEBUG] Event: MouseMotion scene=combat
[DEBUG] Event: MouseMotion scene=combat
[DEBUG] Event: MouseMotion scene=combat
[DEBUG] Event: MouseMotion scene=combat
[DEBUG] Event: MouseMotion scene=combat
[DEBUG] Event: MouseMotion scene=combat
[DEBUG] Event: MouseMotion scene=combat
[DEBUG] Event: MouseMotion scene=combat
[DEBUG] frame=32820 scene=combat fps=61
[DEBUG] Event: MouseMotion scene=combat
[DEBUG] Event: MouseMotion scene=combat
[DEBUG] Event: KeyDown scene=combat
[DEBUG] Event: MouseMotion scene=combat
[DEBUG] Event: MouseMotion scene=combat
[DEBUG] Event: MouseMotion scene=combat
[DEBUG] Event: MouseMotion scene=combat
[DEBUG] Event: MouseMotion scene=combat
[DEBUG] Event: MouseMotion scene=combat
[DEBUG] Event: MouseMotion scene=combat
[DEBUG] Event: MouseMotion scene=combat
[DEBUG] Event: MouseMotion scene=combat
[DEBUG] Event: MouseMotion scene=combat
[DEBUG] Event: KeyUp scene=combat
[DEBUG] Event: MouseMotion scene=combat
[DEBUG] Event: MouseMotion scene=combat
[DEBUG] Event: MouseMotion scene=combat
[DEBUG] Event: MouseMotion scene=combat
[DEBUG] Event: MouseMotion scene=combat
[DEBUG] Event: MouseMotion scene=combat
[DEBUG] Event: MouseMotion scene=combat
[DEBUG] Event: MouseButtonDown scene=combat
[DEBUG] Event: MouseButtonUp scene=combat
[DEBUG] Event: MouseMotion scene=combat
[DEBUG] Event: MouseMotion scene=combat
[DEBUG] Event: MouseMotion scene=combat
[DEBUG] Event: MouseMotion scene=combat
[DEBUG] Event: MouseMotion scene=combat
[DEBUG] Event: MouseMotion scene=combat
[DEBUG] Event: MouseMotion scene=combat
[DEBUG] Event: MouseMotion scene=combat
[DEBUG] Event: MouseMotion scene=combat
[DEBUG] Event: MouseMotion scene=combat
[DEBUG] Event: MouseMotion scene=combat
[DEBUG] frame=32880 scene=combat fps=61
[DEBUG] Event: KeyDown scene=combat
[DEBUG] Event: MouseMotion scene=combat
[DEBUG] Event: MouseMotion scene=combat
[DEBUG] Event: MouseMotion scene=combat
[DEBUG] Event: MouseMotion scene=combat
[DEBUG] Event: MouseMotion scene=combat
[DEBUG] Event: KeyUp scene=combat
[DEBUG] Event: MouseMotion scene=combat
[DEBUG] Event: MouseMotion scene=combat
[DEBUG] Event: MouseMotion scene=combat
[DEBUG] Event: MouseMotion scene=combat
[DEBUG] Event: MouseMotion scene=combat
[DEBUG] Event: MouseMotion scene=combat
[DEBUG] Event: MouseMotion scene=combat
[DEBUG] Event: MouseMotion scene=combat
[DEBUG] Event: MouseMotion scene=combat
[DEBUG] Event: MouseMotion scene=combat
[DEBUG] Event: MouseMotion scene=combat
[DEBUG] Event: MouseMotion scene=combat
[DEBUG] Event: MouseMotion scene=combat
[DEBUG] Event: MouseMotion scene=combat
[DEBUG] Event: KeyDown scene=combat
[DEBUG] Event: MouseMotion scene=combat
[DEBUG] Event: KeyUp scene=combat
[DEBUG] Event: MouseMotion scene=combat
[DEBUG] Event: MouseMotion scene=combat
[DEBUG] frame=32940 scene=combat fps=59
[DEBUG] Event: MouseMotion scene=combat
[DEBUG] Event: KeyDown scene=combat
[DEBUG] Event: MouseMotion scene=combat
[DEBUG] Event: MouseMotion scene=combat
[DEBUG] Event: MouseMotion scene=combat
[DEBUG] Event: MouseMotion scene=combat
[DEBUG] Event: MouseMotion scene=combat
[DEBUG] Event: MouseMotion scene=combat
[DEBUG] Event: MouseMotion scene=combat
[DEBUG] Event: MouseMotion scene=combat
[DEBUG] Event: MouseMotion scene=combat
[DEBUG] Event: MouseMotion scene=combat
[DEBUG] Event: MouseMotion scene=combat
[DEBUG] Event: MouseMotion scene=combat
[DEBUG] Event: MouseMotion scene=combat
[DEBUG] Event: MouseMotion scene=combat
[DEBUG] Event: MouseMotion scene=combat
[DEBUG] Event: MouseMotion scene=combat
[DEBUG] Event: MouseMotion scene=combat
[DEBUG] Event: MouseMotion scene=combat
[DEBUG] Event: MouseMotion scene=combat
[DEBUG] Event: MouseMotion scene=combat
[DEBUG] Event: MouseMotion scene=combat
[DEBUG] Event: MouseMotion scene=combat
[DEBUG] Event: MouseMotion scene=combat
[DEBUG] Event: MouseMotion scene=combat
[DEBUG] Event: MouseMotion scene=combat
[DEBUG] Event: MouseMotion scene=combat
[DEBUG] Event: MouseMotion scene=combat
[DEBUG] Event: MouseMotion scene=combat
[DEBUG] Event: MouseMotion scene=combat
[DEBUG] Event: MouseMotion scene=combat
[DEBUG] Event: MouseMotion scene=combat
[DEBUG] Event: MouseMotion scene=combat
[DEBUG] Event: MouseMotion scene=combat
[DEBUG] Event: MouseMotion scene=combat
[DEBUG] Event: MouseMotion scene=combat
[DEBUG] Event: MouseMotion scene=combat
[DEBUG] Event: MouseMotion scene=combat
[DEBUG] Event: MouseMotion scene=combat
[DEBUG] Event: MouseMotion scene=combat
[DEBUG] Event: MouseButtonDown scene=combat
[DEBUG] Event: MouseMotion scene=combat
[DEBUG] frame=33000 scene=combat fps=61
[DEBUG] Event: KeyUp scene=combat
[DEBUG] Event: MouseButtonUp scene=combat
[DEBUG] Event: MouseMotion scene=combat
[DEBUG] Event: MouseMotion scene=combat
[DEBUG] Event: MouseMotion scene=combat
[DEBUG] Event: MouseMotion scene=combat
[DEBUG] Event: MouseMotion scene=combat
[DEBUG] Event: MouseMotion scene=combat
[DEBUG] Event: MouseMotion scene=combat
[DEBUG] Event: MouseMotion scene=combat
[DEBUG] Event: KeyDown scene=combat
[DEBUG] Event: MouseMotion scene=combat
[DEBUG] Event: MouseMotion scene=combat
[DEBUG] Event: MouseMotion scene=combat
[DEBUG] Event: MouseMotion scene=combat
[DEBUG] Event: MouseMotion scene=combat
[DEBUG] Event: MouseMotion scene=combat
[DEBUG] Event: KeyUp scene=combat
[DEBUG] Event: MouseMotion scene=combat
[DEBUG] Event: MouseMotion scene=combat
[DEBUG] Event: MouseMotion scene=combat
[DEBUG] Event: MouseMotion scene=combat
[DEBUG] Event: MouseMotion scene=combat
[DEBUG] Event: MouseMotion scene=combat
[DEBUG] Event: MouseMotion scene=combat
[DEBUG] Event: MouseMotion scene=combat
[DEBUG] Event: MouseMotion scene=combat
[DEBUG] Event: MouseMotion scene=combat
[DEBUG] Event: MouseMotion scene=combat
[DEBUG] Event: MouseMotion scene=combat
[DEBUG] Event: MouseMotion scene=combat
[DEBUG] Event: MouseMotion scene=combat
[DEBUG] Event: MouseMotion scene=combat
[DEBUG] Event: MouseMotion scene=combat
[DEBUG] Event: MouseMotion scene=combat
[DEBUG] Event: MouseMotion scene=combat
[DEBUG] Event: MouseMotion scene=combat
[DEBUG] Event: MouseMotion scene=combat
[DEBUG] Event: MouseMotion scene=combat
[DEBUG] Event: MouseMotion scene=combat
[DEBUG] Event: MouseMotion scene=combat
[DEBUG] Event: MouseMotion scene=combat
[DEBUG] Event: MouseMotion scene=combat
[DEBUG] frame=33060 scene=combat fps=61
[DEBUG] Event: MouseMotion scene=combat
[DEBUG] Event: MouseMotion scene=combat
[DEBUG] Event: MouseMotion scene=combat
[DEBUG] Event: MouseMotion scene=combat
[DEBUG] Event: MouseMotion scene=combat
[DEBUG] Event: MouseMotion scene=combat
[DEBUG] Event: MouseMotion scene=combat
[DEBUG] Event: MouseButtonDown scene=combat
[DEBUG] Event: MouseMotion scene=combat
[DEBUG] Event: MouseMotion scene=combat
[DEBUG] Event: MouseMotion scene=combat
[DEBUG] Event: MouseMotion scene=combat
[DEBUG] Event: MouseMotion scene=combat
[DEBUG] Event: MouseMotion scene=combat
[DEBUG] Event: MouseMotion scene=combat
[DEBUG] Event: MouseMotion scene=combat
[DEBUG] Event: MouseMotion scene=combat
[DEBUG] Event: MouseMotion scene=combat
[DEBUG] Event: MouseMotion scene=combat
[DEBUG] Event: MouseButtonUp scene=combat
[DEBUG] Event: MouseMotion scene=combat
[DEBUG] Event: MouseMotion scene=combat
[DEBUG] Event: MouseMotion scene=combat
[DEBUG] Event: MouseMotion scene=combat
[DEBUG] Event: MouseMotion scene=combat
[DEBUG] Event: MouseMotion scene=combat
[DEBUG] Event: MouseMotion scene=combat
[DEBUG] Event: MouseMotion scene=combat
[DEBUG] Event: MouseMotion scene=combat
[DEBUG] Event: MouseMotion scene=combat
[DEBUG] Event: MouseMotion scene=combat
[DEBUG] Event: MouseMotion scene=combat
[DEBUG] Event: MouseMotion scene=combat
[DEBUG] Event: MouseMotion scene=combat
[DEBUG] Event: MouseMotion scene=combat
[DEBUG] Event: MouseMotion scene=combat
[DEBUG] Event: MouseMotion scene=combat
[DEBUG] Event: MouseMotion scene=combat
[DEBUG] Event: MouseMotion scene=combat
[DEBUG] Event: MouseMotion scene=combat
[DEBUG] Event: MouseMotion scene=combat
[DEBUG] Event: MouseMotion scene=combat
[DEBUG] Event: MouseMotion scene=combat
[DEBUG] Event: MouseMotion scene=combat
[DEBUG] Event: MouseMotion scene=combat
[DEBUG] frame=33120 scene=combat fps=61
[DEBUG] Event: MouseMotion scene=combat
[DEBUG] Event: MouseMotion scene=combat
[DEBUG] Event: MouseButtonDown scene=combat
[DEBUG] Event: MouseMotion scene=combat
[DEBUG] Event: MouseMotion scene=combat
[DEBUG] Event: MouseMotion scene=combat
[DEBUG] Event: MouseMotion scene=combat
[DEBUG] Event: MouseMotion scene=combat
[DEBUG] Event: MouseMotion scene=combat
[DEBUG] Event: MouseMotion scene=combat
[DEBUG] Event: MouseMotion scene=combat
[DEBUG] Event: MouseButtonUp scene=combat
[DEBUG] Event: MouseMotion scene=combat
[DEBUG] frame=33180 scene=combat fps=61
[DEBUG] Event: MouseMotion scene=combat
[DEBUG] Event: MouseMotion scene=combat
[DEBUG] Event: MouseMotion scene=combat
[DEBUG] Event: MouseMotion scene=combat
[DEBUG] Event: MouseMotion scene=combat
[DEBUG] Event: MouseMotion scene=combat
[DEBUG] Event: MouseMotion scene=combat
[DEBUG] Event: MouseMotion scene=combat
[DEBUG] Event: MouseMotion scene=combat
[DEBUG] Event: MouseMotion scene=combat
[DEBUG] Event: MouseMotion scene=combat
[DEBUG] Event: MouseMotion scene=combat
[DEBUG] Event: MouseMotion scene=combat
[DEBUG] Event: MouseButtonDown scene=combat
[DEBUG] Event: MouseMotion scene=combat
[DEBUG] Event: MouseButtonUp scene=combat
[DEBUG] Event: MouseMotion scene=combat
[DEBUG] Event: MouseMotion scene=combat
[DEBUG] Event: MouseMotion scene=combat
[DEBUG] Event: MouseMotion scene=combat
[DEBUG] Event: MouseMotion scene=combat
[DEBUG] frame=33240 scene=combat fps=61
[DEBUG] Event: MouseButtonDown scene=combat
[DEBUG] Event: MouseButtonUp scene=combat
[DEBUG] frame=33300 scene=combat fps=60
[DEBUG] Event: MouseMotion scene=combat
[DEBUG] Event: MouseMotion scene=combat
[DEBUG] Event: MouseMotion scene=combat
[DEBUG] Event: MouseMotion scene=combat
[DEBUG] Event: MouseMotion scene=combat
[DEBUG] Event: MouseMotion scene=combat
[DEBUG] Event: MouseMotion scene=combat
[DEBUG] Event: MouseMotion scene=combat
[DEBUG] Event: MouseMotion scene=combat
[DEBUG] Event: MouseMotion scene=combat
[DEBUG] Event: MouseMotion scene=combat
[DEBUG] Event: MouseMotion scene=combat
[DEBUG] Event: MouseMotion scene=combat
[DEBUG] Event: MouseMotion scene=combat
[DEBUG] Event: MouseMotion scene=combat
[DEBUG] Event: MouseMotion scene=combat
[DEBUG] Event: MouseMotion scene=combat
[DEBUG] Event: MouseMotion scene=combat
[DEBUG] Event: MouseMotion scene=combat
[DEBUG] Event: MouseMotion scene=combat
[DEBUG] Event: MouseMotion scene=combat
[DEBUG] Event: MouseMotion scene=combat
[DEBUG] Event: MouseMotion scene=combat
[DEBUG] Event: MouseMotion scene=combat
[DEBUG] Event: MouseMotion scene=combat
[DEBUG] Event: MouseMotion scene=combat
[DEBUG] Event: MouseMotion scene=combat
[DEBUG] frame=33360 scene=combat fps=61
[DEBUG] Event: MouseMotion scene=combat
[DEBUG] Event: MouseMotion scene=combat
[DEBUG] Event: MouseMotion scene=combat
[DEBUG] Event: MouseMotion scene=combat
[DEBUG] Event: MouseMotion scene=combat
[DEBUG] Event: MouseMotion scene=combat
[DEBUG] Event: MouseButtonDown scene=combat
[DEBUG] Event: MouseMotion scene=combat
[DEBUG] Event: MouseMotion scene=combat
[DEBUG] Event: MouseButtonUp scene=combat
[DEBUG] Event: MouseMotion scene=combat
[DEBUG] Event: MouseMotion scene=combat
[DEBUG] Event: MouseMotion scene=combat
[DEBUG] Event: MouseMotion scene=combat
[DEBUG] frame=33420 scene=combat fps=61
[DEBUG] Event: MouseMotion scene=combat
[DEBUG] Event: MouseMotion scene=combat
[DEBUG] Event: MouseMotion scene=combat
[DEBUG] Event: MouseMotion scene=combat
[DEBUG] Event: KeyDown scene=combat
[DEBUG] Event: MouseMotion scene=combat
[DEBUG] Event: MouseMotion scene=combat
[DEBUG] Event: MouseMotion scene=combat
[DEBUG] Event: MouseMotion scene=combat
[DEBUG] Event: MouseMotion scene=combat
[DEBUG] Event: MouseMotion scene=combat
[DEBUG] Event: MouseMotion scene=combat
[DEBUG] Event: MouseMotion scene=combat
[DEBUG] Event: KeyDown scene=combat
[DEBUG] Event: MouseMotion scene=combat
[DEBUG] Event: MouseMotion scene=combat
[DEBUG] Event: MouseMotion scene=combat
[DEBUG] Event: MouseMotion scene=combat
[DEBUG] Event: MouseMotion scene=combat
[DEBUG] Event: KeyUp scene=combat
[DEBUG] Event: MouseMotion scene=combat
[DEBUG] Event: MouseMotion scene=combat
[DEBUG] Event: MouseMotion scene=combat
[DEBUG] Event: MouseMotion scene=combat
[DEBUG] Event: MouseMotion scene=combat
[DEBUG] Event: MouseMotion scene=combat
[DEBUG] Event: MouseMotion scene=combat
[DEBUG] Event: MouseMotion scene=combat
[DEBUG] Event: MouseMotion scene=combat
[DEBUG] Event: MouseMotion scene=combat
[DEBUG] Event: MouseMotion scene=combat
[DEBUG] Event: MouseMotion scene=combat
[DEBUG] Event: MouseMotion scene=combat
[DEBUG] Event: MouseMotion scene=combat
[DEBUG] Event: MouseMotion scene=combat
[DEBUG] Event: MouseMotion scene=combat
[DEBUG] Event: MouseMotion scene=combat
[DEBUG] Event: KeyUp scene=combat
[DEBUG] Event: KeyDown scene=combat
[DEBUG] Event: MouseMotion scene=combat
[DEBUG] Event: MouseMotion scene=combat
[DEBUG] Event: MouseMotion scene=combat
[DEBUG] Event: MouseMotion scene=combat
[DEBUG] Event: MouseMotion scene=combat
[DEBUG] Event: MouseMotion scene=combat
[DEBUG] Event: MouseMotion scene=combat
[DEBUG] Event: KeyUp scene=combat
[DEBUG] Event: MouseMotion scene=combat
[DEBUG] Event: MouseMotion scene=combat
[DEBUG] frame=33480 scene=combat fps=61
[DEBUG] Event: MouseMotion scene=combat
[DEBUG] Event: MouseMotion scene=combat
[DEBUG] Event: MouseMotion scene=combat
[DEBUG] Event: MouseMotion scene=combat
[DEBUG] Event: KeyDown scene=combat
[DEBUG] Event: MouseMotion scene=combat
[DEBUG] Event: MouseMotion scene=combat
[DEBUG] Event: MouseMotion scene=combat
[DEBUG] Event: KeyUp scene=combat
[DEBUG] Event: MouseMotion scene=combat
[DEBUG] Event: MouseMotion scene=combat
[DEBUG] Event: MouseMotion scene=combat
[DEBUG] Event: MouseMotion scene=combat
[DEBUG] frame=33540 scene=combat fps=59
[DEBUG] Event: KeyDown scene=combat
[DEBUG] Event: KeyUp scene=combat
[DEBUG] Event: MouseMotion scene=combat
[DEBUG] Event: MouseMotion scene=combat
[DEBUG] Event: MouseMotion scene=combat
[DEBUG] Event: MouseMotion scene=combat
[DEBUG] Event: MouseMotion scene=combat
[DEBUG] Event: MouseMotion scene=combat
[DEBUG] Event: MouseMotion scene=combat
[DEBUG] Event: MouseMotion scene=combat
[DEBUG] Event: MouseMotion scene=combat
[DEBUG] Event: MouseMotion scene=combat
[DEBUG] Event: MouseMotion scene=combat
[DEBUG] Event: MouseMotion scene=combat
[DEBUG] Event: MouseMotion scene=combat
[DEBUG] Event: MouseMotion scene=combat
[DEBUG] Event: MouseMotion scene=combat
[DEBUG] Event: MouseMotion scene=combat
[DEBUG] Event: MouseMotion scene=combat
[DEBUG] Event: MouseMotion scene=combat
[DEBUG] Event: MouseMotion scene=combat
[DEBUG] Event: MouseMotion scene=combat
[DEBUG] Event: MouseMotion scene=combat
[DEBUG] Event: MouseMotion scene=combat
[DEBUG] Event: MouseMotion scene=combat
[DEBUG] Event: MouseMotion scene=combat
[DEBUG] Event: MouseMotion scene=combat
[DEBUG] frame=33600 scene=combat fps=61
[DEBUG] Event: MouseMotion scene=combat
[DEBUG] Event: MouseMotion scene=combat
[DEBUG] Event: MouseMotion scene=combat
[DEBUG] Event: MouseMotion scene=combat
[DEBUG] Event: MouseMotion scene=combat
[DEBUG] Event: MouseMotion scene=combat
[DEBUG] Event: MouseMotion scene=combat
[DEBUG] Event: MouseMotion scene=combat
[DEBUG] Event: MouseMotion scene=combat
[DEBUG] Event: MouseMotion scene=combat
[DEBUG] Event: MouseMotion scene=combat
[DEBUG] Event: MouseMotion scene=combat
[DEBUG] Event: MouseMotion scene=combat
[DEBUG] Event: MouseMotion scene=combat
[DEBUG] Event: MouseMotion scene=combat
[DEBUG] Event: MouseMotion scene=combat
[DEBUG] Event: MouseMotion scene=combat
[DEBUG] Event: MouseMotion scene=combat
[DEBUG] Event: MouseMotion scene=combat
[DEBUG] Event: MouseMotion scene=combat
[DEBUG] Event: MouseMotion scene=combat
[DEBUG] Event: MouseMotion scene=combat
[DEBUG] Event: MouseMotion scene=combat
[DEBUG] Event: MouseMotion scene=combat
[DEBUG] Event: MouseMotion scene=combat
[DEBUG] Event: MouseMotion scene=combat
[DEBUG] Event: MouseMotion scene=combat
[DEBUG] Event: MouseMotion scene=combat
[DEBUG] Event: MouseMotion scene=combat
[DEBUG] Event: MouseMotion scene=combat
[DEBUG] Event: MouseMotion scene=combat
[DEBUG] Event: MouseMotion scene=combat
[DEBUG] Event: MouseMotion scene=combat
[DEBUG] Event: MouseMotion scene=combat
[DEBUG] Event: MouseMotion scene=combat
[DEBUG] Event: MouseMotion scene=combat
[DEBUG] Event: MouseMotion scene=combat
[DEBUG] Event: MouseMotion scene=combat
[DEBUG] frame=33660 scene=combat fps=61
[DEBUG] Event: MouseMotion scene=combat
[DEBUG] Event: MouseMotion scene=combat
[DEBUG] Event: MouseMotion scene=combat
[DEBUG] Event: MouseMotion scene=combat
[DEBUG] Event: MouseMotion scene=combat
[DEBUG] Event: MouseMotion scene=combat
[DEBUG] Event: MouseMotion scene=combat
[DEBUG] Event: MouseMotion scene=combat
[DEBUG] Event: MouseMotion scene=combat
[DEBUG] Event: MouseMotion scene=combat
[DEBUG] Event: MouseMotion scene=combat
[DEBUG] Event: MouseMotion scene=combat
[DEBUG] Event: MouseMotion scene=combat
[DEBUG] Event: MouseMotion scene=combat
[DEBUG] Event: MouseMotion scene=combat
[DEBUG] Event: MouseMotion scene=combat
[DEBUG] Event: MouseMotion scene=combat
[DEBUG] Event: MouseMotion scene=combat
[DEBUG] Event: MouseMotion scene=combat
[DEBUG] Event: MouseMotion scene=combat
[DEBUG] Event: MouseMotion scene=combat
[DEBUG] Event: MouseMotion scene=combat
[DEBUG] Event: MouseMotion scene=combat
[DEBUG] Event: MouseMotion scene=combat
[DEBUG] Event: MouseMotion scene=combat
[DEBUG] Event: MouseMotion scene=combat
[DEBUG] Event: MouseMotion scene=combat
[DEBUG] Event: MouseMotion scene=combat
[DEBUG] Event: MouseMotion scene=combat
[DEBUG] Event: MouseMotion scene=combat
[DEBUG] Event: MouseMotion scene=combat
[DEBUG] Event: MouseMotion scene=combat
[DEBUG] Event: MouseMotion scene=combat
[DEBUG] Event: MouseMotion scene=combat
[DEBUG] Event: MouseMotion scene=combat
[DEBUG] Event: MouseMotion scene=combat
[DEBUG] Event: MouseMotion scene=combat
[DEBUG] Event: MouseMotion scene=combat
[DEBUG] Event: MouseMotion scene=combat
[DEBUG] Event: MouseMotion scene=combat
[DEBUG] Event: MouseMotion scene=combat
[DEBUG] Event: MouseMotion scene=combat
[DEBUG] Event: MouseMotion scene=combat
[DEBUG] Event: MouseMotion scene=combat
[DEBUG] Event: MouseMotion scene=combat
[DEBUG] Event: MouseMotion scene=combat
[DEBUG] Event: MouseMotion scene=combat
[DEBUG] Event: MouseMotion scene=combat
[DEBUG] Event: MouseMotion scene=combat
[DEBUG] Event: MouseMotion scene=combat
[DEBUG] Event: MouseMotion scene=combat
[DEBUG] Event: MouseMotion scene=combat
[DEBUG] Event: MouseMotion scene=combat
[DEBUG] Event: MouseMotion scene=combat
[DEBUG] Event: MouseMotion scene=combat
[DEBUG] Event: MouseMotion scene=combat
[DEBUG] Event: MouseMotion scene=combat
[DEBUG] Event: MouseMotion scene=combat
[DEBUG] Event: MouseMotion scene=combat
[DEBUG] frame=33720 scene=combat fps=60
[DEBUG] Event: MouseMotion scene=combat
[DEBUG] Event: MouseMotion scene=combat
[DEBUG] Event: MouseMotion scene=combat
[DEBUG] Event: MouseMotion scene=combat
[DEBUG] Event: MouseMotion scene=combat
[DEBUG] Event: MouseMotion scene=combat
[DEBUG] Event: MouseMotion scene=combat
[DEBUG] Event: MouseMotion scene=combat
[DEBUG] Event: MouseMotion scene=combat
[DEBUG] Event: MouseMotion scene=combat
[DEBUG] Event: MouseMotion scene=combat
[DEBUG] Event: MouseMotion scene=combat
[DEBUG] Event: MouseMotion scene=combat
[DEBUG] Event: MouseMotion scene=combat
[DEBUG] Event: MouseMotion scene=combat
[DEBUG] Event: MouseMotion scene=combat
[DEBUG] Event: MouseMotion scene=combat
[DEBUG] Event: MouseMotion scene=combat
[DEBUG] Event: MouseMotion scene=combat
[DEBUG] Event: MouseMotion scene=combat
[DEBUG] Event: MouseMotion scene=combat
[DEBUG] Event: MouseMotion scene=combat
[DEBUG] Event: MouseMotion scene=combat
[DEBUG] Event: MouseMotion scene=combat
[DEBUG] Event: MouseMotion scene=combat
[DEBUG] Event: MouseMotion scene=combat
[DEBUG] Event: MouseMotion scene=combat
[DEBUG] Event: MouseMotion scene=combat
[DEBUG] Event: MouseMotion scene=combat
[DEBUG] Event: MouseMotion scene=combat
[DEBUG] Event: MouseMotion scene=combat
[DEBUG] Event: MouseMotion scene=combat
[DEBUG] Event: MouseMotion scene=combat
[DEBUG] Event: MouseMotion scene=combat
[DEBUG] Event: MouseMotion scene=combat
[DEBUG] Event: MouseMotion scene=combat
[DEBUG] Event: MouseMotion scene=combat
[DEBUG] Event: MouseMotion scene=combat
[DEBUG] Event: MouseMotion scene=combat
[DEBUG] Event: MouseMotion scene=combat
[DEBUG] Event: MouseMotion scene=combat
[DEBUG] Event: MouseMotion scene=combat
[DEBUG] Event: MouseMotion scene=combat
[DEBUG] Event: MouseMotion scene=combat
[DEBUG] Event: MouseMotion scene=combat
[DEBUG] Event: MouseMotion scene=combat
[DEBUG] Event: MouseMotion scene=combat
[DEBUG] Event: MouseMotion scene=combat
[DEBUG] Event: MouseMotion scene=combat
[DEBUG] Event: MouseMotion scene=combat
[DEBUG] Event: MouseMotion scene=combat
[DEBUG] Event: MouseMotion scene=combat
[DEBUG] Event: MouseMotion scene=combat
[DEBUG] Event: MouseMotion scene=combat
[DEBUG] frame=33780 scene=combat fps=61
[DEBUG] Event: MouseMotion scene=combat
[DEBUG] Event: MouseMotion scene=combat
[DEBUG] Event: MouseMotion scene=combat
[DEBUG] Event: MouseMotion scene=combat
[DEBUG] Event: MouseMotion scene=combat
[DEBUG] Event: MouseMotion scene=combat
[DEBUG] Event: MouseMotion scene=combat
[DEBUG] Event: MouseMotion scene=combat
[DEBUG] Event: MouseMotion scene=combat
[DEBUG] Event: MouseMotion scene=combat
[DEBUG] Event: MouseMotion scene=combat
[DEBUG] Event: MouseMotion scene=combat
[DEBUG] Event: MouseMotion scene=combat
[DEBUG] Event: MouseMotion scene=combat
[DEBUG] Event: MouseMotion scene=combat
[DEBUG] Event: MouseMotion scene=combat
[DEBUG] Event: MouseMotion scene=combat
[DEBUG] Event: MouseMotion scene=combat
[DEBUG] Event: MouseMotion scene=combat
[DEBUG] Event: MouseMotion scene=combat
[DEBUG] Event: MouseMotion scene=combat
[DEBUG] Event: MouseMotion scene=combat
[DEBUG] Event: MouseMotion scene=combat
[DEBUG] Event: MouseMotion scene=combat
[DEBUG] Event: MouseMotion scene=combat
[DEBUG] Event: MouseMotion scene=combat
[DEBUG] Event: MouseMotion scene=combat
[DEBUG] Event: MouseMotion scene=combat
[DEBUG] Event: MouseMotion scene=combat
[DEBUG] Event: MouseMotion scene=combat
[DEBUG] Event: MouseMotion scene=combat
[DEBUG] Event: MouseMotion scene=combat
[DEBUG] Event: MouseMotion scene=combat
[DEBUG] Event: MouseMotion scene=combat
[DEBUG] Event: MouseMotion scene=combat
[DEBUG] Event: MouseMotion scene=combat
[DEBUG] Event: MouseMotion scene=combat
[DEBUG] Event: MouseMotion scene=combat
[DEBUG] Event: MouseMotion scene=combat
[DEBUG] Event: MouseMotion scene=combat
[DEBUG] Event: MouseMotion scene=combat
[DEBUG] Event: KeyDown scene=combat
[DEBUG] Event: MouseMotion scene=combat
[DEBUG] Event: MouseMotion scene=combat
[DEBUG] Event: MouseMotion scene=combat
[DEBUG] Event: MouseMotion scene=combat
[DEBUG] Event: MouseMotion scene=combat
[DEBUG] Event: MouseMotion scene=combat
[DEBUG] Event: MouseMotion scene=combat
[DEBUG] Event: MouseMotion scene=combat
[DEBUG] Event: MouseMotion scene=combat
[DEBUG] Event: MouseMotion scene=combat
[DEBUG] Event: MouseMotion scene=combat
[DEBUG] Event: MouseMotion scene=combat
[DEBUG] Event: MouseMotion scene=combat
[DEBUG] Event: MouseMotion scene=combat
[DEBUG] Event: MouseMotion scene=combat
[DEBUG] frame=33840 scene=combat fps=60
[DEBUG] Event: MouseMotion scene=combat
[DEBUG] Event: MouseMotion scene=combat
[DEBUG] Event: MouseMotion scene=combat
[DEBUG] Event: MouseMotion scene=combat
[DEBUG] Event: MouseMotion scene=combat
[DEBUG] Event: MouseMotion scene=combat
[DEBUG] Event: MouseMotion scene=combat
[DEBUG] Event: MouseMotion scene=combat
[DEBUG] Event: MouseMotion scene=combat
[DEBUG] Event: MouseMotion scene=combat
[DEBUG] Event: MouseMotion scene=combat
[DEBUG] Event: MouseMotion scene=combat
[DEBUG] Event: MouseMotion scene=combat
[DEBUG] Event: MouseMotion scene=combat
[DEBUG] Event: MouseMotion scene=combat
[DEBUG] Event: MouseMotion scene=combat
[DEBUG] Event: MouseMotion scene=combat
[DEBUG] Event: MouseMotion scene=combat
[DEBUG] Event: MouseMotion scene=combat
[DEBUG] Event: MouseMotion scene=combat
[DEBUG] Event: MouseMotion scene=combat
[DEBUG] Event: MouseMotion scene=combat
[DEBUG] Event: MouseMotion scene=combat
[DEBUG] Event: MouseMotion scene=combat
[DEBUG] Event: MouseMotion scene=combat
[DEBUG] Event: MouseMotion scene=combat
[DEBUG] Event: MouseMotion scene=combat
[DEBUG] Event: MouseMotion scene=combat
[DEBUG] Event: MouseMotion scene=combat
[DEBUG] Event: MouseMotion scene=combat
[DEBUG] Event: MouseMotion scene=combat
[DEBUG] Event: MouseMotion scene=combat
[DEBUG] Event: MouseMotion scene=combat
[DEBUG] Event: MouseMotion scene=combat
[DEBUG] Event: MouseMotion scene=combat
[DEBUG] Event: MouseMotion scene=combat
[DEBUG] Event: MouseMotion scene=combat
[DEBUG] Event: MouseMotion scene=combat
[DEBUG] Event: MouseButtonDown scene=combat
[DEBUG] Event: MouseMotion scene=combat
[DEBUG] Event: MouseMotion scene=combat
[DEBUG] Event: KeyDown scene=combat
[DEBUG] Event: MouseMotion scene=combat
[DEBUG] Event: MouseMotion scene=combat
[DEBUG] Event: MouseMotion scene=combat
[DEBUG] Event: MouseMotion scene=combat
[DEBUG] Event: MouseMotion scene=combat
[DEBUG] Event: MouseButtonUp scene=combat
[DEBUG] Event: MouseMotion scene=combat
[DEBUG] Event: KeyUp scene=combat
[DEBUG] Event: MouseMotion scene=combat
[DEBUG] Event: MouseMotion scene=combat
[DEBUG] Event: MouseMotion scene=combat
[DEBUG] Event: MouseMotion scene=combat
[DEBUG] Event: MouseMotion scene=combat
[DEBUG] Event: MouseMotion scene=combat
[DEBUG] Event: MouseMotion scene=combat
[DEBUG] Event: MouseMotion scene=combat
[DEBUG] Event: MouseMotion scene=combat
[DEBUG] Event: MouseMotion scene=combat
[DEBUG] Event: MouseMotion scene=combat
[DEBUG] Event: MouseMotion scene=combat
[DEBUG] Event: MouseMotion scene=combat
[DEBUG] Event: MouseMotion scene=combat
[DEBUG] Event: MouseMotion scene=combat
[DEBUG] Event: MouseMotion scene=combat
[DEBUG] Event: MouseMotion scene=combat
[DEBUG] Event: MouseMotion scene=combat
[DEBUG] Event: MouseMotion scene=combat
[DEBUG] Event: MouseMotion scene=combat
[DEBUG] Event: MouseMotion scene=combat
[DEBUG] frame=33900 scene=combat fps=60
[DEBUG] Event: MouseMotion scene=combat
[DEBUG] Event: MouseMotion scene=combat
[DEBUG] Event: MouseMotion scene=combat
[DEBUG] Event: MouseMotion scene=combat
[DEBUG] Event: MouseMotion scene=combat
[DEBUG] Event: MouseMotion scene=combat
[DEBUG] Event: MouseMotion scene=combat
[DEBUG] Event: MouseMotion scene=combat
[DEBUG] Event: MouseMotion scene=combat
[DEBUG] Event: MouseMotion scene=combat
[DEBUG] Event: MouseMotion scene=combat
[DEBUG] Event: MouseMotion scene=combat
[DEBUG] Event: MouseMotion scene=combat
[DEBUG] Event: MouseMotion scene=combat
[DEBUG] Event: MouseMotion scene=combat
[DEBUG] Event: KeyDown scene=combat
[DEBUG] Event: MouseMotion scene=combat
[DEBUG] Event: MouseMotion scene=combat
[DEBUG] Event: MouseMotion scene=combat
[DEBUG] Event: MouseMotion scene=combat
[DEBUG] Event: MouseMotion scene=combat
[DEBUG] Event: MouseMotion scene=combat
[DEBUG] Event: MouseMotion scene=combat
[DEBUG] Event: MouseMotion scene=combat
[DEBUG] Event: KeyUp scene=combat
[DEBUG] Event: MouseMotion scene=combat
[DEBUG] Event: MouseButtonDown scene=combat
[DEBUG] Event: MouseButtonUp scene=combat
[DEBUG] Event: MouseMotion scene=combat
[DEBUG] Event: MouseMotion scene=combat
[DEBUG] Event: MouseButtonDown scene=combat
[DEBUG] Event: KeyUp scene=combat
[DEBUG] Event: MouseButtonUp scene=combat
[DEBUG] Event: MouseMotion scene=combat
[DEBUG] Event: MouseMotion scene=combat
[DEBUG] Event: MouseButtonDown scene=combat
[DEBUG] Event: MouseMotion scene=combat
[DEBUG] Event: MouseMotion scene=combat
[DEBUG] Event: MouseMotion scene=combat
[DEBUG] Event: MouseMotion scene=combat
[DEBUG] Event: MouseMotion scene=combat
[DEBUG] Event: MouseButtonUp scene=combat
[DEBUG] Event: MouseMotion scene=combat
[DEBUG] Event: MouseMotion scene=combat
[DEBUG] Event: MouseMotion scene=combat
[DEBUG] Event: MouseMotion scene=combat
[DEBUG] Event: MouseMotion scene=combat
[DEBUG] Event: MouseMotion scene=combat
[DEBUG] Event: MouseMotion scene=combat
[DEBUG] frame=33960 scene=combat fps=61
[DEBUG] Event: MouseButtonDown scene=combat
[DEBUG] Event: KeyDown scene=combat
[DEBUG] Event: MouseButtonUp scene=combat
[DEBUG] Event: MouseMotion scene=combat
[DEBUG] Event: MouseMotion scene=combat
[DEBUG] Event: MouseMotion scene=combat
[DEBUG] Event: MouseMotion scene=combat
[DEBUG] Event: MouseButtonDown scene=combat
[DEBUG] Event: MouseMotion scene=combat
[DEBUG] Event: MouseMotion scene=combat
[DEBUG] Event: MouseMotion scene=combat
[DEBUG] Event: MouseMotion scene=combat
[DEBUG] Event: KeyUp scene=combat
[DEBUG] Event: MouseMotion scene=combat
[DEBUG] Event: MouseMotion scene=combat
[DEBUG] Event: KeyDown scene=combat
[DEBUG] Event: MouseMotion scene=combat
[DEBUG] Event: MouseButtonUp scene=combat
[DEBUG] Event: MouseMotion scene=combat
[DEBUG] Event: MouseMotion scene=combat
[DEBUG] Event: KeyUp scene=combat
[DEBUG] Event: MouseButtonDown scene=combat
[DEBUG] Event: MouseMotion scene=combat
[DEBUG] Event: MouseMotion scene=combat
[DEBUG] Event: MouseButtonUp scene=combat
[DEBUG] Event: MouseMotion scene=combat
[DEBUG] Event: KeyDown scene=combat
[DEBUG] Event: MouseButtonDown scene=combat
[DEBUG] Event: MouseButtonUp scene=combat
[DEBUG] Event: MouseMotion scene=combat
[DEBUG] Event: MouseMotion scene=combat
[DEBUG] Event: MouseMotion scene=combat
[DEBUG] Event: MouseMotion scene=combat
[DEBUG] Event: MouseButtonDown scene=combat
[DEBUG] Event: MouseMotion scene=combat
[DEBUG] Event: MouseButtonUp scene=combat
[DEBUG] Event: MouseMotion scene=combat
[DEBUG] Event: MouseMotion scene=combat
[DEBUG] Event: MouseMotion scene=combat
[DEBUG] Event: KeyUp scene=combat
[DEBUG] Event: MouseMotion scene=combat
[DEBUG] Event: MouseMotion scene=combat
[DEBUG] frame=34020 scene=combat fps=61
[DEBUG] Event: MouseMotion scene=combat
[DEBUG] Event: KeyDown scene=combat
[DEBUG] Event: MouseMotion scene=combat
[DEBUG] Event: MouseMotion scene=combat
[DEBUG] Event: MouseMotion scene=combat
[DEBUG] Event: MouseMotion scene=combat
[DEBUG] Event: KeyUp scene=combat
[DEBUG] Event: MouseMotion scene=combat
[DEBUG] Event: MouseButtonDown scene=combat
[DEBUG] Event: MouseMotion scene=combat
[DEBUG] Event: MouseMotion scene=combat
[DEBUG] Event: MouseMotion scene=combat
[DEBUG] Event: MouseMotion scene=combat
[DEBUG] Event: MouseButtonUp scene=combat
[DEBUG] Event: MouseMotion scene=combat
[DEBUG] Event: KeyDown scene=combat
[DEBUG] Event: MouseMotion scene=combat
[DEBUG] Event: MouseButtonDown scene=combat
[DEBUG] Event: MouseButtonUp scene=combat
[DEBUG] Event: MouseMotion scene=combat
[DEBUG] Event: MouseMotion scene=combat
[DEBUG] Event: KeyUp scene=combat
[DEBUG] Event: MouseMotion scene=combat
[DEBUG] Event: KeyDown scene=combat
[DEBUG] Event: MouseMotion scene=combat
[DEBUG] Event: MouseButtonDown scene=combat
[DEBUG] Event: MouseMotion scene=combat
[DEBUG] Event: MouseMotion scene=combat
[DEBUG] Event: MouseMotion scene=combat
[DEBUG] Event: MouseButtonUp scene=combat
[DEBUG] Event: MouseMotion scene=combat
[DEBUG] Event: MouseMotion scene=combat
[DEBUG] Event: MouseMotion scene=combat
[DEBUG] Event: MouseMotion scene=combat
[DEBUG] Event: MouseMotion scene=combat
[DEBUG] Event: MouseMotion scene=combat
[DEBUG] Event: MouseButtonDown scene=combat
[DEBUG] Event: MouseMotion scene=combat
[DEBUG] Event: KeyUp scene=combat
[DEBUG] Event: MouseButtonUp scene=combat
[DEBUG] Event: KeyDown scene=combat
[DEBUG] Event: MouseMotion scene=combat
[DEBUG] Event: MouseMotion scene=combat
[DEBUG] Event: MouseMotion scene=combat
[DEBUG] Event: MouseMotion scene=combat
[DEBUG] Event: MouseMotion scene=combat
[DEBUG] Event: MouseMotion scene=combat
[DEBUG] Event: MouseMotion scene=combat
[DEBUG] Event: MouseMotion scene=combat
[DEBUG] Event: MouseMotion scene=combat
[DEBUG] Event: MouseMotion scene=combat
[DEBUG] Event: MouseMotion scene=combat
[DEBUG] Event: MouseMotion scene=combat
[DEBUG] frame=34080 scene=combat fps=61
[DEBUG] Event: KeyDown scene=combat
[DEBUG] Event: MouseMotion scene=combat
[DEBUG] Event: MouseMotion scene=combat
[DEBUG] Event: MouseMotion scene=combat
[DEBUG] Event: MouseMotion scene=combat
[DEBUG] Event: MouseMotion scene=combat
[DEBUG] Event: KeyUp scene=combat
[DEBUG] Event: MouseMotion scene=combat
[DEBUG] Event: MouseMotion scene=combat
[DEBUG] Event: MouseMotion scene=combat
[DEBUG] Event: MouseMotion scene=combat
[DEBUG] Event: MouseMotion scene=combat
[DEBUG] Event: MouseMotion scene=combat
[DEBUG] Event: MouseMotion scene=combat
[DEBUG] Event: KeyUp scene=combat
[DEBUG] Event: MouseMotion scene=combat
[DEBUG] Event: MouseMotion scene=combat
[DEBUG] Event: MouseMotion scene=combat
[DEBUG] Event: MouseMotion scene=combat
[DEBUG] Event: MouseMotion scene=combat
[DEBUG] Event: KeyDown scene=combat
[DEBUG] Event: MouseMotion scene=combat
[DEBUG] Event: MouseMotion scene=combat
[DEBUG] Event: MouseMotion scene=combat
[DEBUG] Event: KeyDown scene=combat
[DEBUG] Event: MouseMotion scene=combat
[DEBUG] Event: MouseMotion scene=combat
[DEBUG] Event: MouseMotion scene=combat
[DEBUG] Event: KeyUp scene=combat
[DEBUG] Event: MouseMotion scene=combat
[DEBUG] Event: MouseMotion scene=combat
[DEBUG] Event: MouseMotion scene=combat
[DEBUG] Event: MouseMotion scene=combat
[DEBUG] Event: MouseMotion scene=combat
[DEBUG] Event: MouseMotion scene=combat
[DEBUG] Event: MouseMotion scene=combat
[DEBUG] Event: MouseMotion scene=combat
[DEBUG] Event: KeyUp scene=combat
[DEBUG] Event: MouseMotion scene=combat
[DEBUG] Event: KeyDown scene=combat
[DEBUG] Event: MouseMotion scene=combat
[DEBUG] Event: KeyUp scene=combat
[DEBUG] Event: MouseMotion scene=combat
[DEBUG] Event: MouseMotion scene=combat
[DEBUG] frame=34140 scene=combat fps=59
[DEBUG] Event: MouseMotion scene=combat
[DEBUG] Event: MouseMotion scene=combat
[DEBUG] Event: MouseMotion scene=combat
[DEBUG] Event: MouseMotion scene=combat
[DEBUG] Event: MouseMotion scene=combat
[DEBUG] Event: MouseMotion scene=combat
[DEBUG] Event: MouseMotion scene=combat
[DEBUG] Event: MouseMotion scene=combat
[DEBUG] Event: MouseButtonDown scene=combat
[DEBUG] Event: KeyDown scene=combat
[DEBUG] Event: MouseMotion scene=combat
[DEBUG] Event: MouseMotion scene=combat
[DEBUG] Event: MouseButtonUp scene=combat
[DEBUG] Event: KeyDown scene=combat
[DEBUG] Event: MouseMotion scene=combat
[DEBUG] Event: MouseMotion scene=combat
[DEBUG] Event: MouseMotion scene=combat
[DEBUG] Event: MouseMotion scene=combat
[DEBUG] Event: KeyUp scene=combat
[DEBUG] Event: MouseMotion scene=combat
[DEBUG] Event: MouseMotion scene=combat
[DEBUG] Event: MouseMotion scene=combat
[DEBUG] Event: MouseMotion scene=combat
[DEBUG] Event: MouseMotion scene=combat
[DEBUG] Event: MouseMotion scene=combat
[DEBUG] Event: MouseMotion scene=combat
[DEBUG] Event: MouseMotion scene=combat
[DEBUG] Event: MouseMotion scene=combat
[DEBUG] Event: MouseButtonDown scene=combat
[DEBUG] frame=34200 scene=combat fps=60
[DEBUG] Event: KeyDown scene=combat
[DEBUG] Event: MouseMotion scene=combat
[DEBUG] Event: KeyUp scene=combat
[DEBUG] Event: MouseMotion scene=combat
[DEBUG] Event: MouseMotion scene=combat
[DEBUG] Event: MouseButtonUp scene=combat
[DEBUG] Event: MouseMotion scene=combat
[DEBUG] Event: MouseMotion scene=combat
[DEBUG] Event: MouseMotion scene=combat
[DEBUG] Event: MouseMotion scene=combat
[DEBUG] Event: MouseMotion scene=combat
[DEBUG] Event: MouseMotion scene=combat
[DEBUG] Event: MouseMotion scene=combat
[DEBUG] Event: MouseMotion scene=combat
[DEBUG] Event: MouseMotion scene=combat
[DEBUG] Event: MouseMotion scene=combat
[DEBUG] Event: MouseMotion scene=combat
[DEBUG] Event: MouseMotion scene=combat
[DEBUG] Event: KeyDown scene=combat
[DEBUG] Event: MouseButtonDown scene=combat
[DEBUG] Event: MouseMotion scene=combat
[DEBUG] Event: MouseMotion scene=combat
[DEBUG] Event: MouseMotion scene=combat
[DEBUG] Event: MouseMotion scene=combat
[DEBUG] Event: MouseMotion scene=combat
[DEBUG] Event: MouseMotion scene=combat
[DEBUG] Event: MouseMotion scene=combat
[DEBUG] Event: MouseButtonUp scene=combat
[DEBUG] Event: MouseMotion scene=combat
[DEBUG] Event: MouseMotion scene=combat
[DEBUG] Event: MouseMotion scene=combat
[DEBUG] Event: MouseMotion scene=combat
[DEBUG] Event: MouseMotion scene=combat
[DEBUG] Event: MouseMotion scene=combat
[DEBUG] Event: MouseMotion scene=combat
[DEBUG] Event: MouseMotion scene=combat
[DEBUG] Event: MouseMotion scene=combat
[DEBUG] Event: KeyUp scene=combat
[DEBUG] Event: MouseMotion scene=combat
[DEBUG] Event: MouseMotion scene=combat
[DEBUG] Event: MouseMotion scene=combat
[DEBUG] Event: MouseMotion scene=combat
[DEBUG] Event: MouseMotion scene=combat
[DEBUG] Event: MouseMotion scene=combat
[DEBUG] Event: KeyUp scene=combat
[DEBUG] Event: KeyDown scene=combat
[DEBUG] Event: MouseMotion scene=combat
[DEBUG] Event: MouseMotion scene=combat
[DEBUG] Event: MouseMotion scene=combat
[DEBUG] Event: MouseMotion scene=combat
[DEBUG] Event: MouseMotion scene=combat
[DEBUG] Event: MouseMotion scene=combat
[DEBUG] Event: MouseMotion scene=combat
[DEBUG] Event: MouseButtonDown scene=combat
[DEBUG] Event: MouseMotion scene=combat
[DEBUG] Event: MouseMotion scene=combat
[DEBUG] Event: MouseMotion scene=combat
[DEBUG] frame=34260 scene=combat fps=61
[DEBUG] Event: MouseMotion scene=combat
[DEBUG] Event: MouseMotion scene=combat
[DEBUG] Event: MouseMotion scene=combat
[DEBUG] Event: MouseMotion scene=combat
[DEBUG] Event: MouseMotion scene=combat
[DEBUG] Event: MouseMotion scene=combat
[DEBUG] Event: MouseButtonUp scene=combat
[DEBUG] Event: KeyUp scene=combat
[DEBUG] Event: MouseMotion scene=combat
[DEBUG] Event: MouseMotion scene=combat
[DEBUG] Event: MouseMotion scene=combat
[DEBUG] Event: KeyDown scene=combat
[DEBUG] Event: MouseMotion scene=combat
[DEBUG] Event: MouseMotion scene=combat
[DEBUG] Event: MouseMotion scene=combat
[DEBUG] Event: MouseMotion scene=combat
[DEBUG] Event: MouseMotion scene=combat
[DEBUG] Event: MouseMotion scene=combat
[DEBUG] Event: MouseMotion scene=combat
[DEBUG] Event: MouseMotion scene=combat
[DEBUG] Event: MouseMotion scene=combat
[DEBUG] Event: KeyDown scene=combat
[DEBUG] Event: MouseMotion scene=combat
[DEBUG] Event: MouseMotion scene=combat
[DEBUG] Event: MouseMotion scene=combat
[DEBUG] Event: MouseMotion scene=combat
[DEBUG] Event: MouseMotion scene=combat
[DEBUG] Event: MouseButtonDown scene=combat
[DEBUG] Event: MouseMotion scene=combat
[DEBUG] Event: KeyUp scene=combat
[DEBUG] Event: MouseMotion scene=combat
[DEBUG] Event: MouseButtonUp scene=combat
[DEBUG] Event: MouseMotion scene=combat
[DEBUG] Event: MouseMotion scene=combat
[DEBUG] Event: MouseMotion scene=combat
[DEBUG] Event: MouseMotion scene=combat
[DEBUG] Event: MouseMotion scene=combat
[DEBUG] Event: MouseButtonDown scene=combat
[DEBUG] Event: MouseButtonUp scene=combat
[DEBUG] Event: MouseMotion scene=combat
[DEBUG] Event: MouseMotion scene=combat
[DEBUG] Event: KeyUp scene=combat
[DEBUG] Event: MouseButtonDown scene=combat
[DEBUG] Event: MouseButtonUp scene=combat
[DEBUG] frame=34320 scene=combat fps=61
[DEBUG] Event: MouseMotion scene=combat
[DEBUG] Event: MouseMotion scene=combat
[DEBUG] Event: MouseMotion scene=combat
[DEBUG] Event: MouseMotion scene=combat
[DEBUG] Event: MouseMotion scene=combat
[DEBUG] Event: MouseButtonDown scene=combat
[DEBUG] Event: MouseMotion scene=combat
[DEBUG] Event: MouseMotion scene=combat
[DEBUG] Event: MouseMotion scene=combat
[DEBUG] Event: MouseMotion scene=combat
[DEBUG] Event: MouseButtonUp scene=combat
[DEBUG] Event: MouseMotion scene=combat
[DEBUG] Event: KeyDown scene=combat
[DEBUG] Event: MouseMotion scene=combat
[DEBUG] Event: MouseMotion scene=combat
[DEBUG] Event: MouseMotion scene=combat
[DEBUG] Event: MouseMotion scene=combat
[DEBUG] Event: MouseButtonDown scene=combat
[DEBUG] Event: MouseButtonUp scene=combat
[DEBUG] Event: KeyUp scene=combat
[DEBUG] Event: MouseMotion scene=combat
[DEBUG] Event: MouseMotion scene=combat
[DEBUG] Event: MouseMotion scene=combat
[DEBUG] Event: MouseMotion scene=combat
[DEBUG] Event: MouseMotion scene=combat
[DEBUG] Event: MouseMotion scene=combat
[DEBUG] Event: MouseMotion scene=combat
[DEBUG] Event: MouseMotion scene=combat
[DEBUG] Event: MouseMotion scene=combat
[DEBUG] Event: MouseMotion scene=combat
[DEBUG] Event: MouseMotion scene=combat
[DEBUG] Event: KeyDown scene=combat
[DEBUG] Event: MouseButtonDown scene=combat
[DEBUG] Event: MouseMotion scene=combat
[DEBUG] Event: MouseMotion scene=combat
[DEBUG] Event: MouseMotion scene=combat
[DEBUG] Event: MouseMotion scene=combat
[DEBUG] Event: MouseButtonUp scene=combat
[DEBUG] Event: MouseMotion scene=combat
[DEBUG] Event: KeyDown scene=combat
[DEBUG] Event: MouseMotion scene=combat
[DEBUG] Event: MouseMotion scene=combat
[DEBUG] Event: MouseMotion scene=combat
[DEBUG] Event: MouseMotion scene=combat
[DEBUG] Event: MouseButtonDown scene=combat
[DEBUG] Event: MouseMotion scene=combat
[DEBUG] frame=34380 scene=combat fps=60
[DEBUG] Event: MouseButtonUp scene=combat
[DEBUG] Event: MouseMotion scene=combat
[DEBUG] Event: KeyUp scene=combat
[DEBUG] Event: MouseButtonDown scene=combat
[DEBUG] Event: MouseMotion scene=combat
[DEBUG] Event: MouseMotion scene=combat
[DEBUG] Event: MouseButtonUp scene=combat
[DEBUG] Event: MouseMotion scene=combat
[DEBUG] Event: MouseMotion scene=combat
[DEBUG] Event: MouseMotion scene=combat
[DEBUG] Event: MouseMotion scene=combat
[DEBUG] Event: KeyDown scene=combat
[DEBUG] Event: MouseButtonDown scene=combat
[DEBUG] Event: MouseMotion scene=combat
[DEBUG] Event: MouseMotion scene=combat
[DEBUG] Event: MouseMotion scene=combat
[DEBUG] Event: MouseMotion scene=combat
[DEBUG] Event: MouseMotion scene=combat
[DEBUG] Event: MouseButtonUp scene=combat
[DEBUG] Event: MouseMotion scene=combat
[DEBUG] Event: MouseMotion scene=combat
[DEBUG] Event: MouseMotion scene=combat
[DEBUG] Event: MouseButtonDown scene=combat
[DEBUG] Event: KeyUp scene=combat
[DEBUG] Event: MouseMotion scene=combat
[DEBUG] Event: MouseButtonUp scene=combat
[DEBUG] Event: MouseMotion scene=combat
[DEBUG] Event: MouseMotion scene=combat
[DEBUG] Event: MouseMotion scene=combat
[DEBUG] Event: MouseMotion scene=combat
[DEBUG] Event: MouseMotion scene=combat
[DEBUG] Event: MouseButtonDown scene=combat
[DEBUG] Event: KeyUp scene=combat
[DEBUG] Event: MouseMotion scene=combat
[DEBUG] Event: MouseButtonUp scene=combat
[DEBUG] Event: MouseMotion scene=combat
[DEBUG] Event: MouseMotion scene=combat
[DEBUG] Event: MouseMotion scene=combat
[DEBUG] Event: MouseMotion scene=combat
[DEBUG] Event: KeyDown scene=combat
[DEBUG] Event: MouseMotion scene=combat
[DEBUG] Event: MouseMotion scene=combat
[DEBUG] Event: MouseButtonDown scene=combat
[DEBUG] Event: KeyDown scene=combat
[DEBUG] Event: MouseMotion scene=combat
[DEBUG] Event: MouseMotion scene=combat
[DEBUG] Event: MouseMotion scene=combat
[DEBUG] Event: MouseMotion scene=combat
[DEBUG] Event: MouseButtonUp scene=combat
[DEBUG] frame=34440 scene=combat fps=61
[DEBUG] Event: KeyUp scene=combat
[DEBUG] Event: MouseButtonDown scene=combat
[DEBUG] Event: MouseButtonUp scene=combat
[DEBUG] Event: MouseButtonDown scene=combat
[DEBUG] Event: KeyDown scene=combat
[DEBUG] Event: MouseButtonUp scene=combat
[DEBUG] Event: MouseButtonDown scene=combat
[DEBUG] Event: KeyUp scene=combat
[DEBUG] Event: KeyDown scene=combat
[DEBUG] Event: MouseButtonUp scene=combat
[DEBUG] Event: MouseMotion scene=combat
[DEBUG] Event: MouseMotion scene=combat
[DEBUG] Event: MouseMotion scene=combat
[DEBUG] Event: MouseMotion scene=combat
[DEBUG] Event: MouseMotion scene=combat
[DEBUG] Event: MouseButtonDown scene=combat
[DEBUG] Event: KeyUp scene=combat
[DEBUG] Event: KeyUp scene=combat
[DEBUG] Event: MouseMotion scene=combat
[DEBUG] Event: MouseButtonUp scene=combat
[DEBUG] Event: MouseMotion scene=combat
[DEBUG] Event: MouseMotion scene=combat
[DEBUG] Event: MouseMotion scene=combat
[DEBUG] Event: MouseMotion scene=combat
[DEBUG] Event: MouseMotion scene=combat
[DEBUG] Event: MouseMotion scene=combat
[DEBUG] Event: MouseMotion scene=combat
[DEBUG] Event: MouseMotion scene=combat
[DEBUG] Event: MouseMotion scene=combat
[DEBUG] Event: MouseMotion scene=combat
[DEBUG] Event: MouseMotion scene=combat
[DEBUG] Event: MouseButtonDown scene=combat
[DEBUG] Event: MouseMotion scene=combat
[DEBUG] Event: KeyDown scene=combat
[DEBUG] Event: MouseMotion scene=combat
[DEBUG] Event: MouseMotion scene=combat
[DEBUG] Event: MouseMotion scene=combat
[DEBUG] Event: MouseMotion scene=combat
[DEBUG] Event: MouseMotion scene=combat
[DEBUG] frame=34500 scene=combat fps=61
[DEBUG] Event: MouseMotion scene=combat
[DEBUG] Event: MouseMotion scene=combat
[DEBUG] Event: MouseMotion scene=combat
[DEBUG] Event: MouseMotion scene=combat
[DEBUG] Event: MouseButtonUp scene=combat
[DEBUG] Event: MouseMotion scene=combat
[DEBUG] Event: MouseMotion scene=combat
[DEBUG] Event: MouseMotion scene=combat
[DEBUG] Event: MouseMotion scene=combat
[DEBUG] Event: MouseMotion scene=combat
[DEBUG] Event: MouseMotion scene=combat
[DEBUG] Event: MouseButtonDown scene=combat
[DEBUG] Event: MouseMotion scene=combat
[DEBUG] Event: KeyUp scene=combat
[DEBUG] Event: MouseMotion scene=combat
[DEBUG] Event: MouseMotion scene=combat
[DEBUG] Event: MouseMotion scene=combat
[DEBUG] Event: MouseMotion scene=combat
[DEBUG] Event: MouseMotion scene=combat
[DEBUG] Event: MouseMotion scene=combat
[DEBUG] Event: MouseMotion scene=combat
[DEBUG] Event: KeyDown scene=combat
[DEBUG] Event: MouseMotion scene=combat
[DEBUG] Event: MouseMotion scene=combat
[DEBUG] Event: MouseMotion scene=combat
[DEBUG] Event: KeyUp scene=combat
[DEBUG] Event: MouseButtonUp scene=combat
[DEBUG] Event: KeyDown scene=combat
[DEBUG] Event: MouseMotion scene=combat
[DEBUG] Event: MouseButtonDown scene=combat
[DEBUG] Event: MouseButtonUp scene=combat
[DEBUG] Event: MouseMotion scene=combat
[DEBUG] Event: KeyUp scene=combat
[DEBUG] Event: MouseMotion scene=combat
[DEBUG] Event: MouseMotion scene=combat
[DEBUG] Event: MouseButtonDown scene=combat
[DEBUG] Event: MouseButtonUp scene=combat
[DEBUG] Event: MouseMotion scene=combat
[DEBUG] Event: MouseMotion scene=combat
[DEBUG] Event: MouseMotion scene=combat
[DEBUG] Event: MouseButtonDown scene=combat
[DEBUG] Event: MouseMotion scene=combat
[DEBUG] frame=34560 scene=combat fps=61
[DEBUG] Event: MouseButtonUp scene=combat
[DEBUG] Event: MouseMotion scene=combat
[DEBUG] Event: MouseMotion scene=combat
[DEBUG] Event: KeyDown scene=combat
[DEBUG] Event: KeyDown scene=combat
[DEBUG] Event: MouseMotion scene=combat
[DEBUG] Event: MouseMotion scene=combat
[DEBUG] Event: MouseMotion scene=combat
[DEBUG] Event: KeyUp scene=combat
[DEBUG] Event: MouseMotion scene=combat
[DEBUG] Event: MouseMotion scene=combat
[DEBUG] Event: MouseMotion scene=combat
[DEBUG] Event: MouseMotion scene=combat
[DEBUG] Event: MouseMotion scene=combat
[DEBUG] Event: MouseMotion scene=combat
[DEBUG] Event: MouseMotion scene=combat
[DEBUG] Event: MouseMotion scene=combat
[DEBUG] Event: MouseMotion scene=combat
[DEBUG] Event: KeyDown scene=combat
[DEBUG] Event: KeyUp scene=combat
[DEBUG] Event: MouseMotion scene=combat
[DEBUG] Event: MouseMotion scene=combat
[DEBUG] Event: MouseMotion scene=combat
[DEBUG] Event: MouseMotion scene=combat
[DEBUG] Event: MouseMotion scene=combat
[DEBUG] Event: MouseMotion scene=combat
[DEBUG] Event: KeyUp scene=combat
[DEBUG] Event: MouseMotion scene=combat
[DEBUG] Event: MouseMotion scene=combat
[DEBUG] Event: MouseMotion scene=combat
[DEBUG] Event: MouseMotion scene=combat
[DEBUG] Event: MouseMotion scene=combat
[DEBUG] Event: KeyDown scene=combat
[DEBUG] Event: MouseMotion scene=combat
[DEBUG] Event: MouseMotion scene=combat
[DEBUG] Event: MouseMotion scene=combat
[DEBUG] Event: MouseMotion scene=combat
[DEBUG] Event: MouseMotion scene=combat
[DEBUG] Event: MouseMotion scene=combat
[DEBUG] Event: MouseMotion scene=combat
[DEBUG] Event: MouseMotion scene=combat
[DEBUG] frame=34620 scene=combat fps=61
[DEBUG] Event: MouseMotion scene=combat
[DEBUG] Event: MouseMotion scene=combat
[DEBUG] Event: MouseMotion scene=combat
[DEBUG] Event: MouseMotion scene=combat
[DEBUG] Event: MouseMotion scene=combat
[DEBUG] Event: MouseMotion scene=combat
[DEBUG] Event: MouseMotion scene=combat
[DEBUG] Event: MouseMotion scene=combat
[DEBUG] Event: MouseMotion scene=combat
[DEBUG] Event: MouseMotion scene=combat
[DEBUG] Event: MouseMotion scene=combat
[DEBUG] Event: MouseMotion scene=combat
[DEBUG] Event: MouseMotion scene=combat
[DEBUG] Event: MouseMotion scene=combat
[DEBUG] Event: MouseMotion scene=combat
[DEBUG] Event: MouseMotion scene=combat
[DEBUG] Event: MouseMotion scene=combat
[DEBUG] Event: MouseMotion scene=combat
[DEBUG] Event: MouseMotion scene=combat
[DEBUG] Event: MouseMotion scene=combat
[DEBUG] Event: MouseMotion scene=combat
[DEBUG] Event: MouseMotion scene=combat
[DEBUG] Event: MouseMotion scene=combat
[DEBUG] Event: MouseMotion scene=combat
[DEBUG] Event: MouseMotion scene=combat
[DEBUG] Event: MouseMotion scene=combat
[DEBUG] Event: MouseMotion scene=combat
[DEBUG] Event: MouseMotion scene=combat
[DEBUG] Event: MouseButtonDown scene=combat
[DEBUG] Event: MouseMotion scene=combat
[DEBUG] Event: KeyDown scene=combat
[DEBUG] Event: KeyUp scene=combat
[DEBUG] Event: MouseMotion scene=combat
[DEBUG] Event: MouseMotion scene=combat
[DEBUG] Event: MouseMotion scene=combat
[DEBUG] Event: MouseMotion scene=combat
[DEBUG] Event: MouseButtonUp scene=combat
[DEBUG] Event: MouseMotion scene=combat
[DEBUG] Event: MouseMotion scene=combat
[DEBUG] Event: MouseMotion scene=combat
[DEBUG] Event: KeyDown scene=combat
[DEBUG] Event: KeyUp scene=combat
[DEBUG] Event: MouseMotion scene=combat
[DEBUG] Event: MouseMotion scene=combat
[DEBUG] Event: MouseMotion scene=combat
[DEBUG] Event: MouseMotion scene=combat
[DEBUG] Event: KeyDown scene=combat
[DEBUG] frame=34680 scene=combat fps=60
[DEBUG] Event: MouseMotion scene=combat
[DEBUG] Event: MouseMotion scene=combat
[DEBUG] Event: MouseMotion scene=combat
[DEBUG] Event: MouseMotion scene=combat
[DEBUG] Event: MouseMotion scene=combat
[DEBUG] Event: MouseButtonDown scene=combat
[DEBUG] Event: MouseMotion scene=combat
[DEBUG] Event: KeyUp scene=combat
[DEBUG] Event: MouseMotion scene=combat
[DEBUG] Event: MouseMotion scene=combat
[DEBUG] Event: MouseMotion scene=combat
[DEBUG] Event: MouseMotion scene=combat
[DEBUG] Event: MouseMotion scene=combat
[DEBUG] Event: MouseButtonUp scene=combat
[DEBUG] Event: MouseMotion scene=combat
[DEBUG] Event: MouseMotion scene=combat
[DEBUG] Event: MouseMotion scene=combat
[DEBUG] Event: MouseMotion scene=combat
[DEBUG] Event: KeyDown scene=combat
[DEBUG] Event: MouseButtonDown scene=combat
[DEBUG] Event: MouseButtonUp scene=combat
[DEBUG] Event: MouseButtonDown scene=combat
[DEBUG] Event: KeyUp scene=combat
[DEBUG] Event: MouseMotion scene=combat
[DEBUG] Event: MouseMotion scene=combat
[DEBUG] Event: MouseButtonUp scene=combat
[DEBUG] Event: MouseMotion scene=combat
[DEBUG] Event: MouseMotion scene=combat
[DEBUG] Event: MouseMotion scene=combat
[DEBUG] Event: MouseMotion scene=combat
[DEBUG] Event: MouseMotion scene=combat
[DEBUG] Event: MouseMotion scene=combat
[DEBUG] Event: MouseButtonDown scene=combat
[DEBUG] Event: KeyDown scene=combat
[DEBUG] Event: KeyUp scene=combat
[DEBUG] Event: MouseMotion scene=combat
[DEBUG] Event: MouseButtonUp scene=combat
[DEBUG] Event: MouseMotion scene=combat
[DEBUG] Event: MouseMotion scene=combat
[DEBUG] Event: MouseMotion scene=combat
[DEBUG] Event: MouseMotion scene=combat
[DEBUG] frame=34740 scene=combat fps=61
[DEBUG] Event: KeyUp scene=combat
[DEBUG] Event: MouseButtonDown scene=combat
[DEBUG] Event: MouseMotion scene=combat
[DEBUG] Event: KeyDown scene=combat
[DEBUG] Event: MouseMotion scene=combat
[DEBUG] Event: MouseMotion scene=combat
[DEBUG] Event: MouseMotion scene=combat
[DEBUG] Event: MouseButtonUp scene=combat
[DEBUG] Event: MouseMotion scene=combat
[DEBUG] Event: MouseMotion scene=combat
[DEBUG] Event: MouseMotion scene=combat
[DEBUG] Event: MouseMotion scene=combat
[DEBUG] Event: MouseMotion scene=combat
[DEBUG] Event: MouseButtonDown scene=combat
[DEBUG] Event: MouseMotion scene=combat
[DEBUG] Event: MouseMotion scene=combat
[DEBUG] Event: MouseMotion scene=combat
[DEBUG] Event: MouseMotion scene=combat
[DEBUG] Event: MouseMotion scene=combat
[DEBUG] Event: MouseMotion scene=combat
[DEBUG] Event: KeyDown scene=combat
[DEBUG] Event: KeyUp scene=combat
[DEBUG] Event: MouseMotion scene=combat
[DEBUG] Event: MouseButtonUp scene=combat
[DEBUG] Event: MouseMotion scene=combat
[DEBUG] Event: MouseMotion scene=combat
[DEBUG] Event: MouseMotion scene=combat
[DEBUG] Event: MouseMotion scene=combat
[DEBUG] Event: MouseButtonDown scene=combat
[DEBUG] Event: MouseMotion scene=combat
[DEBUG] Event: MouseMotion scene=combat
[DEBUG] Event: MouseMotion scene=combat
[DEBUG] Event: MouseButtonUp scene=combat
[DEBUG] Event: MouseMotion scene=combat
[DEBUG] Event: MouseMotion scene=combat
[DEBUG] Event: MouseMotion scene=combat
[DEBUG] Event: MouseMotion scene=combat
[DEBUG] Event: MouseButtonDown scene=combat
[DEBUG] Event: MouseMotion scene=combat
[DEBUG] Event: MouseMotion scene=combat
[DEBUG] Event: MouseMotion scene=combat
[DEBUG] Event: KeyUp scene=combat
[DEBUG] Event: MouseMotion scene=combat
[DEBUG] Event: KeyDown scene=combat
[DEBUG] Event: MouseMotion scene=combat
[DEBUG] Event: MouseMotion scene=combat
[DEBUG] Event: MouseButtonUp scene=combat
[DEBUG] Event: MouseMotion scene=combat
[DEBUG] Event: KeyDown scene=combat
[DEBUG] Event: MouseMotion scene=combat
[DEBUG] Event: MouseButtonDown scene=combat
[DEBUG] Event: MouseMotion scene=combat
[DEBUG] Event: MouseMotion scene=combat
[DEBUG] Event: MouseMotion scene=combat
[DEBUG] Event: MouseMotion scene=combat
[DEBUG] Event: MouseButtonUp scene=combat
[DEBUG] Event: MouseMotion scene=combat
[DEBUG] Event: MouseMotion scene=combat
[DEBUG] Event: MouseMotion scene=combat
[DEBUG] Event: KeyUp scene=combat
[DEBUG] Event: MouseMotion scene=combat
[DEBUG] Event: MouseMotion scene=combat
[DEBUG] Event: MouseButtonDown scene=combat
[DEBUG] Event: MouseMotion scene=combat
[DEBUG] Event: MouseMotion scene=combat
[DEBUG] frame=34800 scene=combat fps=61
[DEBUG] Event: MouseMotion scene=combat
[DEBUG] Event: MouseMotion scene=combat
[DEBUG] Event: MouseMotion scene=combat
[DEBUG] Event: MouseButtonUp scene=combat
[DEBUG] Event: MouseMotion scene=combat
[DEBUG] Event: MouseMotion scene=combat
[DEBUG] Event: MouseButtonDown scene=combat
[DEBUG] Event: KeyUp scene=combat
[DEBUG] Event: KeyDown scene=combat
[DEBUG] Event: MouseButtonUp scene=combat
[DEBUG] Event: MouseButtonDown scene=combat
[DEBUG] Event: MouseMotion scene=combat
[DEBUG] Event: KeyUp scene=combat
[DEBUG] Event: MouseButtonUp scene=combat
[DEBUG] Event: KeyDown scene=combat
[DEBUG] Event: MouseMotion scene=combat
[DEBUG] Event: MouseMotion scene=combat
[DEBUG] Event: MouseMotion scene=combat
[DEBUG] Event: MouseButtonDown scene=combat
[DEBUG] Event: MouseMotion scene=combat
[DEBUG] Event: MouseMotion scene=combat
[DEBUG] Event: MouseButtonUp scene=combat
[DEBUG] Event: MouseMotion scene=combat
[DEBUG] Event: KeyUp scene=combat
[DEBUG] Event: MouseMotion scene=combat
[DEBUG] Event: KeyDown scene=combat
[DEBUG] Event: MouseButtonDown scene=combat
[DEBUG] Event: MouseButtonUp scene=combat
[DEBUG] Event: MouseMotion scene=combat
[DEBUG] Event: MouseMotion scene=combat
[DEBUG] Event: MouseButtonDown scene=combat
[DEBUG] Event: KeyUp scene=combat
[DEBUG] Event: MouseButtonUp scene=combat
[DEBUG] Event: MouseMotion scene=combat
[DEBUG] Event: MouseMotion scene=combat
[DEBUG] Event: KeyDown scene=combat
[DEBUG] Event: MouseMotion scene=combat
[DEBUG] frame=34860 scene=combat fps=60
[DEBUG] Event: MouseMotion scene=combat
[DEBUG] Event: MouseMotion scene=combat
[DEBUG] Event: MouseMotion scene=combat
[DEBUG] Event: MouseButtonDown scene=combat
[DEBUG] Event: KeyUp scene=combat
[DEBUG] Event: MouseMotion scene=combat
[DEBUG] Event: MouseButtonUp scene=combat
[DEBUG] Event: MouseMotion scene=combat
[DEBUG] Event: MouseMotion scene=combat
[DEBUG] Event: MouseMotion scene=combat
[DEBUG] Event: KeyDown scene=combat
[DEBUG] Event: MouseMotion scene=combat
[DEBUG] Event: MouseMotion scene=combat
[DEBUG] Event: MouseMotion scene=combat
[DEBUG] Event: MouseMotion scene=combat
[DEBUG] Event: KeyUp scene=combat
[DEBUG] Event: KeyDown scene=combat
[DEBUG] Event: MouseMotion scene=combat
[DEBUG] Event: MouseButtonDown scene=combat
[DEBUG] Event: KeyDown scene=combat
[DEBUG] Event: MouseMotion scene=combat
[DEBUG] Event: MouseMotion scene=combat
[DEBUG] Event: MouseButtonUp scene=combat
[DEBUG] Event: MouseMotion scene=combat
[DEBUG] Event: KeyUp scene=combat
[DEBUG] Event: MouseMotion scene=combat
[DEBUG] Event: MouseMotion scene=combat
[DEBUG] Event: MouseMotion scene=combat
[DEBUG] Event: KeyUp scene=combat
[DEBUG] Event: MouseMotion scene=combat
[DEBUG] Event: KeyDown scene=combat
[DEBUG] Event: MouseMotion scene=combat
[DEBUG] Event: MouseMotion scene=combat
[DEBUG] Event: MouseMotion scene=combat
[DEBUG] Event: MouseMotion scene=combat
[DEBUG] Event: MouseMotion scene=combat
[DEBUG] Event: MouseMotion scene=combat
[DEBUG] Event: MouseMotion scene=combat
[DEBUG] Event: MouseMotion scene=combat
[DEBUG] Event: MouseMotion scene=combat
[DEBUG] Event: MouseButtonDown scene=combat
[DEBUG] Event: MouseMotion scene=combat
[DEBUG] Event: KeyDown scene=combat
[DEBUG] Event: MouseMotion scene=combat
[DEBUG] Event: MouseMotion scene=combat
[DEBUG] Event: MouseButtonUp scene=combat
[DEBUG] Event: MouseMotion scene=combat
[DEBUG] Event: MouseMotion scene=combat
[DEBUG] Event: MouseMotion scene=combat
[DEBUG] Event: MouseMotion scene=combat
[DEBUG] Event: KeyUp scene=combat
[DEBUG] Event: MouseMotion scene=combat
[DEBUG] Event: MouseButtonDown scene=combat
[DEBUG] Event: MouseMotion scene=combat
[DEBUG] Event: MouseMotion scene=combat
[DEBUG] frame=34920 scene=combat fps=60
[DEBUG] Event: MouseMotion scene=combat
[DEBUG] Event: MouseMotion scene=combat
[DEBUG] Event: KeyDown scene=combat
[DEBUG] Event: MouseMotion scene=combat
[DEBUG] Event: MouseMotion scene=combat
[DEBUG] Event: MouseMotion scene=combat
[DEBUG] Event: MouseButtonUp scene=combat
[DEBUG] Event: MouseMotion scene=combat
[DEBUG] Event: MouseMotion scene=combat
[DEBUG] Event: MouseMotion scene=combat
[DEBUG] Event: MouseMotion scene=combat
[DEBUG] Event: KeyUp scene=combat
[DEBUG] Event: MouseMotion scene=combat
[DEBUG] Event: MouseButtonDown scene=combat
[DEBUG] Event: MouseMotion scene=combat
[DEBUG] Event: MouseButtonUp scene=combat
[DEBUG] Event: KeyUp scene=combat
[DEBUG] Event: MouseMotion scene=combat
[DEBUG] Event: MouseMotion scene=combat
[DEBUG] Event: MouseMotion scene=combat
[DEBUG] Event: MouseMotion scene=combat
[DEBUG] Event: MouseButtonDown scene=combat
[DEBUG] Event: MouseMotion scene=combat
[DEBUG] Event: MouseMotion scene=combat
[DEBUG] Event: MouseMotion scene=combat
[DEBUG] Event: MouseMotion scene=combat
[DEBUG] Event: MouseMotion scene=combat
[DEBUG] Event: MouseMotion scene=combat
[DEBUG] Event: MouseButtonUp scene=combat
[DEBUG] Event: MouseMotion scene=combat
[DEBUG] Event: MouseMotion scene=combat
[DEBUG] Event: KeyDown scene=combat
[DEBUG] Event: MouseMotion scene=combat
[DEBUG] Event: MouseMotion scene=combat
[DEBUG] Event: MouseButtonDown scene=combat
[DEBUG] Event: MouseMotion scene=combat
[DEBUG] Event: MouseMotion scene=combat
[DEBUG] Event: MouseMotion scene=combat
[DEBUG] Event: KeyUp scene=combat
[DEBUG] Event: MouseMotion scene=combat
[DEBUG] Event: MouseMotion scene=combat
[DEBUG] Event: MouseButtonUp scene=combat
[DEBUG] Event: MouseMotion scene=combat
[DEBUG] Event: MouseMotion scene=combat
[DEBUG] Event: MouseMotion scene=combat
[DEBUG] Event: MouseButtonDown scene=combat
[DEBUG] Event: MouseMotion scene=combat
[DEBUG] Event: MouseMotion scene=combat
[DEBUG] Event: MouseMotion scene=combat
[DEBUG] Event: MouseMotion scene=combat
[DEBUG] Event: MouseMotion scene=combat
[DEBUG] Event: MouseButtonUp scene=combat
[DEBUG] Event: MouseMotion scene=combat
[DEBUG] Event: KeyDown scene=combat
[DEBUG] Event: MouseMotion scene=combat
[DEBUG] Event: MouseMotion scene=combat
[DEBUG] Event: MouseMotion scene=combat
[DEBUG] Event: MouseMotion scene=combat
[DEBUG] Event: MouseMotion scene=combat
[DEBUG] Event: MouseMotion scene=combat
[DEBUG] frame=34980 scene=combat fps=60
[DEBUG] Event: KeyUp scene=combat
[DEBUG] Event: KeyDown scene=combat
[DEBUG] Event: KeyDown scene=combat
[DEBUG] Event: MouseMotion scene=combat
[DEBUG] Event: MouseMotion scene=combat
[DEBUG] Event: MouseMotion scene=combat
[DEBUG] Event: MouseMotion scene=combat
[DEBUG] Event: MouseMotion scene=combat
[DEBUG] Event: KeyUp scene=combat
[DEBUG] Event: KeyUp scene=combat
[DEBUG] Event: MouseMotion scene=combat
[DEBUG] Event: MouseMotion scene=combat
[DEBUG] Event: MouseMotion scene=combat
[DEBUG] Event: MouseMotion scene=combat
[DEBUG] Event: MouseMotion scene=combat
[DEBUG] Event: MouseMotion scene=combat
[DEBUG] Event: KeyDown scene=combat
[DEBUG] Event: MouseMotion scene=combat
[DEBUG] Event: MouseMotion scene=combat
[DEBUG] Event: MouseMotion scene=combat
[DEBUG] Event: MouseMotion scene=combat
[DEBUG] Event: MouseMotion scene=combat
[DEBUG] Event: MouseMotion scene=combat
[DEBUG] Event: KeyUp scene=combat
[DEBUG] Event: KeyDown scene=combat
[DEBUG] Event: MouseMotion scene=combat
[DEBUG] Event: MouseMotion scene=combat
[DEBUG] Event: MouseMotion scene=combat
[DEBUG] Event: MouseMotion scene=combat
[DEBUG] Event: MouseMotion scene=combat
[DEBUG] Event: MouseMotion scene=combat
[DEBUG] frame=35040 scene=combat fps=61
[DEBUG] Event: KeyUp scene=combat
[DEBUG] Event: MouseMotion scene=combat
[DEBUG] Event: MouseMotion scene=combat
[DEBUG] Event: MouseMotion scene=combat
[DEBUG] Event: MouseMotion scene=combat
[DEBUG] Event: MouseMotion scene=combat
[DEBUG] Event: MouseMotion scene=combat
[DEBUG] Event: KeyDown scene=combat
[DEBUG] Event: MouseMotion scene=combat
[DEBUG] Event: MouseMotion scene=combat
[DEBUG] Event: MouseMotion scene=combat
[DEBUG] Event: MouseMotion scene=combat
[DEBUG] Event: MouseMotion scene=combat
[DEBUG] Event: MouseMotion scene=combat
[DEBUG] Event: MouseMotion scene=combat
[DEBUG] Event: MouseMotion scene=combat
[DEBUG] Event: MouseMotion scene=combat
[DEBUG] Event: MouseMotion scene=combat
[DEBUG] Event: MouseMotion scene=combat
[DEBUG] Event: MouseMotion scene=combat
[DEBUG] Event: MouseMotion scene=combat
[DEBUG] Event: MouseMotion scene=combat
[DEBUG] Event: MouseMotion scene=combat
[DEBUG] Event: MouseMotion scene=combat
[DEBUG] Event: MouseMotion scene=combat
[DEBUG] Event: MouseMotion scene=combat
[DEBUG] Event: MouseMotion scene=combat
[DEBUG] Event: MouseMotion scene=combat
[DEBUG] Event: MouseMotion scene=combat
[DEBUG] Event: MouseMotion scene=combat
[DEBUG] Event: MouseMotion scene=combat
[DEBUG] Event: MouseMotion scene=combat
[DEBUG] Event: MouseMotion scene=combat
[DEBUG] Event: MouseMotion scene=combat
[DEBUG] Event: MouseMotion scene=combat
[DEBUG] Event: MouseMotion scene=combat
[DEBUG] frame=35100 scene=combat fps=61
[DEBUG] Event: KeyUp scene=combat
[DEBUG] frame=35160 scene=combat fps=62
[DEBUG] Event: KeyDown scene=combat
[DEBUG] Event: KeyUp scene=combat
[DEBUG] frame=35220 scene=combat fps=59
[DEBUG] Event: MouseMotion scene=combat
[DEBUG] Event: MouseMotion scene=combat
[DEBUG] Event: MouseMotion scene=combat
[DEBUG] Event: MouseMotion scene=combat
[DEBUG] Event: MouseMotion scene=combat
[DEBUG] Event: MouseMotion scene=combat
[DEBUG] Event: MouseMotion scene=combat
[DEBUG] Event: MouseMotion scene=combat
[DEBUG] Event: MouseMotion scene=combat
[DEBUG] Event: MouseMotion scene=combat
[DEBUG] Event: MouseMotion scene=combat
[DEBUG] Event: MouseMotion scene=combat
[DEBUG] Event: MouseMotion scene=combat
[DEBUG] Event: MouseMotion scene=combat
[DEBUG] Event: MouseMotion scene=combat
[DEBUG] Event: MouseMotion scene=combat
[DEBUG] Event: MouseMotion scene=combat
[DEBUG] Event: MouseMotion scene=combat
[DEBUG] Event: MouseMotion scene=combat
[DEBUG] Event: MouseMotion scene=combat
[DEBUG] Event: MouseMotion scene=combat
[DEBUG] Event: MouseMotion scene=combat
[DEBUG] Event: MouseMotion scene=combat
[DEBUG] Event: MouseMotion scene=combat
[DEBUG] Event: MouseMotion scene=combat
[DEBUG] Event: MouseMotion scene=combat
[DEBUG] frame=35280 scene=combat fps=61
[DEBUG] Event: MouseMotion scene=combat
[DEBUG] Event: MouseMotion scene=combat
[DEBUG] Event: MouseMotion scene=combat
[DEBUG] Event: MouseMotion scene=combat
[DEBUG] Event: MouseMotion scene=combat
[DEBUG] Event: MouseMotion scene=combat
[DEBUG] Event: MouseMotion scene=combat
[DEBUG] Event: MouseMotion scene=combat
[DEBUG] Event: MouseMotion scene=combat
[DEBUG] Event: MouseMotion scene=combat
[DEBUG] Event: MouseMotion scene=combat
[DEBUG] Event: MouseMotion scene=combat
[DEBUG] Event: MouseMotion scene=combat
[DEBUG] Event: MouseMotion scene=combat
[DEBUG] Event: MouseMotion scene=combat
[DEBUG] Event: MouseMotion scene=combat
[DEBUG] Event: MouseMotion scene=combat
[DEBUG] Event: MouseMotion scene=combat
[DEBUG] Event: MouseMotion scene=combat
[DEBUG] Event: MouseMotion scene=combat
[DEBUG] Event: MouseMotion scene=combat
[DEBUG] Event: MouseMotion scene=combat
[DEBUG] Event: MouseMotion scene=combat
[DEBUG] Event: MouseMotion scene=combat
[DEBUG] Event: MouseMotion scene=combat
[DEBUG] Event: MouseMotion scene=combat
[DEBUG] Event: MouseMotion scene=combat
[DEBUG] Event: MouseMotion scene=combat
[DEBUG] Event: MouseMotion scene=combat
[DEBUG] Event: MouseMotion scene=combat
[DEBUG] Event: MouseMotion scene=combat
[DEBUG] Event: MouseMotion scene=combat
[DEBUG] Event: MouseMotion scene=combat
[DEBUG] Event: MouseMotion scene=combat
[DEBUG] Event: MouseMotion scene=combat
[DEBUG] Event: MouseMotion scene=combat
[DEBUG] Event: MouseMotion scene=combat
[DEBUG] Event: MouseMotion scene=combat
[DEBUG] Event: MouseMotion scene=combat
[DEBUG] Event: MouseMotion scene=combat
[DEBUG] Event: MouseMotion scene=combat
[DEBUG] Event: MouseMotion scene=combat
[DEBUG] Event: MouseMotion scene=combat
[DEBUG] Event: MouseMotion scene=combat
[DEBUG] Event: MouseMotion scene=combat
[DEBUG] Event: MouseMotion scene=combat
[DEBUG] Event: MouseMotion scene=combat
[DEBUG] Event: MouseMotion scene=combat
[DEBUG] Event: MouseMotion scene=combat
[DEBUG] Event: MouseMotion scene=combat
[DEBUG] Event: MouseMotion scene=combat
[DEBUG] Event: MouseMotion scene=combat
[DEBUG] Event: MouseMotion scene=combat
[DEBUG] Event: MouseMotion scene=combat
[DEBUG] Event: MouseMotion scene=combat
[DEBUG] Event: MouseMotion scene=combat
[DEBUG] Event: MouseMotion scene=combat
[DEBUG] Event: MouseMotion scene=combat
[DEBUG] Event: MouseMotion scene=combat
[DEBUG] frame=35340 scene=combat fps=60
[DEBUG] Event: MouseMotion scene=combat
[DEBUG] Event: MouseMotion scene=combat
[DEBUG] Event: MouseMotion scene=combat
[DEBUG] Event: MouseMotion scene=combat
[DEBUG] Event: MouseMotion scene=combat
[DEBUG] Event: MouseMotion scene=combat
[DEBUG] Event: MouseMotion scene=combat
[DEBUG] Event: MouseMotion scene=combat
[DEBUG] Event: MouseMotion scene=combat
[DEBUG] Event: MouseMotion scene=combat
[DEBUG] Event: MouseMotion scene=combat
[DEBUG] Event: MouseMotion scene=combat
[DEBUG] Event: MouseMotion scene=combat
[DEBUG] Event: MouseMotion scene=combat
[DEBUG] Event: MouseMotion scene=combat
[DEBUG] Event: MouseMotion scene=combat
[DEBUG] Event: MouseMotion scene=combat
[DEBUG] Event: MouseMotion scene=combat
[DEBUG] Event: MouseMotion scene=combat
[DEBUG] Event: MouseMotion scene=combat
[DEBUG] Event: MouseMotion scene=combat
[DEBUG] Event: MouseMotion scene=combat
[DEBUG] Event: MouseMotion scene=combat
[DEBUG] Event: MouseMotion scene=combat
[DEBUG] Event: MouseMotion scene=combat
[DEBUG] frame=35400 scene=combat fps=61
[DEBUG] Event: MouseMotion scene=combat
[DEBUG] Event: MouseMotion scene=combat
[DEBUG] Event: MouseMotion scene=combat
[DEBUG] Event: MouseMotion scene=combat
[DEBUG] Event: MouseMotion scene=combat
[DEBUG] Event: MouseMotion scene=combat
[DEBUG] Event: MouseMotion scene=combat
[DEBUG] Event: MouseMotion scene=combat
[DEBUG] Event: MouseMotion scene=combat
[DEBUG] Event: MouseMotion scene=combat
[DEBUG] Event: MouseMotion scene=combat
[DEBUG] Event: MouseMotion scene=combat
[DEBUG] Event: MouseMotion scene=combat
[DEBUG] Event: MouseMotion scene=combat
[DEBUG] Event: MouseMotion scene=combat
[DEBUG] Event: MouseMotion scene=combat
[DEBUG] Event: MouseMotion scene=combat
[DEBUG] Event: MouseMotion scene=combat
[DEBUG] Event: MouseMotion scene=combat
[DEBUG] Event: MouseMotion scene=combat
[DEBUG] frame=35460 scene=combat fps=61
[DEBUG] Event: MouseMotion scene=combat
[DEBUG] Event: KeyDown scene=combat
[DEBUG] Event: MouseMotion scene=combat
[DEBUG] Event: MouseMotion scene=combat
[DEBUG] Event: MouseMotion scene=combat
[DEBUG] Event: MouseMotion scene=combat
[DEBUG] Event: MouseMotion scene=combat
[DEBUG] Event: MouseMotion scene=combat
[DEBUG] Event: MouseMotion scene=combat
[DEBUG] Event: MouseMotion scene=combat
[DEBUG] Event: MouseMotion scene=combat
[DEBUG] Event: MouseMotion scene=combat
[DEBUG] Event: MouseMotion scene=combat
[DEBUG] Event: KeyDown scene=combat
[DEBUG] Event: MouseMotion scene=combat
[DEBUG] Event: MouseMotion scene=combat
[DEBUG] Event: MouseMotion scene=combat
[DEBUG] Event: MouseMotion scene=combat
[DEBUG] Event: MouseMotion scene=combat
[DEBUG] Event: MouseMotion scene=combat
[DEBUG] Event: MouseMotion scene=combat
[DEBUG] Event: MouseMotion scene=combat
[DEBUG] Event: MouseMotion scene=combat
[DEBUG] Event: MouseMotion scene=combat
[DEBUG] Event: MouseMotion scene=combat
[DEBUG] Event: MouseMotion scene=combat
[DEBUG] Event: MouseMotion scene=combat
[DEBUG] Event: MouseMotion scene=combat
[DEBUG] Event: MouseMotion scene=combat
[DEBUG] Event: MouseMotion scene=combat
[DEBUG] Event: MouseMotion scene=combat
[DEBUG] Event: MouseMotion scene=combat
[DEBUG] Event: MouseMotion scene=combat
[DEBUG] Event: MouseMotion scene=combat
[DEBUG] Event: MouseMotion scene=combat
[DEBUG] Event: MouseMotion scene=combat
[DEBUG] Event: MouseMotion scene=combat
[DEBUG] Event: MouseMotion scene=combat
[DEBUG] Event: MouseMotion scene=combat
[DEBUG] Event: MouseMotion scene=combat
[DEBUG] Event: KeyUp scene=combat
[DEBUG] Event: MouseMotion scene=combat
[DEBUG] Event: KeyUp scene=combat
[DEBUG] Event: MouseMotion scene=combat
[DEBUG] Event: MouseMotion scene=combat
[DEBUG] Event: MouseMotion scene=combat
[DEBUG] Event: MouseMotion scene=combat
[DEBUG] frame=35520 scene=combat fps=60
[DEBUG] frame=35580 scene=combat fps=61
[DEBUG] frame=35640 scene=combat fps=60
[DEBUG] frame=35700 scene=combat fps=61
[DEBUG] frame=35760 scene=combat fps=60
[DEBUG] frame=35820 scene=combat fps=60
[DEBUG] frame=35880 scene=combat fps=61
[DEBUG] frame=35940 scene=combat fps=61
[DEBUG] frame=36000 scene=combat fps=59
[DEBUG] frame=36060 scene=combat fps=60
[DEBUG] Event: MouseMotion scene=combat
[DEBUG] Event: MouseMotion scene=combat
[DEBUG] Event: MouseMotion scene=combat
[DEBUG] Event: ActiveEvent scene=combat
[DEBUG] Event: WindowLeave scene=combat
[DEBUG] Event: ActiveEvent scene=combat
[DEBUG] Event: WindowEnter scene=combat
[DEBUG] Event: MouseMotion scene=combat
[DEBUG] Event: MouseMotion scene=combat
[DEBUG] Event: MouseMotion scene=combat
[DEBUG] Event: MouseMotion scene=combat
[DEBUG] Event: MouseMotion scene=combat
[DEBUG] Event: MouseMotion scene=combat
[DEBUG] Event: MouseMotion scene=combat
[DEBUG] Event: MouseMotion scene=combat
[DEBUG] Event: MouseMotion scene=combat
[DEBUG] Event: MouseMotion scene=combat
[DEBUG] Event: MouseMotion scene=combat
[DEBUG] Event: MouseMotion scene=combat
[DEBUG] Event: MouseMotion scene=combat
[DEBUG] Event: MouseMotion scene=combat
[DEBUG] frame=36120 scene=combat fps=61
[DEBUG] Event: MouseMotion scene=combat
[DEBUG] Event: MouseMotion scene=combat
[DEBUG] Event: MouseMotion scene=combat
[DEBUG] Event: MouseMotion scene=combat
[DEBUG] Event: MouseMotion scene=combat
[DEBUG] Event: MouseMotion scene=combat
[DEBUG] Event: MouseMotion scene=combat
[DEBUG] Event: MouseMotion scene=combat
[DEBUG] Event: MouseMotion scene=combat
[DEBUG] Event: MouseMotion scene=combat
[DEBUG] Event: MouseMotion scene=combat
[DEBUG] Event: MouseMotion scene=combat
[DEBUG] Event: MouseMotion scene=combat
[DEBUG] Event: MouseMotion scene=combat
[DEBUG] Event: MouseMotion scene=combat
[DEBUG] Event: MouseMotion scene=combat
[DEBUG] Event: MouseMotion scene=combat
[DEBUG] Event: MouseMotion scene=combat
[DEBUG] Event: MouseMotion scene=combat
[DEBUG] Event: MouseMotion scene=combat
[DEBUG] Event: MouseMotion scene=combat
[DEBUG] Event: MouseMotion scene=combat
[DEBUG] Event: MouseMotion scene=combat
[DEBUG] Event: MouseMotion scene=combat
[DEBUG] Event: MouseMotion scene=combat
[DEBUG] Event: MouseMotion scene=combat
[DEBUG] Event: MouseMotion scene=combat
[DEBUG] Event: MouseMotion scene=combat
[DEBUG] Event: MouseMotion scene=combat
[DEBUG] Event: MouseMotion scene=combat
[DEBUG] Event: MouseMotion scene=combat
[DEBUG] Event: KeyDown scene=combat
[DEBUG] Event: MouseMotion scene=combat
[DEBUG] Event: MouseMotion scene=combat
[DEBUG] Event: MouseMotion scene=combat
[DEBUG] Event: MouseMotion scene=combat
[DEBUG] frame=36180 scene=combat fps=61
[DEBUG] Event: MouseMotion scene=combat
[DEBUG] Event: MouseMotion scene=combat
[DEBUG] Event: MouseMotion scene=combat
[DEBUG] Event: MouseMotion scene=combat
[DEBUG] Event: MouseMotion scene=combat
[DEBUG] Event: MouseMotion scene=combat
[DEBUG] Event: MouseMotion scene=combat
[DEBUG] Event: MouseMotion scene=combat
[DEBUG] Event: MouseMotion scene=combat
[DEBUG] Event: MouseMotion scene=combat
[DEBUG] Event: MouseMotion scene=combat
[DEBUG] Event: MouseMotion scene=combat
[DEBUG] Event: MouseMotion scene=combat
[DEBUG] Event: MouseMotion scene=combat
[DEBUG] Event: MouseMotion scene=combat
[DEBUG] Event: MouseMotion scene=combat
[DEBUG] Event: MouseMotion scene=combat
[DEBUG] Event: MouseMotion scene=combat
[DEBUG] Event: MouseMotion scene=combat
[DEBUG] Event: MouseMotion scene=combat
[DEBUG] Event: MouseMotion scene=combat
[DEBUG] Event: MouseMotion scene=combat
[DEBUG] Event: MouseMotion scene=combat
[DEBUG] Event: MouseMotion scene=combat
[DEBUG] Event: MouseMotion scene=combat
[DEBUG] Event: MouseMotion scene=combat
[DEBUG] Event: MouseMotion scene=combat
[DEBUG] frame=36240 scene=combat fps=60
[DEBUG] Event: KeyDown scene=combat
[DEBUG] Event: MouseMotion scene=combat
[DEBUG] Event: MouseMotion scene=combat
[DEBUG] Event: MouseMotion scene=combat
[DEBUG] Event: MouseMotion scene=combat
[DEBUG] Event: MouseMotion scene=combat
[DEBUG] Event: MouseMotion scene=combat
[DEBUG] Event: MouseMotion scene=combat
[DEBUG] Event: MouseMotion scene=combat
[DEBUG] Event: MouseMotion scene=combat
[DEBUG] Event: MouseMotion scene=combat
[DEBUG] Event: MouseMotion scene=combat
[DEBUG] Event: MouseMotion scene=combat
[DEBUG] Event: MouseMotion scene=combat
[DEBUG] Event: MouseMotion scene=combat
[DEBUG] Event: MouseMotion scene=combat
[DEBUG] Event: MouseMotion scene=combat
[DEBUG] Event: MouseMotion scene=combat
[DEBUG] Event: MouseMotion scene=combat
[DEBUG] Event: MouseMotion scene=combat
[DEBUG] Event: MouseMotion scene=combat
[DEBUG] Event: MouseMotion scene=combat
[DEBUG] Event: MouseMotion scene=combat
[DEBUG] Event: MouseMotion scene=combat
[DEBUG] Event: MouseMotion scene=combat
[DEBUG] Event: MouseMotion scene=combat
[DEBUG] Event: KeyUp scene=combat
[DEBUG] Event: MouseMotion scene=combat
[DEBUG] Event: KeyUp scene=combat
[DEBUG] Event: MouseMotion scene=combat
[DEBUG] Event: MouseMotion scene=combat
[DEBUG] Event: MouseMotion scene=combat
[DEBUG] frame=36300 scene=combat fps=61
[DEBUG] Event: KeyDown scene=combat
[DEBUG] Event: MouseMotion scene=combat
[DEBUG] Event: MouseMotion scene=combat
[DEBUG] Event: KeyUp scene=combat
[DEBUG] Event: MouseMotion scene=combat
[DEBUG] Event: MouseMotion scene=combat
[DEBUG] Event: MouseMotion scene=combat
[DEBUG] Event: MouseMotion scene=combat
[DEBUG] Event: MouseMotion scene=combat
[DEBUG] Event: MouseMotion scene=combat
[DEBUG] Event: MouseMotion scene=combat
[DEBUG] Event: KeyDown scene=combat
[DEBUG] Event: KeyUp scene=combat
[DEBUG] frame=36360 scene=combat fps=60
[DEBUG] Event: MouseMotion scene=combat
[DEBUG] Event: MouseMotion scene=combat
[DEBUG] Event: KeyDown scene=combat
[DEBUG] Event: KeyUp scene=combat
[DEBUG] Event: MouseMotion scene=combat
[DEBUG] Event: MouseMotion scene=combat
[DEBUG] Event: MouseMotion scene=combat
[DEBUG] Event: MouseMotion scene=combat
[DEBUG] Event: MouseMotion scene=combat
[DEBUG] Event: MouseMotion scene=combat
[DEBUG] Event: MouseMotion scene=combat
[DEBUG] Event: MouseMotion scene=combat
[DEBUG] Event: MouseMotion scene=combat
[DEBUG] Event: MouseMotion scene=combat
[DEBUG] frame=36420 scene=combat fps=58
[DEBUG] frame=36480 scene=combat fps=60
[DEBUG] frame=36540 scene=combat fps=60
[DEBUG] frame=36600 scene=combat fps=61
[DEBUG] Event: MouseMotion scene=combat
[DEBUG] Event: MouseMotion scene=combat
[DEBUG] Event: MouseMotion scene=combat
[DEBUG] Event: MouseMotion scene=combat
[DEBUG] Event: MouseMotion scene=combat
[DEBUG] Event: MouseMotion scene=combat
[DEBUG] Event: MouseMotion scene=combat
[DEBUG] Event: MouseMotion scene=combat
[DEBUG] Event: MouseMotion scene=combat
[DEBUG] Event: MouseMotion scene=combat
[DEBUG] Event: MouseMotion scene=combat
[DEBUG] Event: MouseMotion scene=combat
[DEBUG] Event: MouseMotion scene=combat
[DEBUG] Event: MouseMotion scene=combat
[DEBUG] Event: MouseMotion scene=combat
[DEBUG] Event: MouseMotion scene=combat
[DEBUG] Event: MouseMotion scene=combat
[DEBUG] Event: MouseMotion scene=combat
[DEBUG] Event: MouseMotion scene=combat
[DEBUG] Event: MouseMotion scene=combat
[DEBUG] Event: MouseMotion scene=combat
[DEBUG] frame=36660 scene=combat fps=13
[DEBUG] Event: MouseMotion scene=combat
[DEBUG] Event: MouseButtonDown scene=combat
[DEBUG] Event: MouseButtonUp scene=combat
[DEBUG] Event: MouseMotion scene=combat
[DEBUG] Event: MouseMotion scene=combat
[DEBUG] Event: MouseButtonDown scene=combat
[DEBUG] Event: MouseMotion scene=combat
[DEBUG] Event: MouseButtonUp scene=combat
[DEBUG] Event: MouseMotion scene=combat
[DEBUG] Event: MouseMotion scene=combat
[DEBUG] Event: KeyDown scene=combat
[DEBUG] Event: KeyUp scene=combat
[DEBUG] Event: MouseButtonDown scene=combat
[DEBUG] Event: MouseMotion scene=combat
[DEBUG] Event: MouseButtonUp scene=combat
[DEBUG] Event: MouseMotion scene=combat
[DEBUG] Event: MouseMotion scene=combat
[DEBUG] Event: MouseMotion scene=combat
[DEBUG] Event: MouseMotion scene=combat
[DEBUG] Event: MouseMotion scene=combat
[DEBUG] Event: MouseMotion scene=combat
[DEBUG] Event: MouseMotion scene=combat
[DEBUG] Event: MouseMotion scene=combat
[DEBUG] Event: MouseMotion scene=combat
[DEBUG] Event: MouseMotion scene=combat
[DEBUG] Event: MouseMotion scene=combat
[DEBUG] Event: MouseMotion scene=combat
[DEBUG] Event: MouseMotion scene=combat
[DEBUG] Event: MouseMotion scene=combat
[DEBUG] Event: MouseMotion scene=combat
[DEBUG] Event: MouseMotion scene=combat
[DEBUG] Event: MouseMotion scene=combat
[DEBUG] Event: MouseMotion scene=combat
[DEBUG] Event: MouseMotion scene=combat
[DEBUG] Event: MouseMotion scene=combat
[DEBUG] Event: MouseMotion scene=combat
[DEBUG] Event: MouseMotion scene=combat
[DEBUG] Event: MouseMotion scene=combat
[DEBUG] Event: MouseMotion scene=combat
[DEBUG] Event: MouseMotion scene=combat
[DEBUG] Event: MouseMotion scene=combat
[DEBUG] Event: MouseMotion scene=combat
[DEBUG] Event: MouseMotion scene=combat
[DEBUG] Event: MouseMotion scene=combat
[DEBUG] frame=36720 scene=combat fps=13
[DEBUG] Event: MouseMotion scene=combat
[DEBUG] Event: MouseMotion scene=combat
[DEBUG] Event: MouseMotion scene=combat
[DEBUG] Event: MouseMotion scene=combat
[DEBUG] Event: MouseMotion scene=combat
[DEBUG] Event: MouseMotion scene=combat
[DEBUG] Event: MouseMotion scene=combat
[DEBUG] Event: MouseMotion scene=combat
[DEBUG] Event: MouseMotion scene=combat
[DEBUG] Event: MouseMotion scene=combat
[DEBUG] Event: MouseButtonDown scene=combat
[DEBUG] Event: MouseButtonUp scene=combat
[DEBUG] Event: MouseMotion scene=combat
[DEBUG] Event: MouseMotion scene=combat
[DEBUG] Event: MouseMotion scene=combat
[DEBUG] Event: MouseMotion scene=combat
[DEBUG] Event: MouseMotion scene=combat
[DEBUG] Event: MouseMotion scene=combat
[DEBUG] Event: MouseMotion scene=combat
[DEBUG] Event: MouseMotion scene=combat
[DEBUG] Event: MouseMotion scene=combat
[DEBUG] Event: MouseMotion scene=combat
[DEBUG] Event: MouseMotion scene=combat
[DEBUG] Event: MouseMotion scene=combat
[DEBUG] Event: MouseMotion scene=combat
[DEBUG] Event: MouseMotion scene=combat
[DEBUG] Event: MouseMotion scene=combat
[DEBUG] Event: MouseMotion scene=combat
[DEBUG] Event: MouseMotion scene=combat
[DEBUG] Event: MouseMotion scene=combat
[DEBUG] Event: MouseMotion scene=combat
[DEBUG] Event: MouseMotion scene=combat
[DEBUG] Event: MouseMotion scene=combat
[DEBUG] Event: MouseMotion scene=combat
[DEBUG] Event: MouseMotion scene=combat
[DEBUG] Event: MouseMotion scene=combat
[DEBUG] Event: MouseMotion scene=combat
[DEBUG] Event: MouseMotion scene=combat
[DEBUG] Event: MouseMotion scene=combat
[DEBUG] Event: KeyDown scene=combat
[DEBUG] frame=36780 scene=combat fps=14
[DEBUG] Event: KeyUp scene=combat
[DEBUG] Event: MouseMotion scene=combat
[DEBUG] Event: KeyDown scene=combat
[DEBUG] Event: MouseMotion scene=combat
[DEBUG] Event: MouseMotion scene=combat
[DEBUG] Event: MouseMotion scene=combat
[DEBUG] Event: MouseMotion scene=combat
[DEBUG] Event: MouseMotion scene=combat
[DEBUG] Event: KeyUp scene=combat
[DEBUG] Event: MouseMotion scene=combat
[DEBUG] Event: MouseMotion scene=combat
[DEBUG] Event: MouseMotion scene=combat
[DEBUG] Event: MouseMotion scene=combat
[DEBUG] Event: KeyDown scene=combat
[DEBUG] Event: MouseMotion scene=combat
[DEBUG] Event: MouseMotion scene=combat
[DEBUG] Event: MouseMotion scene=combat
[DEBUG] Event: KeyDown scene=combat
[DEBUG] Event: MouseMotion scene=combat
[DEBUG] Event: MouseMotion scene=combat
[DEBUG] Event: MouseMotion scene=combat
[DEBUG] Event: MouseMotion scene=combat
[DEBUG] Event: KeyUp scene=combat
[DEBUG] Event: MouseMotion scene=combat
[DEBUG] Event: KeyDown scene=combat
[DEBUG] Event: MouseMotion scene=combat
[DEBUG] Event: KeyUp scene=combat
[DEBUG] Event: MouseMotion scene=combat
[DEBUG] Event: KeyDown scene=combat
[DEBUG] Event: MouseMotion scene=combat
[DEBUG] Event: KeyUp scene=combat
[DEBUG] Event: MouseButtonDown scene=combat
[DEBUG] Event: KeyDown scene=combat
[DEBUG] Event: MouseMotion scene=combat
[DEBUG] Event: MouseMotion scene=combat
[DEBUG] Event: MouseButtonUp scene=combat
[DEBUG] Event: MouseMotion scene=combat
[DEBUG] Event: MouseMotion scene=combat
[DEBUG] Event: KeyUp scene=combat
[DEBUG] Event: KeyUp scene=combat
[DEBUG] Event: MouseMotion scene=combat
[DEBUG] Event: MouseMotion scene=combat
[DEBUG] Event: MouseMotion scene=combat
[DEBUG] Event: MouseMotion scene=combat
[DEBUG] Event: MouseMotion scene=combat
[DEBUG] Event: MouseMotion scene=combat
[DEBUG] Event: MouseMotion scene=combat
[DEBUG] Event: MouseMotion scene=combat
[DEBUG] Event: MouseMotion scene=combat
[DEBUG] Event: MouseMotion scene=combat
[DEBUG] Event: MouseMotion scene=combat
[DEBUG] Event: MouseMotion scene=combat
[DEBUG] frame=36840 scene=combat fps=14
[DEBUG] Event: MouseMotion scene=combat
[DEBUG] Event: MouseMotion scene=combat
[DEBUG] Event: MouseMotion scene=combat
[DEBUG] Event: MouseMotion scene=combat
[DEBUG] Event: MouseMotion scene=combat
[DEBUG] Event: MouseMotion scene=combat
[DEBUG] Event: MouseMotion scene=combat
[DEBUG] Event: MouseMotion scene=combat
[DEBUG] Event: MouseMotion scene=combat
[DEBUG] Event: MouseMotion scene=combat
[DEBUG] Event: MouseMotion scene=combat
[DEBUG] Event: MouseMotion scene=combat
[DEBUG] Event: MouseMotion scene=combat
[DEBUG] Event: MouseMotion scene=combat
[DEBUG] Event: MouseMotion scene=combat
[DEBUG] Event: MouseButtonDown scene=combat
[DEBUG] Event: MouseButtonUp scene=combat
[DEBUG] Event: MouseMotion scene=combat
[DEBUG] Event: MouseMotion scene=combat
[DEBUG] Event: MouseMotion scene=combat
[DEBUG] Event: MouseMotion scene=combat
[DEBUG] Event: MouseMotion scene=combat
[DEBUG] Event: MouseMotion scene=combat
[DEBUG] Event: MouseMotion scene=combat
[DEBUG] Event: MouseButtonDown scene=combat
[DEBUG] Event: MouseButtonUp scene=combat
[DEBUG] frame=36900 scene=combat fps=13
[DEBUG] Event: KeyDown scene=combat
[DEBUG] Event: KeyUp scene=combat
[DEBUG] Event: KeyDown scene=combat
[DEBUG] Event: MouseMotion scene=combat
[DEBUG] Event: MouseMotion scene=combat
[DEBUG] Event: MouseMotion scene=combat
[DEBUG] frame=36960 scene=combat fps=13
[DEBUG] Event: MouseMotion scene=combat
[DEBUG] Event: MouseMotion scene=combat
[DEBUG] Event: MouseMotion scene=combat
[DEBUG] Event: KeyUp scene=combat
[DEBUG] Event: MouseMotion scene=combat
[DEBUG] Event: KeyDown scene=combat
[DEBUG] Event: KeyUp scene=combat
[DEBUG] frame=37020 scene=combat fps=13
[DEBUG] Event: MouseMotion scene=combat
[DEBUG] Event: MouseMotion scene=combat
[DEBUG] Event: MouseMotion scene=combat
[DEBUG] Event: MouseMotion scene=combat
[DEBUG] Event: MouseMotion scene=combat
[DEBUG] Event: MouseMotion scene=combat
[DEBUG] Event: MouseMotion scene=combat
[DEBUG] Event: MouseMotion scene=combat
[DEBUG] Event: MouseMotion scene=combat
[DEBUG] Event: MouseMotion scene=combat
[DEBUG] Event: MouseMotion scene=combat
[DEBUG] Event: MouseMotion scene=combat
[DEBUG] Event: MouseMotion scene=combat
[DEBUG] Event: MouseMotion scene=combat
[DEBUG] Event: MouseMotion scene=combat
[DEBUG] Event: MouseMotion scene=combat
[DEBUG] Event: MouseMotion scene=combat
[DEBUG] frame=37080 scene=combat fps=61
[DEBUG] Event: MouseMotion scene=combat
[DEBUG] Event: MouseMotion scene=combat
[DEBUG] Event: MouseMotion scene=combat
[DEBUG] Event: KeyDown scene=combat
[DEBUG] frame=37140 scene=combat fps=61
[DEBUG] Event: KeyDown scene=combat
[DEBUG] Event: KeyUp scene=combat
[DEBUG] Event: MouseMotion scene=combat
[DEBUG] Event: KeyUp scene=combat
[DEBUG] frame=37200 scene=combat fps=58
[DEBUG] Event: KeyDown scene=combat
[DEBUG] Event: KeyUp scene=combat
[DEBUG] frame=37260 scene=combat fps=61
[DEBUG] Event: MouseMotion scene=combat
[DEBUG] Event: MouseMotion scene=combat
[DEBUG] Event: MouseMotion scene=combat
[DEBUG] Event: MouseMotion scene=combat
[DEBUG] Event: MouseMotion scene=combat
[DEBUG] Event: MouseMotion scene=combat
[DEBUG] Event: MouseMotion scene=combat
[DEBUG] Event: MouseMotion scene=combat
[DEBUG] Event: MouseMotion scene=combat
[DEBUG] Event: MouseMotion scene=combat
[DEBUG] Event: MouseMotion scene=combat
[DEBUG] Event: MouseMotion scene=combat
[DEBUG] Event: MouseMotion scene=combat
[DEBUG] Event: MouseMotion scene=combat
[DEBUG] Event: MouseMotion scene=combat
[DEBUG] Event: MouseMotion scene=combat
[DEBUG] Event: MouseMotion scene=combat
[DEBUG] Event: MouseMotion scene=combat
[DEBUG] Event: MouseMotion scene=combat
[DEBUG] Event: MouseMotion scene=combat
[DEBUG] Event: MouseMotion scene=combat
[DEBUG] Event: MouseMotion scene=combat
[DEBUG] Event: MouseMotion scene=combat
[DEBUG] Event: MouseMotion scene=combat
[DEBUG] Event: MouseMotion scene=combat
[DEBUG] Event: MouseMotion scene=combat
[DEBUG] Event: MouseMotion scene=combat
[DEBUG] Event: MouseMotion scene=combat
[DEBUG] Event: MouseMotion scene=combat
[DEBUG] Event: MouseMotion scene=combat
[DEBUG] Event: MouseMotion scene=combat
[DEBUG] Event: MouseMotion scene=combat
[DEBUG] Event: MouseMotion scene=combat
[DEBUG] Event: MouseMotion scene=combat
[DEBUG] Event: MouseMotion scene=combat
[DEBUG] Event: MouseMotion scene=combat
[DEBUG] Event: MouseMotion scene=combat
[DEBUG] frame=37320 scene=combat fps=60
[DEBUG] Event: MouseMotion scene=combat
[DEBUG] Event: MouseMotion scene=combat
[DEBUG] Event: MouseMotion scene=combat
[DEBUG] Event: MouseMotion scene=combat
[DEBUG] Event: MouseMotion scene=combat
[DEBUG] frame=37380 scene=combat fps=60
[DEBUG] Event: MouseMotion scene=combat
[DEBUG] Event: MouseMotion scene=combat
[DEBUG] Event: MouseMotion scene=combat
[DEBUG] Event: MouseMotion scene=combat
[DEBUG] Event: MouseMotion scene=combat
[DEBUG] frame=37440 scene=combat fps=61
[DEBUG] Event: MouseMotion scene=combat
[DEBUG] Event: MouseMotion scene=combat
[DEBUG] Event: MouseMotion scene=combat
[DEBUG] frame=37500 scene=combat fps=61
[DEBUG] Event: KeyDown scene=combat
[DEBUG] Event: MouseMotion scene=combat
[DEBUG] Event: MouseMotion scene=combat
[DEBUG] Event: MouseMotion scene=combat
[DEBUG] Event: MouseMotion scene=combat
[DEBUG] Event: MouseMotion scene=combat
[DEBUG] Event: MouseMotion scene=combat
[DEBUG] Event: MouseMotion scene=combat
[DEBUG] Event: MouseMotion scene=combat
[DEBUG] Event: MouseMotion scene=combat
[DEBUG] Event: KeyDown scene=combat
[DEBUG] Event: MouseMotion scene=combat
[DEBUG] Event: KeyUp scene=combat
[DEBUG] Event: MouseMotion scene=combat
[DEBUG] Event: MouseMotion scene=combat
[DEBUG] Event: MouseMotion scene=combat
[DEBUG] Event: KeyDown scene=combat
[DEBUG] Event: MouseMotion scene=combat
[DEBUG] Event: MouseMotion scene=combat
[DEBUG] Event: MouseMotion scene=combat
[DEBUG] Event: MouseMotion scene=combat
[DEBUG] Event: MouseMotion scene=combat
[DEBUG] Event: MouseMotion scene=combat
[DEBUG] Event: MouseMotion scene=combat
[DEBUG] Event: MouseMotion scene=combat
[DEBUG] Event: MouseMotion scene=combat
[DEBUG] Event: MouseMotion scene=combat
[DEBUG] Event: MouseMotion scene=combat
[DEBUG] Event: MouseMotion scene=combat
[DEBUG] Event: MouseMotion scene=combat
[DEBUG] Event: MouseMotion scene=combat
[DEBUG] Event: MouseMotion scene=combat
[DEBUG] Event: MouseMotion scene=combat
[DEBUG] Event: MouseMotion scene=combat
[DEBUG] Event: MouseMotion scene=combat
[DEBUG] Event: MouseMotion scene=combat
[DEBUG] Event: MouseMotion scene=combat
[DEBUG] Event: MouseMotion scene=combat
[DEBUG] Event: MouseMotion scene=combat
[DEBUG] Event: MouseMotion scene=combat
[DEBUG] Event: MouseMotion scene=combat
[DEBUG] Event: MouseMotion scene=combat
[DEBUG] frame=37560 scene=combat fps=61
[DEBUG] Event: MouseButtonDown scene=combat
[DEBUG] Event: MouseMotion scene=combat
[DEBUG] Event: MouseMotion scene=combat
[DEBUG] Event: KeyUp scene=combat
[DEBUG] Event: KeyUp scene=combat
[DEBUG] Event: MouseButtonUp scene=combat
[DEBUG] Event: MouseMotion scene=combat
[DEBUG] Event: MouseMotion scene=combat
[DEBUG] Event: KeyDown scene=combat
[DEBUG] Event: MouseMotion scene=combat
[DEBUG] Event: MouseMotion scene=combat
[DEBUG] Event: MouseMotion scene=combat
[DEBUG] Event: KeyDown scene=combat
[DEBUG] Event: KeyUp scene=combat
[DEBUG] Event: MouseMotion scene=combat
[DEBUG] Event: MouseMotion scene=combat
[DEBUG] Event: MouseMotion scene=combat
[DEBUG] Event: KeyDown scene=combat
[DEBUG] Event: MouseButtonDown scene=combat
[DEBUG] Event: MouseButtonUp scene=combat
[DEBUG] Event: MouseMotion scene=combat
[DEBUG] Event: MouseMotion scene=combat
[DEBUG] Event: MouseMotion scene=combat
[DEBUG] Event: MouseMotion scene=combat
[DEBUG] Event: KeyUp scene=combat
[DEBUG] Event: MouseButtonDown scene=combat
[DEBUG] Event: MouseMotion scene=combat
[DEBUG] Event: MouseMotion scene=combat
[DEBUG] Event: MouseMotion scene=combat
[DEBUG] Event: MouseButtonUp scene=combat
[DEBUG] Event: MouseMotion scene=combat
[DEBUG] Event: MouseMotion scene=combat
[DEBUG] Event: KeyDown scene=combat
[DEBUG] Event: MouseMotion scene=combat
[DEBUG] Event: MouseMotion scene=combat
[DEBUG] frame=37620 scene=combat fps=61
[DEBUG] Event: MouseMotion scene=combat
[DEBUG] Event: MouseMotion scene=combat
[DEBUG] Event: MouseMotion scene=combat
[DEBUG] Event: MouseMotion scene=combat
[DEBUG] Event: MouseMotion scene=combat
[DEBUG] Event: MouseMotion scene=combat
[DEBUG] Event: MouseMotion scene=combat
[DEBUG] Event: MouseMotion scene=combat
[DEBUG] Event: MouseMotion scene=combat
[DEBUG] Event: KeyUp scene=combat
[DEBUG] Event: MouseMotion scene=combat
[DEBUG] Event: MouseMotion scene=combat
[DEBUG] Event: MouseMotion scene=combat
[DEBUG] Event: MouseMotion scene=combat
[DEBUG] Event: MouseMotion scene=combat
[DEBUG] Event: MouseMotion scene=combat
[DEBUG] Event: MouseMotion scene=combat
[DEBUG] Event: MouseMotion scene=combat
[DEBUG] Event: KeyUp scene=combat
[DEBUG] Event: MouseMotion scene=combat
[DEBUG] Event: MouseMotion scene=combat
[DEBUG] Event: MouseMotion scene=combat
[DEBUG] Event: MouseMotion scene=combat
[DEBUG] Event: MouseButtonDown scene=combat
[DEBUG] Event: MouseMotion scene=combat
[DEBUG] Event: MouseMotion scene=combat
[DEBUG] Event: MouseButtonUp scene=combat
[DEBUG] Event: MouseMotion scene=combat
[DEBUG] Event: MouseMotion scene=combat
[DEBUG] Event: MouseMotion scene=combat
[DEBUG] Event: MouseMotion scene=combat
[DEBUG] Event: MouseMotion scene=combat
[DEBUG] Event: MouseMotion scene=combat
[DEBUG] Event: KeyDown scene=combat
[DEBUG] Event: MouseButtonDown scene=combat
[DEBUG] Event: MouseButtonUp scene=combat
[DEBUG] Event: MouseMotion scene=combat
[DEBUG] Event: MouseMotion scene=combat
[DEBUG] Event: MouseMotion scene=combat
[DEBUG] Event: MouseMotion scene=combat
[DEBUG] Event: MouseMotion scene=combat
[DEBUG] Event: MouseMotion scene=combat
[DEBUG] Event: MouseButtonDown scene=combat
[DEBUG] Event: KeyDown scene=combat
[DEBUG] Event: MouseButtonUp scene=combat
[DEBUG] Event: MouseMotion scene=combat
[DEBUG] Event: MouseMotion scene=combat
[DEBUG] Event: KeyUp scene=combat
[DEBUG] Event: MouseButtonDown scene=combat
[DEBUG] frame=37680 scene=combat fps=61
[DEBUG] Event: KeyDown scene=combat
[DEBUG] Event: MouseMotion scene=combat
[DEBUG] Event: MouseMotion scene=combat
[DEBUG] Event: MouseButtonUp scene=combat
[DEBUG] Event: MouseMotion scene=combat
[DEBUG] Event: MouseMotion scene=combat
[DEBUG] Event: MouseMotion scene=combat
[DEBUG] Event: MouseMotion scene=combat
[DEBUG] Event: KeyUp scene=combat
[DEBUG] Event: MouseButtonDown scene=combat
[DEBUG] Event: KeyUp scene=combat
[DEBUG] Event: MouseMotion scene=combat
[DEBUG] Event: MouseButtonUp scene=combat
[DEBUG] Event: MouseMotion scene=combat
[DEBUG] Event: MouseMotion scene=combat
[DEBUG] Event: MouseButtonDown scene=combat
[DEBUG] Event: MouseButtonUp scene=combat
[DEBUG] Event: KeyDown scene=combat
[DEBUG] Event: MouseMotion scene=combat
[DEBUG] Event: MouseMotion scene=combat
[DEBUG] Event: MouseButtonDown scene=combat
[DEBUG] Event: MouseMotion scene=combat
[DEBUG] Event: MouseMotion scene=combat
[DEBUG] Event: MouseMotion scene=combat
[DEBUG] Event: MouseMotion scene=combat
[DEBUG] Event: MouseMotion scene=combat
[DEBUG] Event: MouseMotion scene=combat
[DEBUG] Event: MouseButtonUp scene=combat
[DEBUG] Event: KeyDown scene=combat
[DEBUG] Event: KeyUp scene=combat
[DEBUG] Event: MouseMotion scene=combat
[DEBUG] Event: MouseButtonDown scene=combat
[DEBUG] Event: MouseMotion scene=combat
[DEBUG] Event: KeyUp scene=combat
[DEBUG] Event: KeyDown scene=combat
[DEBUG] Event: MouseButtonUp scene=combat
[DEBUG] Event: MouseMotion scene=combat
[DEBUG] frame=37740 scene=combat fps=60
[DEBUG] Event: MouseMotion scene=combat
[DEBUG] Event: MouseMotion scene=combat
[DEBUG] Event: MouseMotion scene=combat
[DEBUG] Event: MouseMotion scene=combat
[DEBUG] Event: MouseMotion scene=combat
[DEBUG] Event: MouseMotion scene=combat
[DEBUG] Event: MouseMotion scene=combat
[DEBUG] Event: MouseMotion scene=combat
[DEBUG] Event: MouseMotion scene=combat
[DEBUG] Event: MouseButtonDown scene=combat
[DEBUG] Event: MouseButtonUp scene=combat
[DEBUG] Event: MouseMotion scene=combat
[DEBUG] Event: MouseMotion scene=combat
[DEBUG] Event: MouseMotion scene=combat
[DEBUG] Event: MouseMotion scene=combat
[DEBUG] Event: MouseMotion scene=combat
[DEBUG] Event: MouseMotion scene=combat
[DEBUG] Event: MouseButtonDown scene=combat
[DEBUG] Event: KeyUp scene=combat
[DEBUG] Event: MouseMotion scene=combat
[DEBUG] Event: MouseMotion scene=combat
[DEBUG] Event: MouseButtonUp scene=combat
[DEBUG] Event: MouseMotion scene=combat
[DEBUG] Event: MouseMotion scene=combat
[DEBUG] Event: MouseMotion scene=combat
[DEBUG] Event: MouseMotion scene=combat
[DEBUG] Event: MouseButtonDown scene=combat
[DEBUG] Event: MouseMotion scene=combat
[DEBUG] Event: KeyDown scene=combat
[DEBUG] Event: MouseButtonUp scene=combat
[DEBUG] Event: MouseMotion scene=combat
[DEBUG] Event: MouseMotion scene=combat
[DEBUG] Event: MouseMotion scene=combat
[DEBUG] Event: KeyUp scene=combat
[DEBUG] Event: MouseMotion scene=combat
[DEBUG] Event: MouseMotion scene=combat
[DEBUG] Event: MouseMotion scene=combat
[DEBUG] Event: MouseMotion scene=combat
[DEBUG] Event: MouseMotion scene=combat
[DEBUG] Event: MouseMotion scene=combat
[DEBUG] Event: KeyDown scene=combat
[DEBUG] Event: MouseMotion scene=combat
[DEBUG] Event: MouseMotion scene=combat
[DEBUG] Event: MouseMotion scene=combat
[DEBUG] Event: MouseMotion scene=combat
[DEBUG] Event: MouseMotion scene=combat
[DEBUG] Event: MouseMotion scene=combat
[DEBUG] Event: MouseMotion scene=combat
[DEBUG] Event: MouseMotion scene=combat
[DEBUG] Event: MouseMotion scene=combat
[DEBUG] Event: MouseMotion scene=combat
[DEBUG] Event: MouseMotion scene=combat
[DEBUG] Event: MouseMotion scene=combat
[DEBUG] Event: MouseMotion scene=combat
[DEBUG] frame=37800 scene=combat fps=61
[DEBUG] Event: KeyUp scene=combat
[DEBUG] Event: MouseMotion scene=combat
[DEBUG] Event: MouseMotion scene=combat
[DEBUG] Event: MouseMotion scene=combat
[DEBUG] Event: MouseMotion scene=combat
[DEBUG] Event: MouseMotion scene=combat
[DEBUG] Event: MouseMotion scene=combat
[DEBUG] Event: MouseMotion scene=combat
[DEBUG] Event: MouseMotion scene=combat
[DEBUG] Event: MouseMotion scene=combat
[DEBUG] Event: MouseButtonDown scene=combat
[DEBUG] Event: MouseMotion scene=combat
[DEBUG] Event: KeyDown scene=combat
[DEBUG] Event: MouseButtonUp scene=combat
[DEBUG] Event: MouseMotion scene=combat
[DEBUG] Event: MouseMotion scene=combat
[DEBUG] Event: MouseMotion scene=combat
[DEBUG] Event: MouseMotion scene=combat
[DEBUG] Event: MouseMotion scene=combat
[DEBUG] Event: KeyDown scene=combat
[DEBUG] Event: MouseMotion scene=combat
[DEBUG] Event: MouseMotion scene=combat
[DEBUG] Event: MouseMotion scene=combat
[DEBUG] Event: MouseMotion scene=combat
[DEBUG] Event: MouseMotion scene=combat
[DEBUG] Event: MouseMotion scene=combat
[DEBUG] Event: MouseMotion scene=combat
[DEBUG] Event: KeyUp scene=combat
[DEBUG] Event: MouseMotion scene=combat
[DEBUG] Event: MouseMotion scene=combat
[DEBUG] Event: MouseMotion scene=combat
[DEBUG] Event: MouseMotion scene=combat
[DEBUG] Event: MouseMotion scene=combat
[DEBUG] Event: KeyUp scene=combat
[DEBUG] Event: MouseMotion scene=combat
[DEBUG] Event: KeyDown scene=combat
[DEBUG] Event: MouseMotion scene=combat
[DEBUG] Event: MouseButtonDown scene=combat
[DEBUG] frame=37860 scene=combat fps=61
[DEBUG] Event: MouseMotion scene=combat
[DEBUG] Event: MouseButtonUp scene=combat
[DEBUG] Event: MouseMotion scene=combat
[DEBUG] Event: MouseMotion scene=combat
[DEBUG] Event: MouseMotion scene=combat
[DEBUG] Event: MouseButtonDown scene=combat
[DEBUG] Event: MouseButtonUp scene=combat
[DEBUG] Event: KeyUp scene=combat
[DEBUG] Event: KeyDown scene=combat
[DEBUG] Event: MouseButtonDown scene=combat
[DEBUG] Event: MouseButtonUp scene=combat
[DEBUG] Event: KeyDown scene=combat
[DEBUG] Event: MouseMotion scene=combat
[DEBUG] Event: MouseButtonDown scene=combat
[DEBUG] Event: MouseMotion scene=combat
[DEBUG] Event: MouseMotion scene=combat
[DEBUG] Event: MouseButtonUp scene=combat
[DEBUG] Event: KeyUp scene=combat
[DEBUG] Event: MouseMotion scene=combat
[DEBUG] Event: MouseMotion scene=combat
[DEBUG] Event: KeyUp scene=combat
[DEBUG] Event: MouseMotion scene=combat
[DEBUG] Event: MouseButtonDown scene=combat
[DEBUG] Event: MouseMotion scene=combat
[DEBUG] Event: MouseMotion scene=combat
[DEBUG] Event: KeyDown scene=combat
[DEBUG] Event: MouseButtonUp scene=combat
[DEBUG] Event: MouseMotion scene=combat
[DEBUG] Event: MouseMotion scene=combat
[DEBUG] Event: MouseMotion scene=combat
[DEBUG] Event: MouseMotion scene=combat
[DEBUG] Event: MouseMotion scene=combat
[DEBUG] Event: MouseMotion scene=combat
[DEBUG] Event: MouseMotion scene=combat
[DEBUG] Event: KeyUp scene=combat
[DEBUG] Event: MouseMotion scene=combat
[DEBUG] Event: MouseMotion scene=combat
[DEBUG] frame=37920 scene=combat fps=60
[DEBUG] Event: MouseMotion scene=combat
[DEBUG] Event: KeyDown scene=combat
[DEBUG] Event: MouseMotion scene=combat
[DEBUG] Event: MouseMotion scene=combat
[DEBUG] Event: MouseMotion scene=combat
[DEBUG] Event: MouseMotion scene=combat
[DEBUG] Event: MouseMotion scene=combat
[DEBUG] Event: MouseMotion scene=combat
[DEBUG] Event: MouseMotion scene=combat
[DEBUG] Event: MouseMotion scene=combat
[DEBUG] Event: KeyUp scene=combat
[DEBUG] Event: MouseMotion scene=combat
[DEBUG] Event: MouseMotion scene=combat
[DEBUG] Event: MouseMotion scene=combat
[DEBUG] Event: MouseMotion scene=combat
[DEBUG] Event: MouseMotion scene=combat
[DEBUG] Event: MouseMotion scene=combat
[DEBUG] Event: MouseMotion scene=combat
[DEBUG] Event: MouseMotion scene=combat
[DEBUG] Event: MouseMotion scene=combat
[DEBUG] Event: MouseMotion scene=combat
[DEBUG] Event: MouseMotion scene=combat
[DEBUG] Event: MouseMotion scene=combat
[DEBUG] Event: MouseMotion scene=combat
[DEBUG] Event: MouseMotion scene=combat
[DEBUG] Event: MouseMotion scene=combat
[DEBUG] Event: MouseMotion scene=combat
[DEBUG] Event: MouseMotion scene=combat
[DEBUG] Event: MouseMotion scene=combat
[DEBUG] Event: MouseMotion scene=combat
[DEBUG] Event: MouseMotion scene=combat
[DEBUG] Event: MouseMotion scene=combat
[DEBUG] Event: MouseMotion scene=combat
[DEBUG] Event: MouseMotion scene=combat
[DEBUG] Event: MouseMotion scene=combat
[DEBUG] Event: MouseMotion scene=combat
[DEBUG] Event: MouseMotion scene=combat
[DEBUG] Event: MouseMotion scene=combat
[DEBUG] Event: MouseMotion scene=combat
[DEBUG] Event: MouseMotion scene=combat
[DEBUG] Event: MouseMotion scene=combat
[DEBUG] Event: MouseMotion scene=combat
[DEBUG] Event: MouseMotion scene=combat
[DEBUG] Event: MouseMotion scene=combat
[DEBUG] Event: MouseMotion scene=combat
[DEBUG] Event: MouseMotion scene=combat
[DEBUG] Event: MouseMotion scene=combat
[DEBUG] frame=37980 scene=combat fps=60
[DEBUG] Event: MouseMotion scene=combat
[DEBUG] Event: MouseMotion scene=combat
[DEBUG] Event: MouseMotion scene=combat
[DEBUG] Event: MouseMotion scene=combat
[DEBUG] Event: MouseButtonDown scene=combat
[DEBUG] Event: MouseButtonUp scene=combat
[DEBUG] Event: MouseMotion scene=combat
[DEBUG] Event: MouseMotion scene=combat
[DEBUG] Event: MouseMotion scene=combat
[DEBUG] Event: MouseMotion scene=combat
[DEBUG] Event: MouseMotion scene=combat
[DEBUG] Event: MouseMotion scene=combat
[DEBUG] Event: MouseMotion scene=combat
[DEBUG] Event: MouseMotion scene=combat
[DEBUG] Event: MouseMotion scene=combat
[DEBUG] Event: MouseMotion scene=combat
[DEBUG] Event: MouseMotion scene=combat
[DEBUG] Event: MouseButtonDown scene=combat
[DEBUG] Event: MouseMotion scene=menu
[DEBUG] Event: MouseButtonUp scene=menu
[DEBUG] Event: MouseMotion scene=menu
[DEBUG] Event: MouseMotion scene=menu
[DEBUG] Event: MouseMotion scene=menu
[DEBUG] Event: MouseMotion scene=menu
[DEBUG] Event: MouseMotion scene=menu
[DEBUG] Event: MouseMotion scene=menu
[DEBUG] Event: MouseMotion scene=menu
[DEBUG] Event: MouseMotion scene=menu
[DEBUG] Event: MouseMotion scene=menu
[DEBUG] Event: MouseMotion scene=menu
[DEBUG] Event: MouseMotion scene=menu
[DEBUG] Event: MouseMotion scene=menu
[DEBUG] Event: MouseMotion scene=menu
[DEBUG] Event: MouseMotion scene=menu
[DEBUG] Event: MouseMotion scene=menu
[DEBUG] Event: MouseMotion scene=menu
[DEBUG] Event: MouseMotion scene=menu
[DEBUG] Event: MouseMotion scene=menu
[DEBUG] frame=38040 scene=menu fps=60
[DEBUG] Event: MouseMotion scene=menu
[DEBUG] Event: MouseMotion scene=menu
[DEBUG] Event: MouseMotion scene=menu
[DEBUG] Event: MouseMotion scene=menu
[DEBUG] Event: MouseMotion scene=menu
[DEBUG] Event: MouseMotion scene=menu
[DEBUG] Event: MouseMotion scene=menu
[DEBUG] Event: MouseMotion scene=menu
[DEBUG] Event: MouseMotion scene=menu
[DEBUG] Event: MouseMotion scene=menu
[DEBUG] Event: MouseMotion scene=menu
[DEBUG] Event: MouseMotion scene=menu
[DEBUG] Event: MouseMotion scene=menu
[DEBUG] Event: ActiveEvent scene=menu
[DEBUG] Event: WindowLeave scene=menu
[DEBUG] Event: ActiveEvent scene=menu
[DEBUG] Event: WindowEnter scene=menu
[DEBUG] Event: MouseMotion scene=menu
[DEBUG] Event: MouseMotion scene=menu
[DEBUG] Event: MouseMotion scene=menu
[DEBUG] Event: ActiveEvent scene=menu
[DEBUG] Event: WindowLeave scene=menu
[DEBUG] Event: WindowClose scene=menu
[DEBUG] QUIT event received, exiting
[DEBUG] Game loop ended. Total frames: 38092
